case,cores,T1,v1_reported_makespan,v1_valid,v1_makespan,v1_added,v1_spill,v1_partition,v1_xfers,v1_hits,v1_accesses,v1_hit_bytes,v1_miss_bytes,v1_hit_rate,v1_matches_report,v1_source,v2_reported_makespan,v2_valid,v2_makespan,v2_added,v2_spill,v2_partition,v2_xfers,v2_hits,v2_accesses,v2_hit_bytes,v2_miss_bytes,v2_hit_rate,v2_matches_report,v2_source,v1_speedup,v2_speedup,speedup_diff_v2_minus_v1,makespan_ratio_v1_over_v2,winner,winner_lex,v1_supp_best_reported,v1_supp_best_variant,v1best_makespan,v1best_added,v1best_source,v1best_speedup,winner_vs_v1best,merged_makespan,merged_added,merged_source,merged_speedup,v1_supp57_added,v1_supp57_makespan
case_001,2,233110,117407,True,117407,50304,0,50304,4,4,210,16384,837888,0.01917890320647288,True,official_reeval(regen),116868,True,116868,1152,0,1152,0,0,202,0,821504,0.0,True,official_reeval,1.9854863849685283,1.9946435294520313,0.009157144483503021,1.004612040935072,V2,V2,,,117407,50304,V1_main,1.9854863849685283,V2,116868,1152,V2,1.9946435294520313,,
case_002,2,261945,132532,True,132532,52224,0,52224,17,0,415,0,1248768,0.0,True,official_reeval(regen),125710,True,125710,3895296,649728,3245568,758,263,1496,1211904,2741760,0.30652680652680653,True,official_reeval,1.9764660610267708,2.0837244451515393,0.10725838412476851,1.0542677591281522,V2,V2,,,132532,52224,V1_main,1.9764660610267708,V2,125710,3895296,V2,2.0837244451515393,,
case_003,2,602212,515040,True,515040,1401098,0,1401098,1254,41,1493,206982,1881288,0.09911649355686765,True,official_reeval(regen),308247,True,308247,6608170,0,6608170,4652,51,4903,372870,4426456,0.07769215927403139,True,official_reeval,1.1692528735632184,1.953667026767495,0.7844141532042765,1.6708678429960389,V2,V2,,,515040,1401098,V1_main,1.1692528735632184,V2,308247,6608170,V2,1.953667026767495,,
case_004,2,392357,198998,True,198998,1425408,393216,1032192,64,48,259,215040,1075200,0.16666666666666666,True,official_reeval(regen),198622,True,198622,125952,0,125952,1,0,119,0,571392,0.0,True,official_reeval,1.9716630317892643,1.9753954748215203,0.003732443032256061,1.0018930430667297,V2,V2,,,198998,1425408,V1_main,1.9716630317892643,V2,198622,125952,V2,1.9753954748215203,,
case_005,2,95618,79151,True,79151,714118,0,714118,354,13,456,34662,658550,0.050002019584196464,True,official_reeval(regen),54071,True,54071,1318726,0,1318726,743,34,867,90630,932918,0.08854494366654031,True,official_reeval,1.208045381612361,1.768378613304729,0.5603332316923679,1.463834587856707,V2,V2,,,79151,714118,V1_main,1.208045381612361,V2,54071,1318726,V2,1.768378613304729,,
case_006,2,82837,40043,True,40043,550016,0,550016,74,15,220,60292,788126,0.07106402740158743,True,official_reeval(regen),38822,True,38822,16256,0,16256,0,7,138,16256,543264,0.029053474406634257,True,official_reeval,2.0687011462677622,2.1337643604141983,0.06506321414643601,1.0314512389882025,V2,V2,,,40043,550016,V1_main,2.0687011462677622,V2,38822,16256,V2,2.1337643604141983,,
case_007,2,1012562,511358,True,511358,3030528,1001472,2029056,264,177,1247,287232,2320896,0.11012956419316844,True,official_reeval(regen),507494,True,507494,27648,0,27648,0,0,561,0,907776,0.0,True,official_reeval,1.980143070021394,1.9952196479170197,0.015076577895625665,1.0076138831198005,V2,V2,,,511358,3030528,V1_main,1.980143070021394,V2,507494,27648,V2,1.9952196479170197,,
case_008,2,487605,218873,True,218873,626688,0,626688,17,0,449,0,2304216,0.0,True,official_reeval(regen),136244,True,136244,3538944,3538944,0,0,0,528,0,3760344,0.0,True,official_reeval,2.2277987691492327,3.5789098969495905,1.3511111278003578,1.6064780834385368,V2,V2,,,218873,626688,V1_main,2.2277987691492327,V2,136244,3538944,V2,3.5789098969495905,,
case_009,2,153261,106532,True,106532,215814,0,215814,70,13,401,23590,591306,0.038364211183679844,True,official_reeval(regen),86593,True,86593,406136,0,406136,353,107,779,177446,609540,0.22547542141791596,True,official_reeval,1.4386381556715353,1.7699005693300844,0.33126241365854914,1.2302611065559572,V2,V2,,,106532,215814,V1_main,1.4386381556715353,V2,86593,406136,V2,1.7699005693300844,,
case_010,2,86969,35535,True,35535,533884,0,533884,63,31,188,166592,568300,0.22668909173048557,True,official_reeval(regen),40554,True,40554,357408,0,357408,42,24,159,156672,484446,0.24437311072220713,True,official_reeval,2.447418038553539,2.1445233515806086,-0.3028946869729303,0.8762390886225773,V1,V1,,,35535,533884,V1_main,2.447418038553539,V1,35535,533884,V1_main,2.447418038553539,,
case_011,2,184697,92646,True,92646,360448,0,360448,0,0,264,0,901120,0.0,True,official_reeval(regen),92646,True,92646,180224,0,180224,0,0,264,0,720896,0.0,True,official_reeval,1.9935777043801135,1.9935777043801135,0.0,1.0,tie,V2,,,92646,360448,V1_main,1.9935777043801135,tie,92646,180224,V2,1.9935777043801135,,
case_012,2,59088,26450,True,26450,274140,0,274140,76,33,360,92548,574892,0.13866115306244756,True,official_reeval(regen),26349,True,26349,353348,0,353348,111,48,410,103616,608962,0.14541004633878676,True,official_reeval,2.2339508506616257,2.242513947398383,0.00856309673675737,1.0038331625488632,V2,V2,,,26450,274140,V1_main,2.2339508506616257,V2,26349,353348,V2,2.242513947398383,,
case_013,2,263949,133543,True,133543,1990656,0,1990656,484,3,1476,6144,3016704,0.0020325203252032522,True,official_reeval(regen),132198,True,132198,8192,0,8192,0,0,992,0,2031616,0.0,True,official_reeval,1.9765094389073183,1.9966187083011846,0.020109269393866258,1.0101741327402836,V2,V2,133543,full,133543,1990656,V1_main,1.9765094389073183,V2,132198,8192,V2,1.9966187083011846,,
case_014,2,17698626,11044723,True,11044723,115650152,79338912,36311240,2829,1020,15378,5709312,85815772,0.06237975154439629,True,official_reeval(regen),8805518,True,8805518,57665952,52183968,5481984,0,2010,12304,9343488,58216824,0.13829847322197092,True,official_reeval,1.6024508717873684,2.0099471717620703,0.4074962999747018,1.2542956586994656,V2,V2,11044723,full,11044723,115650152,V1_main,1.6024508717873684,V2,8805518,57665952,V2,2.0099471717620703,,
case_015,2,177362,82637,True,82637,982064,0,982064,78,35,324,371908,1189560,0.23817843209082734,True,official_reeval(regen),86830,True,86830,151816,0,151816,4,13,228,134400,893190,0.13079146352144339,True,official_reeval,2.1462783014872273,2.042635033974433,-0.10364326751279451,0.9517102383968674,V1,V1,,,82637,982064,V1_main,2.1462783014872273,V1,82637,982064,V1_main,2.1462783014872273,,
case_016,2,7715523,7715523,True,7715523,0,0,0,0,0,12,0,393216,0.0,True,official_reeval(regen),4794163,True,4794163,20261584,0,20261584,3043,12,3067,393216,10327400,0.036678489370386924,True,official_reeval,1.0,1.6093576709844868,0.6093576709844868,1.6093576709844868,V2,V2,,,7715523,0,V1_main,1.0,V2,4794163,20261584,V2,1.6093576709844868,,
case_017,2,162810,72979,True,72979,330014,0,330014,31,14,302,85250,657500,0.1147761696398519,True,official_reeval(regen),75942,True,75942,82944,0,82944,0,5,262,82944,535118,0.13420012878966836,True,official_reeval,2.2309157428849393,2.1438729556767004,-0.08704278720823888,0.960983382054726,V1,V1,,,72979,330014,V1_main,2.2309157428849393,V1,72979,330014,V1_main,2.2309157428849393,,
case_018,2,1004367,513532,True,513532,4312432,0,4312432,389,222,1045,1258496,3123660,0.2871864899378297,True,official_reeval(regen),499957,True,499957,2748416,1495040,1253376,4,346,912,1966080,2350356,0.4554868877935408,True,official_reeval,1.9558021700692458,2.0089067659818745,0.053104595912628616,1.0271523351008187,V2,V2,,,513532,4312432,V1_main,1.9558021700692458,V2,499957,2748416,V2,2.0089067659818745,,
case_019,2,81144,38433,True,38433,454192,0,454192,68,28,184,77344,367676,0.17379893038515123,True,official_reeval(regen),27585,True,27585,778864,0,778864,121,25,234,67616,534876,0.11222721629498815,True,official_reeval,2.111310592459605,2.9415986949429036,0.8302881024832987,1.3932572050027188,V2,V2,,,38433,454192,V1_main,2.111310592459605,V2,27585,778864,V2,2.9415986949429036,,
case_020,2,532746,267225,True,267225,204800,0,204800,21,7,317,28672,1269760,0.022082018927444796,True,official_reeval(regen),266580,True,266580,0,0,0,0,0,288,0,1179648,0.0,True,official_reeval,1.9936233511086163,1.9984469952734638,0.004823644164847485,1.0024195363493136,V2,V2,,,267225,204800,V1_main,1.9936233511086163,V2,266580,0,V2,1.9984469952734638,,
case_021,2,6567937,3414702,True,3414702,33538048,15880192,17657856,709,24,1888,100352,19216384,0.005195080576759966,True,official_reeval(regen),3147031,True,3147031,5222400,3481600,1740800,0,572,1576,2512896,5015552,0.3337867247007617,True,official_reeval,1.923429043002874,2.087026470346177,0.16359742734330296,1.0850550884309687,V2,V2,,,3414702,33538048,V1_main,1.923429043002874,V2,3147031,5222400,V2,2.087026470346177,,
case_022,2,56780,29683,True,29683,150888,0,150888,40,25,203,40704,268632,0.1315850725424781,True,official_reeval(regen),28463,True,28463,32572,0,32572,15,27,180,32512,213570,0.1321185621053145,True,official_reeval,1.9128794259340363,1.9948705336752977,0.0819911077412614,1.0428626638091558,V2,V2,,,29683,150888,V1_main,1.9128794259340363,V2,28463,32572,V2,1.9948705336752977,,
case_023,2,122614,47700,True,47700,820730,0,820730,104,28,266,163106,762934,0.17613278044144962,True,official_reeval(regen),49532,True,49532,1713202,141312,1571890,243,55,465,167970,1227922,0.12033165889624699,True,official_reeval,2.570524109014675,2.4754502140030685,-0.09507389501160635,0.9630138092546233,V1,V1,47700,full,47700,820730,V1_main,2.570524109014675,V1,47700,820730,V1_main,2.570524109014675,,
case_024,2,2555343,2555343,True,2555343,0,0,0,0,0,12,0,393216,0.0,True,official_reeval(regen),1570935,True,1570935,6819412,0,6819412,1015,12,1039,393216,3606314,0.0983155520773691,True,official_reeval,1.0,1.626638275931213,0.626638275931213,1.626638275931213,V2,V2,,,2555343,0,V1_main,1.0,V2,1570935,6819412,V2,1.626638275931213,,
case_025,2,4863026,2526474,True,2526474,13653504,8398848,5254656,689,157,5395,241152,11234304,0.021014589747021816,True,official_reeval(regen),2431840,True,2431840,27648,0,27648,0,0,2672,0,4150272,0.0,True,official_reeval,1.9248272493601755,1.9997310678334101,0.07490381847323468,1.0389145667478124,V2,V2,2526474,full,2526474,13653504,V1_main,1.9248272493601755,V2,2431840,27648,V2,1.9997310678334101,,
case_026,2,99203,43819,True,43819,462588,0,462588,60,20,182,119184,660588,0.1528446776750127,True,official_reeval(regen),51664,True,51664,147856,0,147856,6,14,122,135040,495294,0.21423562746099686,True,official_reeval,2.263926607179534,1.9201571694022916,-0.3437694377772422,0.8481534530814494,V1,V1,,,43819,462588,V1_main,2.263926607179534,V1,43819,462588,V1_main,2.263926607179534,,
case_027,2,2363952,1129219,True,1129219,3293184,0,3293184,104,150,644,614400,3244032,0.1592356687898089,True,official_reeval(regen),1115722,True,1115722,1105920,0,1105920,0,0,540,0,2949120,0.0,True,official_reeval,2.0934398021995735,2.118764351693343,0.0253245494937695,1.0120970994566747,V2,V2,,,1129219,3293184,V1_main,2.0934398021995735,V2,1115722,1105920,V2,2.118764351693343,,
case_028,2,43836040,22403578,True,22403578,249210552,245046840,4163712,248,2407,6847,44063928,205547136,0.17653034802976522,True,official_reeval(regen),20100883,True,20100883,104793648,22530048,82263600,8414,43,9860,2036376,56855064,0.03457847184582343,True,official_reeval,1.956653530967241,2.180801709059249,0.22414817809200782,1.1145569077736535,V2,V2,,,22403578,249210552,V1_main,1.956653530967241,V2,20100883,104793648,V2,2.180801709059249,,
case_029,2,37555,19390,True,19390,217152,0,217152,64,10,242,20480,356468,0.05433110137207254,True,official_reeval(regen),19740,True,19740,0,0,0,0,0,168,0,258132,0.0,True,official_reeval,1.9368231046931408,1.9024822695035462,-0.03434083518959463,0.9822695035460993,V1,V1,,,19390,217152,V1_main,1.9368231046931408,V1,19390,217152,V1_main,1.9368231046931408,,
case_030,2,2808034,1475382,True,1475382,12185024,6883328,5301696,285,588,2669,1855488,8716000,0.17551814843851687,True,official_reeval(regen),1402710,True,1402710,2588672,1742848,845824,0,675,1671,1772544,3209216,0.35580678314491265,True,official_reeval,1.9032589525966834,2.0018635355846897,0.09860458298800623,1.051808285390423,V2,V2,,,1475382,12185024,V1_main,1.9032589525966834,V2,1402710,2588672,V2,2.0018635355846897,,
case_031,2,1414369,801360,True,801360,5941126,366080,5575046,697,81,1389,243714,5042486,0.04610381748704173,True,official_reeval(regen),698768,True,698768,3563524,2009088,1554436,1,415,1424,1714176,4034166,0.298203551563216,True,official_reeval,1.76496081661176,2.024089540448332,0.2591287238365718,1.146818400384677,V2,V2,,,801360,5941126,V1_main,1.76496081661176,V2,698768,3563524,V2,2.024089540448332,,
case_032,2,41443,18703,True,18703,208980,0,208980,53,28,232,73728,346782,0.17532995648141542,True,official_reeval(regen),18904,True,18904,6144,0,6144,0,3,154,6144,279156,0.02153522607781283,True,official_reeval,2.2158477249639095,2.1922873465933135,-0.02356037837059599,0.9893673296656792,V1,V1,,,18703,208980,V1_main,2.2158477249639095,V1,18703,208980,V1_main,2.2158477249639095,,
case_033,2,1774196,1030551,True,1030551,7564168,2059264,5504904,433,18,1168,83968,6797044,0.01220285620777874,True,official_reeval(regen),883777,True,883777,5427208,3503616,1923592,8,326,1513,1801728,6474292,0.2177046454696823,True,official_reeval,1.7215994162346162,2.0075154705315934,0.2859160542969772,1.1660758313465953,V2,V2,,,1030551,7564168,V1_main,1.7215994162346162,V2,883777,5427208,V2,2.0075154705315934,,
case_034,2,842996,458985,True,458985,3370478,253988,3116490,241,363,1228,1395722,3291938,0.2977438636761199,True,official_reeval(regen),416143,True,416143,3935840,807944,3127896,209,282,1440,1015296,4357728,0.18896174668119853,True,official_reeval,1.836652613919845,2.025736345438948,0.18908373151910296,1.102950187796022,V2,V2,,,458985,3370478,V1_main,1.836652613919845,V2,416143,3935840,V2,2.025736345438948,,
case_035,2,169571,121903,True,121903,319340,0,319340,102,18,421,80388,516354,0.13471148335461555,True,official_reeval(regen),95406,True,95406,0,0,0,0,0,301,0,396878,0.0,True,official_reeval,1.39103221413747,1.7773620107750037,0.38632979663753364,1.2777288640127455,V2,V2,,,121903,319340,V1_main,1.39103221413747,V2,95406,0,V2,1.7773620107750037,,
case_036,2,931510,466667,True,466667,50304,0,50304,4,2,810,8192,3303680,0.002473525546881039,True,official_reeval(regen),466068,True,466068,1152,0,1152,0,0,802,0,3279104,0.0,True,official_reeval,1.9960914313632634,1.998656848356892,0.0025654169936286664,1.0012852201824627,V2,V2,,,466667,50304,V1_main,1.9960914313632634,V2,466068,1152,V2,1.998656848356892,,
case_037,2,210001,119613,True,119613,1941504,0,1941504,237,0,417,0,1503232,0.0,True,official_reeval(regen),105374,True,105374,204800,0,204800,0,0,280,0,737280,0.0,True,official_reeval,1.7556703702774783,1.992910964754114,0.2372405944766356,1.1351282099948754,V2,V2,,,119613,1941504,V1_main,1.7556703702774783,V2,105374,204800,V2,1.992910964754114,,
case_038,2,1364555,732665,True,732665,6739976,1685504,5054472,464,548,2322,1886208,5765646,0.24650339643176672,True,official_reeval(regen),669890,True,669890,5136384,3025920,2110464,0,715,2336,2406912,5517834,0.30372102777805116,True,official_reeval,1.8624541912060764,2.0369836838883995,0.1745294926823231,1.0937094149785787,V2,V2,,,732665,6739976,V1_main,1.8624541912060764,V2,669890,5136384,V2,2.0369836838883995,,
case_039,2,1435262,739163,True,739163,11464704,4022272,7442432,622,262,2160,1753088,9539584,0.1552412042074719,True,official_reeval(regen),710155,True,710155,13012992,4722688,8290304,499,838,2932,4972544,10199040,0.3277537796976242,True,official_reeval,1.9417395080652036,2.021054558511874,0.07931505044667042,1.0408474206335236,V2,V2,,,739163,11464704,V1_main,1.9417395080652036,V2,710155,13012992,V2,2.021054558511874,,
case_040,2,253454,170209,True,170209,685660,32768,652892,115,20,403,190468,1158770,0.14116708838618539,True,official_reeval(regen),122362,True,122362,0,0,0,0,0,266,0,911174,0.0,True,official_reeval,1.4890751957887067,2.071345679214135,0.5822704834254284,1.391028260407643,V2,V2,,,170209,685660,V1_main,1.4890751957887067,V2,122362,0,V2,2.071345679214135,,
case_041,2,6003957,3021944,True,3021944,28665224,19470336,9194888,539,1544,6266,7440384,22257860,0.25053279244388993,True,official_reeval(regen),2985015,True,2985015,16864256,12990464,3873792,9,1446,5480,5173248,16586752,0.23774117647058823,True,official_reeval,1.986786320328901,2.0113657720312963,0.024579451702395394,1.0123714621199558,V2,V2,,,3021944,28665224,V1_main,1.986786320328901,V2,2985015,16864256,V2,2.0113657720312963,,
case_042,2,1686740,945978,True,945978,9562656,327680,9234976,1021,292,1864,1035264,6634032,0.1349881397197344,True,official_reeval(regen),823352,True,823352,4899840,2903040,1996800,0,604,1705,2485248,4778784,0.342130651406822,True,official_reeval,1.7830647224354055,2.0486256182046074,0.26556089576920194,1.1489350848725697,V2,V2,945516,no_pollution,945516,9653792,V1_supp57,1.7839359672390525,V2,823352,4899840,V2,2.0486256182046074,9653792,945516
case_043,2,677656,448239,True,448239,2160736,16676,2144060,640,87,1118,282044,2370342,0.1063359556263681,True,official_reeval(regen),333725,True,333725,417800,49160,368640,0,126,512,417792,1431000,0.22598107304661638,True,official_reeval,1.5118184718420307,2.030582066072365,0.5187635942303341,1.3431388118960221,V2,V2,448239,full,448239,2160736,V1_main,1.5118184718420307,V2,333725,417800,V2,2.030582066072365,,
case_044,2,154407,51608,True,51608,537440,0,537440,91,31,190,382016,1036544,0.2692984434919919,True,official_reeval(regen),43294,True,43294,934240,0,934240,15,21,126,334528,1550720,0.17744508945242218,True,official_reeval,2.991919857386452,3.5664757241188156,0.5745558667323638,1.1920358479234998,V2,V2,,,51608,537440,V1_main,2.991919857386452,V2,43294,934240,V2,3.5664757241188156,,
case_045,2,125614,63849,True,63849,90112,0,90112,9,4,81,16384,315392,0.04938271604938271,True,official_reeval(regen),63059,True,63059,0,0,0,0,0,68,0,278528,0.0,True,official_reeval,1.9673604911588278,1.99200748505368,0.024646993894852143,1.0125279500150652,V2,V2,,,63849,90112,V1_main,1.9673604911588278,V2,63059,0,V2,1.99200748505368,,
case_046,2,276455,116343,True,116343,1282656,0,1282656,53,48,160,911680,1181568,0.43553367780597424,True,official_reeval(regen),107250,True,107250,930400,0,930400,0,0,108,0,1926336,0.0,True,official_reeval,2.3762065616324146,2.5776689976689977,0.2014624360365831,1.0847832167832168,V2,V2,,,116343,1282656,V1_main,2.3762065616324146,V2,107250,930400,V2,2.5776689976689977,,
case_047,2,326508,296476,True,296476,409382,0,409382,501,24,796,38982,642486,0.05720297945024565,True,official_reeval(regen),192860,True,192860,2513638,0,2513638,3443,75,3810,104454,1687510,0.05829023350915532,True,official_reeval,1.1012965636341558,1.6929793632686922,0.5916827996345364,1.5372601887379447,V2,V2,,,296476,409382,V1_main,1.1012965636341558,V2,192860,2513638,V2,1.6929793632686922,,
case_048,2,222220,211963,True,211963,161670,0,161670,74,7,250,10310,485862,0.02077908467225075,True,official_reeval(regen),135066,True,135066,953830,0,953830,318,42,529,112710,830742,0.1194655371974409,True,official_reeval,1.0483905209871534,1.6452697199887463,0.5968791990015929,1.5693290687515733,V2,V2,,,211963,161670,V1_main,1.0483905209871534,V2,135066,953830,V2,1.6452697199887463,,
case_049,2,196276,166302,True,166302,848422,0,848422,404,12,560,6694,573368,0.011540145708562188,True,official_reeval(regen),111141,True,111141,2724434,0,2724434,1124,31,1300,28294,1500590,0.018506309177151438,True,official_reeval,1.1802383615350387,1.7660089435941733,0.5857705820591346,1.4963154911328853,V2,V2,,,166302,848422,V1_main,1.1802383615350387,V2,111141,2724434,V2,1.7660089435941733,,
case_050,2,149690,112367,True,112367,234748,0,234748,198,16,402,8996,432176,0.02039113996355163,True,official_reeval(regen),80644,True,80644,350010,0,350010,225,62,475,123814,432398,0.22260217327206172,True,official_reeval,1.3321526782774302,1.856182729031298,0.5240300507538678,1.3933708645404494,V2,V2,,,112367,234748,V1_main,1.3321526782774302,V2,80644,350010,V2,1.856182729031298,,
case_051,2,607628,475254,True,475254,2392396,262160,2130236,106,9,137,294912,1474726,0.16665103258406522,True,official_reeval(regen),353515,True,353515,2097960,0,2097960,228,12,252,393216,1245588,0.23994083490155016,True,official_reeval,1.2785331633189831,1.7188181548166273,0.4402849914976441,1.3443672828592845,V2,V2,,,475254,2392396,V1_main,1.2785331633189831,V2,353515,2097960,V2,1.7188181548166273,,
case_052,2,180301,90199,True,90199,527676,0,527676,59,27,346,92416,1034586,0.0820016291009244,True,official_reeval(regen),77796,True,77796,1802920,0,1802920,245,52,562,177284,1635150,0.09781542389957372,True,official_reeval,1.9989246000509984,2.317612730731657,0.3186881306806586,1.1594297907347422,V2,V2,,,90199,527676,V1_main,1.9989246000509984,V2,77796,1802920,V2,2.317612730731657,,
case_053,2,1472686,784402,True,784402,7436164,5972576,1463588,36,246,770,4971120,4942424,0.5014473128883071,True,official_reeval(regen),704144,True,704144,10380914,0,10380914,3401,99,3862,920598,7931060,0.10400288849840335,True,official_reeval,1.877463341500914,2.091455724965348,0.21399238346443394,1.1139795269149493,V2,V2,,,784402,7436164,V1_main,1.877463341500914,V2,704144,10380914,V2,2.091455724965348,,
case_054,2,815051,499676,True,499676,490090,184416,305674,106,5,653,25600,1838460,0.013733463515122904,True,official_reeval(regen),436782,True,436782,1563950,0,1563950,534,96,982,205894,2285754,0.08263366253981301,True,official_reeval,1.631158991026185,1.866036146178185,0.23487715515199992,1.143994029057974,V2,V2,,,499676,490090,V1_main,1.631158991026185,V2,436782,1563950,V2,1.866036146178185,,
case_055,2,118835,56299,True,56299,560964,0,560964,122,47,342,210432,800958,0.2080621718624863,True,official_reeval(regen),56378,True,56378,389272,0,389272,57,48,279,225280,709736,0.24093705348357675,True,official_reeval,2.110783495266346,2.107825747632055,-0.002957747634290797,0.9985987441909965,V1,V1,,,56299,560964,V1_main,2.110783495266346,V1,56299,560964,V1_main,2.110783495266346,,
case_056,2,277285,264921,True,264921,842896,0,842896,501,38,760,38404,623772,0.057996665539071186,True,official_reeval(regen),151954,True,151954,467142,0,467142,322,70,613,69670,420262,0.1422034078198607,True,official_reeval,1.0466705168710673,1.824795661845032,0.7781251449739648,1.7434289324400805,V2,V2,,,264921,842896,V1_main,1.0466705168710673,V2,151954,467142,V2,1.824795661845032,,
case_057,2,59726,30510,True,30510,257068,0,257068,65,30,222,117632,406306,0.22451511438376295,True,official_reeval(regen),29738,True,29738,4096,4096,0,0,1,128,4096,336588,0.012022871634711345,True,official_reeval,1.957587676171747,2.00840675230345,0.05081907613170311,1.025960051113054,V2,V2,,,30510,257068,V1_main,1.957587676171747,V2,29738,4096,V2,2.00840675230345,,
case_058,2,4539717,2246063,True,2246063,37208064,28536832,8671232,266,1107,8617,5087232,36737024,0.12163353246498874,True,official_reeval(regen),2215800,True,2215800,35528704,30691328,4837376,13,1756,8361,7819264,34279424,0.185736524615684,True,official_reeval,2.0211886309511353,2.0487936636880586,0.027605032736923274,1.0136578211029876,V2,V2,,,2246063,37208064,V1_main,2.0211886309511353,V2,2215800,35528704,V2,2.0487936636880586,,
case_059,2,829473,422523,True,422523,4583424,0,4583424,507,187,1048,425984,3162112,0.1187214611872146,True,official_reeval(regen),369318,True,369318,360448,0,360448,0,0,528,0,1441792,0.0,True,official_reeval,1.9631428348279265,2.2459587672412393,0.2828159324133128,1.1440628401540136,V2,V2,,,422523,4583424,V1_main,1.9631428348279265,V2,369318,360448,V2,2.2459587672412393,,
case_060,2,888789,457925,True,457925,2266984,526380,1740604,291,45,1114,332800,3204060,0.0940947620205493,True,official_reeval(regen),420984,True,420984,4605344,1237532,3367812,326,547,2011,1429388,4379500,0.2460691271720164,True,official_reeval,1.9409051700605995,2.1112180035345762,0.17031283347397674,1.0877491781160329,V2,V2,,,457925,2266984,V1_main,1.9409051700605995,V2,420984,4605344,V2,2.1112180035345762,,
case_061,2,77191,46874,True,46874,240612,0,240612,55,10,324,18944,654870,0.02811458354976299,True,official_reeval(regen),42926,True,42926,19200,0,19200,0,6,265,19200,544036,0.0340887301237847,True,official_reeval,1.6467764645645773,1.798234170432838,0.15145770586826068,1.0919722312817406,V2,V2,,,46874,240612,V1_main,1.6467764645645773,V2,42926,19200,V2,1.798234170432838,,
case_062,2,2854809,1429456,True,1429456,113664,0,113664,31,1,4397,4608,13461504,0.0003421923120793886,True,official_reeval(regen),1429109,True,1429109,3393024,0,3393024,1103,1,5466,4608,15094272,0.0003051881993896236,True,official_reeval,1.9971296773038134,1.997614597626913,0.00048492032309965794,1.0002428086311121,V2,V2,,,1429456,113664,V1_main,1.9971296773038134,V2,1429109,3393024,V2,1.997614597626913,,
case_063,2,1070397,538204,True,538204,218112,0,218112,59,2,1701,9216,5137920,0.0017905102954341987,True,official_reeval(regen),536982,True,536982,1256448,0,1256448,409,0,2043,0,5647872,0.0,True,official_reeval,1.9888313724907285,1.9933573192397511,0.004525946749022625,1.0022756814939793,V2,V2,,,538204,218112,V1_main,1.9888313724907285,V2,536982,1256448,V2,1.9933573192397511,,
case_064,2,19116,15863,True,15863,28966,0,28966,43,12,117,6182,47014,0.11621174524400331,True,official_reeval(regen),12692,True,12692,53862,0,53862,70,18,152,11268,56936,0.16521025159814673,True,official_reeval,1.2050683981592385,1.5061456035297824,0.30107720537054394,1.2498424204223133,V2,V2,,,15863,28966,V1_main,1.2050683981592385,V2,12692,53862,V2,1.5061456035297824,,
case_065,2,53068,21038,True,21038,179728,0,179728,26,2,181,6656,386256,0.01694017998941239,True,official_reeval(regen),24941,True,24941,290792,0,290792,83,10,246,28160,431036,0.06132457599804876,True,official_reeval,2.522483125772412,2.127741469868891,-0.39474165590352106,0.8435106852171124,V1,V1,,,21038,179728,V1_main,2.522483125772412,V1,21038,179728,V1_main,2.522483125772412,,
case_066,2,359070,256845,True,256845,915290,0,915290,259,42,482,219130,1375196,0.13744365957777768,True,official_reeval(regen),190363,True,190363,1043792,0,1043792,286,75,549,346716,1415998,0.19669441554330425,True,official_reeval,1.3980026864451323,1.8862383971675167,0.4882357107223845,1.3492380347021218,V2,V2,,,256845,915290,V1_main,1.3980026864451323,V2,190363,1043792,V2,1.8862383971675167,,
case_067,2,63834834,32278957,True,32278957,247899520,241665024,6234496,202,645,2719,48032128,202049920,0.19206547764676016,True,official_reeval(regen),29799770,True,29799770,55370112,9093120,46276992,3505,45,3965,2704640,31881728,0.07819959586389644,True,official_reeval,1.9775990283700926,2.1421250566699004,0.16452602829980778,1.0831948367386728,V2,V2,,,32278957,247899520,V1_main,1.9775990283700926,V2,29799770,55370112,V2,2.1421250566699004,,
case_068,2,362095,233199,True,233199,1419878,0,1419878,457,80,945,618182,3159254,0.16365121738660826,True,official_reeval(regen),194144,True,194144,1319350,0,1319350,290,113,812,727754,3072636,0.19149455713755695,True,official_reeval,1.552729642922997,1.865084679413219,0.3123550364902219,1.2011651145541453,V2,V2,,,233199,1419878,V1_main,1.552729642922997,V2,194144,1319350,V2,1.865084679413219,,
case_069,2,25144,16521,True,16521,159910,0,159910,68,9,113,30822,178310,0.14738060172522618,True,official_reeval(regen),14269,True,14269,202950,0,202950,104,16,156,26982,201750,0.11796338072504066,True,official_reeval,1.5219417710792325,1.762141705795781,0.24019993471654866,1.15782465484617,V2,V2,,,16521,159910,V1_main,1.5219417710792325,V2,14269,202950,V2,1.762141705795781,,
case_070,2,117300,65015,True,65015,319556,0,319556,59,10,263,65536,559156,0.10490929930269637,True,official_reeval(regen),57992,True,57992,330996,0,330996,115,41,351,96896,561484,0.14717336492603056,True,official_reeval,1.8041990309928477,2.0226927852117536,0.21849375421890582,1.1211029107463097,V2,V2,,,65015,319556,V1_main,1.8041990309928477,V2,57992,330996,V2,2.0226927852117536,,
case_071,2,18919,11140,True,11140,132966,0,132966,57,8,100,9318,173286,0.05102845501741474,True,official_reeval(regen),11181,True,11181,112228,0,112228,61,10,106,16228,159462,0.09236723774830667,True,official_reeval,1.698294434470377,1.6920668992040069,-0.006227535266370099,0.9963330650210178,V1,V1,,,11140,132966,V1_main,1.698294434470377,V1,11140,132966,V1_main,1.698294434470377,,
case_072,2,23897828,12693281,True,12693281,174407422,124164800,50242622,2575,761,13629,6234112,108508296,0.054331368050076136,True,official_reeval(regen),11839532,True,11839532,101208112,92532784,8675328,12,1114,13213,9125888,102913086,0.0814527987376964,True,official_reeval,1.882714800058393,2.018477419546651,0.13576261948825796,1.072110029349133,V2,V2,,,12693281,174407422,V1_main,1.882714800058393,V2,11839532,101208112,V2,2.018477419546651,,
case_073,2,10081626,5196426,True,5196426,144878464,140726784,4151680,94,52,1765,7471616,140790784,0.050394543727877064,True,official_reeval(regen),4150254,True,4150254,9590656,0,9590656,1953,39,2092,1645824,8891648,0.1561877459793013,True,official_reeval,1.9401076817027703,2.429158793654557,0.48905111195178663,1.2520742103977252,V2,V2,5196261,no_moves,5196261,144878464,V1_supp57,1.9401692871085574,V2,4150254,9590656,V2,2.429158793654557,144878464,5196261
case_074,2,1682239,938425,True,938425,9957424,3149828,6807596,678,80,1750,368640,8785968,0.04026824523780811,True,official_reeval(regen),804801,True,804801,14872384,647180,14225204,1347,391,2358,2502660,10061750,0.19918643215240509,True,official_reeval,1.7926195487119376,2.0902546095245906,0.297635060812653,1.166033590912536,V2,V2,,,938425,9957424,V1_main,1.7926195487119376,V2,804801,14872384,V2,2.0902546095245906,,
case_075,2,1441809,1202057,True,1202057,1232486,0,1232486,387,28,684,221318,2325366,0.08690438232619359,True,official_reeval(regen),741076,True,741076,8101734,0,8101734,2231,68,2568,504966,5618166,0.08246857980523693,True,official_reeval,1.1994514403227134,1.9455615888248978,0.7461101485021844,1.622042813422645,V2,V2,,,1202057,1232486,V1_main,1.1994514403227134,V2,741076,8101734,V2,1.9455615888248978,,
case_076,2,6185113,3246266,True,3246266,51516424,34750464,16765960,2085,1691,13481,4548608,33044484,0.12099584679014963,True,official_reeval(regen),3086197,True,3086197,22683648,20571136,2112512,0,1791,11112,4058112,22894592,0.15056418829071844,True,official_reeval,1.9053007362920968,2.004121253439103,0.09882051714700624,1.0518660992801172,V2,V2,,,3246266,51516424,V1_main,1.9053007362920968,V2,3086197,22683648,V2,2.004121253439103,,
case_077,2,495320,263126,True,263126,1101612,0,1101612,131,11,481,40836,2683936,0.014986942026709024,True,official_reeval(regen),239218,True,239218,90112,0,90112,2,7,345,57344,2157644,0.025889079308781808,True,official_reeval,1.8824441522312505,2.070579973078949,0.18813582084769842,1.0999423120333753,V2,V2,,,263126,1101612,V1_main,1.8824441522312505,V2,239218,90112,V2,2.070579973078949,,
case_078,2,2296143,1070753,True,1070753,5086080,2380032,2706048,60,58,223,3577800,3406392,0.5122711403122938,True,official_reeval(regen),1028018,True,1028018,3052080,0,3052080,88,31,196,1976760,2815224,0.4125138982100107,True,official_reeval,2.144418927614492,2.233563030997512,0.08914410338302003,1.0415702837888052,V2,V2,,,1070753,5086080,V1_main,2.144418927614492,V2,1028018,3052080,V2,2.233563030997512,,
case_079,2,31052251,17092979,True,17092979,199495680,123971584,75524096,3017,7,9800,30720,106960896,0.00028712530148156654,True,official_reeval(regen),15082088,True,15082088,35573760,29515776,6057984,10,1845,8916,7895040,33368064,0.19133412745681955,True,official_reeval,1.8166670069623323,2.0588827621215313,0.24221575515919902,1.1333297485069707,V2,V2,,,17092979,199495680,V1_main,1.8166670069623323,V2,15082088,35573760,V2,2.0588827621215313,,
case_080,2,292138,158092,True,158092,1871872,0,1871872,218,14,511,86016,2797568,0.029829545454545456,True,official_reeval(regen),145371,True,145371,2412544,507904,1904640,0,99,652,610304,3706880,0.1413662239089184,True,official_reeval,1.8478986919009184,2.009603015732161,0.16170432383124278,1.0875071369117637,V2,V2,,,158092,1871872,V1_main,1.8478986919009184,V2,145371,2412544,V2,2.009603015732161,,
case_081,2,151795,76282,True,76282,671744,0,671744,164,0,844,0,1380692,0.0,True,official_reeval(regen),76860,True,76860,0,0,0,0,0,680,0,1044820,0.0,True,official_reeval,1.9899189848194856,1.9749544626593807,-0.01496452216010491,0.99247983346344,V1,V1,,,76282,671744,V1_main,1.9899189848194856,V1,76282,671744,V1_main,1.9899189848194856,,
case_082,2,721041,524999,True,524999,2022214,0,2022214,539,27,655,168070,1493478,0.10115266004954417,True,official_reeval(regen),382250,True,382250,3975878,0,3975878,1466,19,1580,135302,2498982,0.05136196400995489,True,official_reeval,1.3734140445981802,1.8863073904512753,0.5128933458530951,1.3734440810987574,V2,V2,,,524999,2022214,V1_main,1.3734140445981802,V2,382250,3975878,V2,1.8863073904512753,,
case_083,2,1057993,487333,True,487333,13570112,11951584,1618528,97,344,669,10756288,3369440,0.7614678691250462,True,official_reeval(regen),417497,True,417497,8084064,0,8084064,1280,35,1411,176160,5515424,0.03095096198176114,True,official_reeval,2.1709857530682304,2.5341331794000914,0.36314742633186103,1.1672730582495203,V2,V2,,,487333,13570112,V1_main,2.1709857530682304,V2,417497,8084064,V2,2.5341331794000914,,
case_084,2,2507412,1225721,True,1225721,460800,0,460800,50,0,4358,0,10158186,0.0,True,official_reeval(regen),686504,True,686504,9427968,9418752,9216,1,0,5331,0,14641770,0.0,True,official_reeval,2.0456629200282936,3.652436111078741,1.6067731910504475,1.7854535443347745,V2,V2,,,1225721,460800,V1_main,2.0456629200282936,V2,686504,9427968,V2,3.652436111078741,,
case_085,2,3187899,2910291,True,2910291,4537012,2252334,2284678,791,31,1960,180360,3834274,0.04492563954771468,True,official_reeval(regen),1623338,True,1623338,22091822,1011240,21080582,7818,291,8588,608822,12390910,0.046833427027572566,True,official_reeval,1.0953883993043994,1.9637925065513158,0.8684041072469164,1.7927819098671995,V2,V2,,,2910291,4537012,V1_main,1.0953883993043994,V2,1623338,22091822,V2,1.9637925065513158,,
case_086,2,118403,88641,True,88641,1087846,0,1087846,583,18,691,60006,835046,0.06704191488315762,True,official_reeval(regen),64839,True,64839,594822,0,594822,198,42,330,156006,540534,0.22397277973985702,True,official_reeval,1.3357588474859263,1.8261077437961721,0.4903488963102458,1.3670938786841254,V2,V2,,,88641,1087846,V1_main,1.3357588474859263,V2,64839,594822,V2,1.8261077437961721,,
case_087,2,3974071,2590236,True,2590236,24727306,12277536,12449770,1599,127,4431,800934,18052320,0.04248253378435362,True,official_reeval(regen),1980452,True,1980452,7985664,5962752,2022912,2,552,2634,2543616,11351516,0.183058066666801,True,official_reeval,1.5342505470543997,2.0066484822656645,0.47239793521126483,1.3079014285627726,V2,V2,,,2590236,24727306,V1_main,1.5342505470543997,V2,1980452,7985664,V2,2.0066484822656645,,
case_088,2,243623,160358,True,160358,665902,0,665902,222,16,472,218822,2053270,0.0963086001799223,True,official_reeval(regen),134246,True,134246,2465742,19584,2446158,771,46,1064,491014,2853862,0.1467958752432078,True,official_reeval,1.5192444405642376,1.8147505326043234,0.2955060920400858,1.1945085887102782,V2,V2,,,160358,665902,V1_main,1.5192444405642376,V2,134246,2465742,V2,1.8147505326043234,,
case_089,2,693092,347577,True,347577,304256,0,304256,8,0,156,0,674048,0.0,True,official_reeval(regen),303577,True,303577,3890304,0,3890304,893,42,1039,226984,2235480,0.09217759122569914,True,official_reeval,1.994067501589576,2.283084686916334,0.28901718532675824,1.144938516422522,V2,V2,,,347577,304256,V1_main,1.994067501589576,V2,303577,3890304,V2,2.283084686916334,,
case_090,2,1178363,517518,True,517518,17762208,15469344,2292864,48,202,480,13844448,5971776,0.6986420823664489,True,official_reeval(regen),424692,True,424692,3637440,0,3637440,705,35,820,380088,4646856,0.07561015201283325,True,official_reeval,2.2769507534037463,2.774629613931979,0.49767886052823274,1.2185725184368907,V2,V2,,,517518,17762208,V1_main,2.2769507534037463,V2,424692,3637440,V2,2.774629613931979,,
case_091,2,9186769,5327292,True,5327292,87839880,43840640,43999240,7014,218,15778,2303616,49964036,0.04407345483971616,True,official_reeval(regen),4576301,True,4576301,38449120,33039840,5409280,0,2815,12348,9695712,35286016,0.21554778864875979,True,official_reeval,1.7244725838193213,2.0074660735821355,0.28299348976281413,1.1641043716311492,V2,V2,,,5327292,87839880,V1_main,1.7244725838193213,V2,4576301,38449120,V2,2.0074660735821355,,
case_092,2,4815554,2118355,True,2118355,46789568,44646752,2142816,186,2564,3342,41745728,5768416,0.8785958134908207,True,official_reeval(regen),2046992,True,2046992,14648928,13718528,930400,0,1768,2896,8878080,5574848,0.6142755294982443,True,official_reeval,2.273251650455188,2.3525025989354136,0.07925094848022551,1.0348623736682898,V2,V2,,,2118355,46789568,V1_main,2.273251650455188,V2,2046992,14648928,V2,2.3525025989354136,,
case_093,2,74205,38804,True,38804,563200,0,563200,136,3,419,6144,851968,0.007159904534606206,True,official_reeval(regen),37827,True,37827,8192,0,8192,0,0,284,0,581632,0.0,True,official_reeval,1.9123028553757344,1.9616940280751844,0.04939117269945004,1.025828112194993,V2,V2,38804,full,38804,563200,V1_main,1.9123028553757344,V2,37827,8192,V2,1.9616940280751844,,
case_094,2,94892,41209,True,41209,314596,0,314596,32,11,147,53280,601986,0.08131049070148612,True,official_reeval(regen),42775,True,42775,737588,118784,618804,68,38,221,150816,781098,0.16183467573188084,True,official_reeval,2.3027008663156106,2.2183985973115137,-0.08430226900409687,0.9633898305084746,V1,V1,,,41209,314596,V1_main,2.3027008663156106,V1,41209,314596,V1_main,2.3027008663156106,,
case_095,2,2084853,985487,True,985487,2064384,368640,1695744,46,0,1904,0,9548700,0.0,True,official_reeval(regen),573788,True,573788,16588800,16588800,0,0,0,2298,0,16810908,0.0,True,official_reeval,2.1155560651738683,3.633490069503022,1.5179340043291538,1.7175106485322105,V2,V2,,,985487,2064384,V1_main,2.1155560651738683,V2,573788,16588800,V2,3.633490069503022,,
case_096,2,84194,37899,True,37899,382636,0,382636,89,34,237,112000,345578,0.24476701240007168,True,official_reeval(regen),31700,True,31700,627264,0,627264,157,29,301,74880,486836,0.13330579865982098,True,official_reeval,2.2215361882899285,2.65596214511041,0.4344259568204816,1.195552050473186,V2,V2,,,37899,382636,V1_main,2.2215361882899285,V2,31700,627264,V2,2.65596214511041,,
case_097,2,11491509,5997451,True,5997451,23674880,4079616,19595264,712,470,2181,2093056,15052800,0.12207357859531773,True,official_reeval(regen),5152906,True,5152906,2555904,0,2555904,0,0,1248,0,6815744,0.0,True,official_reeval,1.9160655084968599,2.2301025867733664,0.3140370782765065,1.1638968380172277,V2,V2,,,5997451,23674880,V1_main,1.9160655084968599,V2,5152906,2555904,V2,2.2301025867733664,,
case_098,2,177430,99721,True,99721,1063248,0,1063248,114,42,303,323588,1067742,0.23257458690605393,True,official_reeval(regen),89620,True,89620,0,0,0,0,0,147,0,697912,0.0,True,official_reeval,1.7792641469700465,1.9798036152644498,0.20053946829440328,1.1127092166927026,V2,V2,,,99721,1063248,V1_main,1.7792641469700465,V2,89620,0,V2,1.9798036152644498,,
case_099,2,1622999,915116,True,915116,9848972,3722240,6126732,1251,194,2925,798720,7096134,0.10116969864167216,True,official_reeval(regen),807949,True,807949,4911104,4296704,614400,0,505,1734,2068480,5376256,0.277844640830783,True,official_reeval,1.7735445560999916,2.00878892108289,0.23524436498289836,1.132640797872143,V2,V2,,,915116,9848972,V1_main,1.7735445560999916,V2,807949,4911104,V2,2.00878892108289,,
case_100,2,151223,64426,True,64426,815518,0,815518,96,40,308,196354,754804,0.20643678547623004,True,official_reeval(regen),75418,True,75418,174864,0,174864,5,13,189,156416,445230,0.259980121200839,True,official_reeval,2.347235588116599,2.0051314009918055,-0.3421041871247934,0.8542523005118141,V1,V1,,,64426,815518,V1_main,2.347235588116599,V1,64426,815518,V1_main,2.347235588116599,,
case_001,3,233110,80354,True,80354,100608,0,100608,8,8,219,32768,855424,0.03689292405245713,True,official_reeval(regen),78545,True,78545,2304,0,2304,0,0,203,0,822656,0.0,True,official_reeval,2.9010379072603727,2.9678528232223567,0.06681491596198397,1.023031383283468,V2,V2,,,80354,100608,V1_main,2.9010379072603727,V2,78545,2304,V2,2.9678528232223567,,
case_002,3,261945,89663,True,89663,150528,0,150528,37,8,443,36864,1279488,0.028004667444574097,True,official_reeval(regen),89986,True,89986,3565056,69120,3495936,736,143,1417,658944,2998272,0.18017639647207057,True,official_reeval,2.9214391666573727,2.910952814882315,-0.010486351775057745,0.9964105527526504,V1,V1,,,89663,150528,V1_main,2.9214391666573727,V1,89663,150528,V1_main,2.9214391666573727,,
case_003,3,602212,505661,True,505661,1628238,0,1628238,1302,93,1561,354250,1909032,0.15652048662075693,True,official_reeval(regen),234008,True,234008,2625320,0,2625320,892,390,1221,1185548,1888660,0.38564339172886153,True,official_reeval,1.1909401753348587,2.5734675737581623,1.3825273984233035,2.1608705685275718,V2,V2,,,505661,1628238,V1_main,1.1909401753348587,V2,234008,2625320,V2,2.5734675737581623,,
case_004,3,392357,137733,True,137733,1643520,0,1643520,97,91,304,414720,1102848,0.2732793522267207,True,official_reeval(regen),130926,True,130926,2101248,1880064,221184,0,0,273,0,1612800,0.0,True,official_reeval,2.848678239782768,2.9967844431205415,0.14810620333777358,1.0519912011365198,V2,V2,,,137733,1643520,V1_main,2.848678239782768,V2,130926,2101248,V2,2.9967844431205415,,
case_005,3,95618,72130,True,72130,667114,0,667114,327,33,434,53578,617718,0.07981278005529602,True,official_reeval(regen),44708,True,44708,787308,0,787308,282,125,429,245964,551094,0.30858983913341315,True,official_reeval,1.3256342714543186,2.1387223763084906,0.813088104854172,1.6133577883152903,V2,V2,,,72130,667114,V1_main,1.3256342714543186,V2,44708,787308,V2,2.1387223763084906,,
case_006,3,82837,29034,True,29034,716630,0,716630,66,31,227,235140,784008,0.23072213260488172,True,official_reeval(regen),31151,True,31151,0,0,0,0,0,131,0,543264,0.0,True,official_reeval,2.8531032582489497,2.6592083721228854,-0.19389488612606431,0.932040704953292,V1,V1,,,29034,716630,V1_main,2.8531032582489497,V1,29034,716630,V1_main,2.8531032582489497,,
case_007,3,1012562,341630,True,341630,2807808,172032,2635776,350,182,1282,310272,2262528,0.12059701492537313,True,official_reeval(regen),338094,True,338094,55296,0,55296,0,0,564,0,935424,0.0,True,official_reeval,2.9639141761554897,2.994912657426633,0.03099848127114324,1.0104586298485037,V2,V2,,,341630,2807808,V1_main,2.9639141761554897,V2,338094,55296,V2,2.994912657426633,,
case_008,3,487605,112870,True,112870,3347712,1261824,2085888,112,0,600,0,3664728,0.0,True,official_reeval(regen),110229,True,110229,3317760,3317760,0,0,0,522,0,3649752,0.0,True,official_reeval,4.320058474351023,4.4235636719919444,0.10350519764092159,1.023959212185541,V2,V2,,,112870,3347712,V1_main,4.320058474351023,V2,110229,3317760,V2,4.4235636719919444,,
case_009,3,153261,101604,True,101604,243500,0,243500,294,27,639,29772,602058,0.04712026969279711,True,official_reeval(regen),62859,True,62859,598164,0,598164,506,283,1013,265718,647384,0.2910058241028932,True,official_reeval,1.5084150230305893,2.438171144943445,0.9297561219128556,1.6163795160597527,V2,V2,,,101604,243500,V1_main,1.5084150230305893,V2,62859,598164,V2,2.438171144943445,,
case_010,3,86969,27101,True,27101,625832,0,625832,79,47,219,229506,586848,0.28113538979413344,True,official_reeval(regen),26740,True,26740,679684,0,679684,86,42,226,246656,610384,0.28779986931765145,True,official_reeval,3.209069776023025,3.2523934181002243,0.04332364207719941,1.0135003739715782,V2,V2,,,27101,625832,V1_main,3.209069776023025,V2,26740,679684,V2,3.2523934181002243,,
case_011,3,184697,70417,True,70417,2129920,0,2129920,168,194,555,692224,1290240,0.34917355371900827,True,official_reeval(regen),63957,True,63957,692224,0,692224,4,205,385,659456,557056,0.5420875420875421,True,official_reeval,2.622903560219833,2.8878308863767845,0.26492732615695136,1.101005362978251,V2,V2,,,70417,2129920,V1_main,2.622903560219833,V2,63957,692224,V2,2.8878308863767845,,
case_012,3,59088,22067,True,22067,147300,0,147300,31,13,295,37568,538962,0.0651622638891298,True,official_reeval(regen),19596,True,19596,9216,0,9216,0,8,259,9216,484096,0.01868188894654904,True,official_reeval,2.6776634794036345,3.015309246785058,0.3376457673814235,1.1260971626862626,V2,V2,,,22067,147300,V1_main,2.6776634794036345,V2,19596,9216,V2,3.015309246785058,,
case_013,3,263949,92127,True,92127,606208,0,606208,144,7,1140,14336,2320384,0.0061403508771929825,True,official_reeval(regen),88351,True,88351,16384,0,16384,0,0,996,0,2039808,0.0,True,official_reeval,2.8650558468201504,2.98750438591527,0.12244853909511955,1.0427386220869033,V2,V2,92127,full,92127,606208,V1_main,2.8650558468201504,V2,88351,16384,V2,2.98750438591527,,
case_014,3,17698626,8657412,True,8657412,162824652,91690224,71134428,6295,96,16749,445440,98641974,0.004495424615683279,True,official_reeval(regen),5932257,True,5932257,53581560,39347616,14233944,11,2722,11116,12696576,50686032,0.20031640225343836,True,official_reeval,2.0443321861082735,2.9834557066559997,0.9391235205477262,1.4593791199538388,V2,V2,8657412,full,8657412,162824652,V1_main,2.0443321861082735,V2,5932257,53581560,V2,2.9834557066559997,,
case_015,3,177362,62721,True,62721,714864,0,714864,46,32,289,350208,1066810,0.24714435525871936,True,official_reeval(regen),60250,True,60250,258568,57352,201216,0,17,230,258560,884486,0.2262026200170422,True,official_reeval,2.8277929242199584,2.9437676348547717,0.11597471063481324,1.04101244813278,V2,V2,,,62721,714864,V1_main,2.8277929242199584,V2,60250,258568,V2,2.9437676348547717,,
case_016,3,7715523,7715523,True,7715523,0,0,0,0,0,12,0,393216,0.0,True,official_reeval(regen),3680632,True,3680632,39663896,0,39663896,4254,314,4276,328288,20060716,0.01610122789715476,True,official_reeval,1.0,2.0962495028027797,1.0962495028027797,2.0962495028027797,V2,V2,,,7715523,0,V1_main,1.0,V2,3680632,39663896,V2,2.0962495028027797,,
case_017,3,162810,57893,True,57893,574510,0,574510,91,68,416,250754,696996,0.2645782115536798,True,official_reeval(regen),46638,True,46638,164736,0,164736,0,5,268,17280,682574,0.024690864094511142,True,official_reeval,2.812257094985577,3.4909301428020068,0.6786730478164298,1.2413268150435268,V2,V2,,,57893,574510,V1_main,2.812257094985577,V2,46638,164736,V2,3.4909301428020068,,
case_018,3,1004367,375518,True,375518,6326220,540672,5785548,572,256,1337,1184896,4191930,0.2203709028337536,True,official_reeval(regen),338555,True,338555,1822720,331776,1490944,0,297,783,1564672,1850644,0.4581338886357807,True,official_reeval,2.6746174617461747,2.96662876046728,0.2920112987211052,1.1091787154229003,V2,V2,,,375518,6326220,V1_main,2.6746174617461747,V2,338555,1822720,V2,2.96662876046728,,
case_019,3,81144,26038,True,26038,295308,0,295308,40,13,141,36096,308858,0.10464003896171664,True,official_reeval(regen),21216,True,21216,765736,0,765736,138,40,267,117824,507304,0.18847979933709577,True,official_reeval,3.1163683846685615,3.824660633484163,0.7082922488156016,1.2272812971342384,V2,V2,,,26038,295308,V1_main,3.1163683846685615,V2,21216,765736,V2,3.824660633484163,,
case_020,3,532746,178919,True,178919,344064,0,344064,36,10,336,40960,1335296,0.02976190476190476,True,official_reeval(regen),177950,True,177950,0,0,0,0,0,288,0,1179648,0.0,True,official_reeval,2.977582034328383,2.993796010115201,0.016213975786817603,1.0054453498173643,V2,V2,,,178919,344064,V1_main,2.977582034328383,V2,177950,0,V2,2.993796010115201,,
case_021,3,6567937,2248104,True,2248104,36114432,16939008,19175424,762,16,2012,77824,20586496,0.0037661050545094153,True,official_reeval(regen),2148392,True,2148392,37478400,0,37478400,1481,167,2111,1024000,20611072,0.047330556607345704,True,official_reeval,2.921544999697523,3.057140875594398,0.13559587589687494,1.0464123865663248,V2,V2,,,2248104,36114432,V1_main,2.921544999697523,V2,2148392,37478400,V2,3.057140875594398,,
case_022,3,56780,20555,True,20555,332004,0,332004,90,51,277,79876,339602,0.19041761427297738,True,official_reeval(regen),19072,True,19072,0,0,0,0,0,138,0,213540,0.0,True,official_reeval,2.762344928241304,2.9771392617449663,0.2147943335036624,1.0777579697986577,V2,V2,,,20555,332004,V1_main,2.762344928241304,V2,19072,0,V2,2.9771392617449663,,
case_023,3,122614,31581,True,31581,584280,0,584280,77,21,234,126468,676852,0.15743165861674052,True,official_reeval(regen),31825,True,31825,461440,0,461440,58,16,210,151840,619386,0.1968813292082995,True,official_reeval,3.8825243025869987,3.8527572663000784,-0.029767036286920234,0.9923330714846819,V1,V1,31278,no_pollution,31278,584280,V1_supp57,3.9201355585395485,V1,31278,584280,V1_supp57,3.9201355585395485,584280,31278
case_024,3,2555343,2555343,True,2555343,0,0,0,0,0,12,0,393216,0.0,True,official_reeval(regen),1207850,True,1207850,12948176,0,12948176,1396,110,1419,360646,6686882,0.05117340434830482,True,official_reeval,1.0,2.1156128658359896,1.1156128658359896,2.1156128658359896,V2,V2,,,2555343,0,V1_main,1.0,V2,1207850,12948176,V2,2.1156128658359896,,
case_025,3,4863026,1748252,True,1748252,18418176,6099456,12318720,1602,6,6951,24576,14648832,0.001674866534073066,True,official_reeval(regen),1622164,True,1622164,55296,0,55296,0,0,2675,0,4177920,0.0,True,official_reeval,2.7816504714423322,2.9978633479722148,0.21621287652988253,1.0777282691515777,V2,V2,1748252,full,1748252,18418176,V1_main,2.7816504714423322,V2,1622164,55296,V2,2.9978633479722148,,
case_026,3,99203,33749,True,33749,711220,0,711220,97,35,230,284296,702344,0.2881456255574475,True,official_reeval(regen),37319,True,37319,1281696,401408,880288,106,58,276,448742,897168,0.3334115951289462,True,official_reeval,2.9394352425257044,2.658243790026528,-0.28119145249917654,0.9043382727297087,V1,V1,,,33749,711220,V1_main,2.9394352425257044,V1,33749,711220,V1_main,2.9394352425257044,,
case_027,3,2363952,874763,True,874763,9517056,0,9517056,319,349,1039,1624064,5816320,0.21827690613817782,True,official_reeval(regen),744658,True,744658,17143808,0,17143808,553,668,1608,3407872,8783872,0.27952292961532,True,official_reeval,2.7023913905823633,3.1745472418210774,0.47215585123871406,1.1747177899116104,V2,V2,,,874763,9517056,V1_main,2.7023913905823633,V2,744658,17143808,V2,3.1745472418210774,,
case_028,3,43836040,14902890,True,14902890,274934328,269113656,5820672,134,3117,7417,99533808,176131272,0.3610678871622042,True,official_reeval(regen),13409448,True,13409448,58868616,24355464,34513152,2570,112,4083,4215792,32335896,0.11533781969248588,True,official_reeval,2.9414455853864587,3.2690413505462717,0.3275957651598129,1.1113723696903854,V2,V2,,,14902890,274934328,V1_main,2.9414455853864587,V2,13409448,58868616,V2,3.2690413505462717,,
case_029,3,37555,12908,True,12908,170156,0,170156,70,29,267,59392,313514,0.15926801928636172,True,official_reeval(regen),12743,True,12743,0,0,0,0,0,168,0,258132,0.0,True,official_reeval,2.9094360086767894,2.9471082162756024,0.03767220759881296,1.012948285333124,V2,V2,,,12908,170156,V1_main,2.9094360086767894,V2,12743,0,V2,2.9471082162756024,,
case_030,3,2808034,1239201,True,1239201,24658332,5332992,19325340,2000,273,3890,702976,14781134,0.04539983247341953,True,official_reeval(regen),941995,True,941995,2201600,391168,1810432,0,726,1521,1948672,2646016,0.42411410742143973,True,official_reeval,2.266003658809184,2.9809436355819297,0.7149399767727456,1.3155069825211387,V2,V2,,,1239201,24658332,V1_main,2.266003658809184,V2,941995,2201600,V2,2.9809436355819297,,
case_031,3,1414369,614775,True,614775,5745424,163840,5581584,690,30,1303,99844,5011194,0.019534975087252333,True,official_reeval(regen),472498,True,472498,4404736,1486848,2917888,20,540,1532,2254848,4252788,0.3464926434115246,True,official_reeval,2.300628685291367,2.993386215391388,0.6927575301000211,1.3011166184830412,V2,V2,,,614775,5745424,V1_main,2.300628685291367,V2,472498,4404736,V2,2.993386215391388,,
case_032,3,41443,12409,True,12409,180382,0,180382,62,40,253,77830,330432,0.19063738481661285,True,official_reeval(regen),12830,True,12830,12288,0,12288,0,6,157,12288,279156,0.04216247375138963,True,official_reeval,3.3397534047868485,3.2301636788776307,-0.10958972590921778,0.967186282151208,V1,V1,,,12409,180382,V1_main,3.3397534047868485,V1,12409,180382,V1_main,3.3397534047868485,,
case_033,3,1774196,643897,True,643897,10189828,118272,10071556,772,31,1412,143872,8143410,0.01736057732800694,True,official_reeval(regen),602296,True,602296,4366848,2268672,2098176,0,420,1388,2021376,5235248,0.27855597864792225,True,official_reeval,2.7554034263243965,2.9457210408171397,0.1903176144927432,1.0690706894948663,V2,V2,,,643897,10189828,V1_main,2.7554034263243965,V2,602296,4366848,V2,2.9457210408171397,,
case_034,3,842996,330779,True,330779,5915452,793600,5121852,650,122,1640,408580,5232332,0.07243155007559061,True,official_reeval(regen),276722,True,276722,1867264,57344,1809920,7,390,1143,1291264,2812464,0.314656331998612,True,official_reeval,2.5485172879777735,3.0463642211316775,0.49784693315390394,1.1953476774524614,V2,V2,,,330779,5915452,V1_main,2.5485172879777735,V2,276722,1867264,V2,3.0463642211316775,,
case_035,3,169571,134893,True,134893,377850,0,377850,177,57,535,76374,547616,0.12239619224667062,True,official_reeval(regen),87679,True,87679,633974,0,633974,350,219,810,242460,571286,0.2979553816547178,True,official_reeval,1.2570778320594842,1.9339978786254406,0.6769200465659564,1.5384869809190342,V2,V2,,,134893,377850,V1_main,1.2570778320594842,V2,87679,633974,V2,1.9339978786254406,,
case_036,3,931510,313160,True,313160,100608,0,100608,8,2,819,8192,3337600,0.002448448678220284,True,official_reeval(regen),311345,True,311345,2304,0,2304,0,0,803,0,3280256,0.0,True,official_reeval,2.974549750926044,2.991890025534375,0.017340274608331097,1.0058295460020235,V2,V2,,,313160,100608,V1_main,2.974549750926044,V2,311345,2304,V2,2.991890025534375,,
case_037,3,210001,96202,True,96202,1732608,0,1732608,182,96,460,237568,1282048,0.15633423180592992,True,official_reeval(regen),74038,True,74038,491520,0,491520,0,154,380,356352,667648,0.348,True,official_reeval,2.1829171950687094,2.836394824279424,0.6534776292107147,1.2993597882168617,V2,V2,,,96202,1732608,V1_main,2.1829171950687094,V2,74038,491520,V2,2.836394824279424,,
case_038,3,1364555,594183,True,594183,10934936,1454080,9480856,1618,104,2993,361984,8392790,0.04134704105440072,True,official_reeval(regen),455607,True,455607,3649536,2548224,1101312,0,428,1924,1314816,5129226,0.2040359141048429,True,official_reeval,2.2965231250305043,2.995026415309686,0.6985032902791817,1.3041568720410355,V2,V2,,,594183,10934936,V1_main,2.2965231250305043,V2,455607,3649536,V2,2.995026415309686,,
case_039,3,1435262,535452,True,535452,15048704,2293760,12754944,834,686,2899,4235264,11198464,0.27441613588110403,True,official_reeval(regen),478152,True,478152,11722752,4575232,7147520,11,589,2666,3477504,12402688,0.21898375032241424,True,official_reeval,2.6804680905104474,3.001685656443976,0.32121756593352835,1.1198363700245948,V2,V2,,,535452,15048704,V1_main,2.6804680905104474,V2,478152,11722752,V2,3.001685656443976,,
case_040,3,253454,117335,True,117335,401448,0,401448,51,11,328,151552,1036122,0.1276040394923186,True,official_reeval(regen),110105,True,110105,0,0,0,0,0,266,0,911174,0.0,True,official_reeval,2.160088635104615,2.301929975932065,0.1418413408274497,1.0656645928886064,V2,V2,,,117335,401448,V1_main,2.160088635104615,V2,110105,0,V2,2.301929975932065,,
case_041,3,6003957,2424446,True,2424446,45602832,14611456,30991376,3647,111,6889,361472,28100616,0.012700122352232205,True,official_reeval(regen),2002428,True,2002428,18877440,10738688,8138752,5,1733,5758,6638592,17163264,0.2789106866288074,True,official_reeval,2.476424304769007,2.998338517040313,0.5219142122713061,1.2107531456811431,V2,V2,,,2424446,45602832,V1_main,2.476424304769007,V2,2002428,18877440,V2,2.998338517040313,,
case_042,3,1686740,748985,True,748985,8838448,0,8838448,653,698,1887,3271682,5299126,0.3817238701415316,True,official_reeval(regen),560553,True,560553,3895296,2052096,1843200,0,792,1612,2651136,3608352,0.4235387942272595,True,official_reeval,2.2520344199149513,3.0090642633256803,0.757029843410729,1.3361537624452995,V2,V2,726479,no_pollution,726479,9061672,V1_supp57,2.321801456064112,V2,560553,3895296,V2,3.0090642633256803,9061672,726479
case_043,3,677656,440897,True,440897,2259942,8196,2251746,659,104,1139,351806,2374760,0.12902896904017727,True,official_reeval(regen),271072,True,271072,92160,0,92160,0,30,414,92160,1430996,0.060505949489087135,True,official_reeval,1.5369939010698643,2.499911462637233,0.9629175615673686,1.6264940679966946,V2,V2,432948,no_pollution,432948,2429032,V1_supp57,1.5652133743544259,V2,271072,92160,V2,2.499911462637233,2429032,432948
case_044,3,154407,49314,True,49314,611136,0,611136,97,47,214,372480,1115168,0.2503818107509303,True,official_reeval(regen),43294,True,43294,934240,0,934240,15,21,126,334528,1550720,0.17744508945242218,True,official_reeval,3.131098673804599,3.5664757241188156,0.4353770503142167,1.1390492908948122,V2,V2,,,49314,611136,V1_main,3.131098673804599,V2,43294,934240,V2,3.5664757241188156,,
case_045,3,125614,44461,True,44461,655360,0,655360,70,20,158,81920,565248,0.12658227848101267,True,official_reeval(regen),42304,True,42304,0,0,0,0,0,68,0,278528,0.0,True,official_reeval,2.8252625896853423,2.9693173222390317,0.1440547325536894,1.0509880862329803,V2,V2,,,44461,655360,V1_main,2.8252625896853423,V2,42304,0,V2,2.9693173222390317,,
case_046,3,276455,80492,True,80492,2180288,0,2180288,50,93,208,1773952,1242528,0.5880867766403225,True,official_reeval(regen),80252,True,80252,1926336,0,1926336,4,88,162,1804928,1084576,0.6246497668804057,True,official_reeval,3.4345649257069026,3.444836265762847,0.010271340055944211,1.0029905796740268,V2,V2,,,80492,2180288,V1_main,3.4345649257069026,V2,80252,1926336,V2,3.444836265762847,,
case_047,3,326508,291374,True,291374,545194,0,545194,614,82,938,101322,672630,0.13091509550979905,True,official_reeval(regen),125303,True,125303,1305708,0,1305708,1163,480,1609,441804,815094,0.35150346328819043,True,official_reeval,1.120580422412432,2.6057476676536075,1.4851672452411755,2.32535533865909,V2,V2,,,291374,545194,V1_main,1.120580422412432,V2,125303,1305708,V2,2.6057476676536075,,
case_048,3,222220,186423,True,186423,218092,0,218092,83,12,261,6796,512758,0.01308044977037998,True,official_reeval(regen),111394,True,111394,744588,0,744588,285,56,512,98892,753286,0.11604617814588032,True,official_reeval,1.1920202979246124,1.9949009820995744,0.8028806841749621,1.6735461514982855,V2,V2,,,186423,218092,V1_main,1.1920202979246124,V2,111394,744588,V2,1.9949009820995744,,
case_049,3,196276,149644,True,149644,542378,0,542378,259,30,426,20010,410104,0.046522549835624975,True,official_reeval(regen),78742,True,78742,596948,0,596948,329,129,525,97676,369212,0.20920649063586985,True,official_reeval,1.3116195771297212,2.492646872063194,1.1810272949334726,1.900434329836682,V2,V2,,,149644,542378,V1_main,1.3116195771297212,V2,78742,596948,V2,2.492646872063194,,
case_050,3,149690,102632,True,102632,393736,0,393736,285,25,493,13352,508084,0.025606210541658035,True,official_reeval(regen),59258,True,59258,489526,0,489526,326,147,606,189966,453752,0.29510748495459194,True,official_reeval,1.4585119650791176,2.526072429039117,1.0675604639599996,1.7319518039758346,V2,V2,,,102632,393736,V1_main,1.4585119650791176,V2,59258,489526,V2,2.526072429039117,,
case_051,3,607628,453948,True,453948,3473972,196624,3277348,179,30,214,426018,1966328,0.17807541216864115,True,official_reeval(regen),275159,True,275159,3277908,0,3277908,315,47,351,786478,1638908,0.32426920910733387,True,official_reeval,1.3385409782618274,2.2082795765357486,0.8697385982739212,1.6497661352163657,V2,V2,,,453948,3473972,V1_main,1.3385409782618274,V2,275159,3277908,V2,2.2082795765357486,,
case_052,3,180301,60877,True,60877,878914,0,878914,93,34,390,139778,1201500,0.10421254952366325,True,official_reeval(regen),56051,True,56051,1113382,0,1113382,155,68,486,221192,1280328,0.14731205711545634,True,official_reeval,2.961726103454507,3.2167311912365526,0.2550050877820458,1.0861001587839647,V2,V2,,,60877,878914,V1_main,2.961726103454507,V2,56051,1113382,V2,3.2167311912365526,,
case_053,3,1472686,595400,True,595400,8542396,4773168,3769228,738,179,1390,4101664,6362928,0.3919564183677682,True,official_reeval(regen),521530,True,521530,14919760,0,14919760,4781,645,5412,2260634,9665018,0.18956062108805455,True,official_reeval,2.4734397044004033,2.823780031829425,0.35034032742902177,1.141640941077215,V2,V2,,,595400,8542396,V1_main,2.4734397044004033,V2,521530,14919760,V2,2.823780031829425,,
case_054,3,815051,499676,True,499676,490090,184416,305674,106,5,653,25600,1838460,0.013733463515122904,True,official_reeval(regen),328217,True,328217,2337720,0,2337720,958,404,1488,530124,2432156,0.17895809984201358,True,official_reeval,1.631158991026185,2.483268691140313,0.8521097001141278,1.5223952446095115,V2,V2,,,499676,490090,V1_main,1.631158991026185,V2,328217,2337720,V2,2.483268691140313,,
case_055,3,118835,38047,True,38047,609976,0,609976,97,41,311,152064,854648,0.15105015138391117,True,official_reeval(regen),33935,True,33935,115712,0,115712,0,10,183,115712,625692,0.15607145362042826,True,official_reeval,3.1233737219754514,3.5018417562988065,0.3784680343233551,1.12117283041108,V2,V2,,,38047,609976,V1_main,3.1233737219754514,V2,33935,115712,V2,3.5018417562988065,,
case_056,3,277285,249416,True,249416,877306,0,877306,492,50,752,31850,640126,0.047397526102122695,True,official_reeval(regen),117352,True,117352,865554,0,865554,540,280,917,254028,479674,0.34622776004426864,True,official_reeval,1.1117370176732848,2.362848524098439,1.2511115064251541,2.125366418978799,V2,V2,,,249416,877306,V1_main,1.1117370176732848,V2,117352,865554,V2,2.362848524098439,,
case_057,3,59726,27172,True,27172,502148,0,502148,116,66,309,243712,465806,0.3434895238739539,True,official_reeval(regen),21014,True,21014,14976,0,14976,1,4,132,14208,336972,0.04045788484537844,True,official_reeval,2.1980715442367145,2.842200437803369,0.6441288935666547,1.293042733415818,V2,V2,,,27172,502148,V1_main,2.1980715442367145,V2,21014,14976,V2,2.842200437803369,,
case_058,3,4539717,1764998,True,1764998,42926080,14024704,28901376,3460,0,6356,0,28364800,0.0,True,official_reeval(regen),1526307,True,1526307,29601792,25006080,4595712,0,0,8217,0,36225024,0.0,True,official_reeval,2.5720805349354503,2.9743144727764466,0.40223393784099626,1.1563846591806235,V2,V2,,,1764998,42926080,V1_main,2.5720805349354503,V2,1526307,29601792,V2,2.9743144727764466,,
case_059,3,829473,391296,True,391296,7061504,0,7061504,737,420,1514,1013760,4110336,0.19784172661870503,True,official_reeval(regen),246737,True,246737,11681792,0,11681792,1162,563,2218,1869824,6133760,0.2336233367451382,True,official_reeval,2.1198095559371932,3.3617698196865486,1.2419602637493554,1.5858829441875357,V2,V2,,,391296,7061504,V1_main,2.1198095559371932,V2,246737,11681792,V2,3.3617698196865486,,
case_060,3,888789,318806,True,318806,7523376,495652,7027724,1066,71,1987,299008,5884480,0.04835587940010557,True,official_reeval(regen),291593,True,291593,2512916,700436,1812480,3,712,1661,1808384,2794034,0.3929204170503418,True,official_reeval,2.787867856941212,3.048046420867442,0.26017856392622996,1.0933252855864166,V2,V2,,,318806,7523376,V1_main,2.787867856941212,V2,291593,2512916,V2,3.048046420867442,,
case_061,3,77191,31729,True,31729,338912,0,338912,84,28,371,48516,689234,0.06576211453744493,True,official_reeval(regen),29137,True,29137,33288,0,33288,4,8,275,16384,558888,0.028480440556814864,True,official_reeval,2.4328217088467965,2.6492432302570617,0.21642152141026516,1.088959055496448,V2,V2,,,31729,338912,V1_main,2.4328217088467965,V2,29137,33288,V2,2.6492432302570617,,
case_062,3,2854809,955175,True,955175,199680,0,199680,65,0,4427,0,13499904,0.0,True,official_reeval(regen),954913,True,954913,1769472,0,1769472,576,0,4938,0,14284800,0.0,True,official_reeval,2.9887811134085376,2.9896011469107657,0.0008200335022281457,1.0002743705447512,V2,V2,,,955175,199680,V1_main,2.9887811134085376,V2,954913,1769472,V2,2.9896011469107657,,
case_063,3,1070397,361679,True,361679,374784,0,374784,98,4,1748,18432,5225472,0.0035149384885764497,True,official_reeval(regen),361898,True,361898,721920,0,721920,235,0,1869,0,5380608,0.0,True,official_reeval,2.959522117678936,2.957731183924752,-0.001790933754183932,0.9993948571144355,V1,V1,,,361679,374784,V1_main,2.959522117678936,V1,361679,374784,V1_main,2.959522117678936,,
case_064,3,19116,15143,True,15143,34666,0,34666,50,16,126,7210,48838,0.12863973736797032,True,official_reeval(regen),9405,True,9405,90188,0,90188,112,58,211,30602,60648,0.33536438356164383,True,official_reeval,1.262365449382553,2.032535885167464,0.7701704357849111,1.61010101010101,V2,V2,,,15143,34666,V1_main,1.262365449382553,V2,9405,90188,V2,2.032535885167464,,
case_065,3,53068,17071,True,17071,261244,0,261244,56,18,228,53024,406134,0.11548094555686714,True,official_reeval(regen),17654,True,17654,170346,0,170346,25,37,211,105770,332004,0.24160868393280552,True,official_reeval,3.108663815828012,3.006004304973377,-0.1026595108546351,0.9669763226464257,V1,V1,,,17071,261244,V1_main,3.108663815828012,V1,17071,261244,V1_main,3.108663815828012,,
case_066,3,359070,223156,True,223156,1153906,0,1153906,509,50,739,190722,1501796,0.11268535991936275,True,official_reeval(regen),145326,True,145326,1644872,0,1644872,413,194,718,568356,1563704,0.26657598754256445,True,official_reeval,1.6090537561167972,2.4707898104950248,0.8617360543782275,1.5355545463303195,V2,V2,,,223156,1153906,V1_main,1.6090537561167972,V2,145326,1644872,V2,2.4707898104950248,,
case_067,3,63834834,21748677,True,21748677,242365312,231405696,10959616,244,786,2716,51032704,191381120,0.21051895126244946,True,official_reeval(regen),19818988,True,19818988,66838272,3957760,62880512,4604,420,5081,8984832,34546560,0.20639891322565565,True,official_reeval,2.9351134324170616,3.220892711575384,0.28577927915832246,1.097365667712196,V2,V2,,,21748677,242365312,V1_main,2.9351134324170616,V2,19818988,66838272,V2,3.220892711575384,,
case_068,3,362095,222088,True,222088,1544808,0,1544808,467,82,958,628422,3216600,0.1634378164806339,True,official_reeval(regen),157149,True,157149,2091688,1024,2090664,514,284,1099,950010,3376750,0.2195661418705914,True,official_reeval,1.6304122690104823,2.304150837739979,0.6737385687294968,1.413232028202534,V2,V2,,,222088,1544808,V1_main,1.6304122690104823,V2,157149,2091688,V2,2.304150837739979,,
case_069,3,25144,14664,True,14664,267850,0,267850,148,28,198,36682,221862,0.14187913856055448,True,official_reeval(regen),11415,True,11415,251912,0,251912,72,34,137,54822,231848,0.19123731119405588,True,official_reeval,1.7146753955264593,2.2027157249233467,0.48804032939688735,1.2846254927726675,V2,V2,,,14664,267850,V1_main,1.7146753955264593,V2,11415,251912,V2,2.2027157249233467,,
case_070,3,117300,39449,True,39449,565124,0,565124,92,58,342,259842,572498,0.3121825215657063,True,official_reeval(regen),39158,True,39158,161792,0,161792,0,10,206,88064,493586,0.15140376515086393,True,official_reeval,2.9734594032801844,2.9955564635578935,0.02209706027770908,1.0074314316359365,V2,V2,,,39449,565124,V1_main,2.9734594032801844,V2,39158,161792,V2,2.9955564635578935,,
case_071,3,18919,10248,True,10248,183754,0,183754,106,18,152,19304,188744,0.09278628008921018,True,official_reeval(regen),9203,True,9203,217064,0,217064,70,35,129,60486,190328,0.24115878698956197,True,official_reeval,1.8461163153786104,2.055742692600239,0.20962637722162847,1.1135499293708573,V2,V2,,,10248,183754,V1_main,1.8461163153786104,V2,9203,217064,V2,2.055742692600239,,
case_072,3,23897828,9327198,True,9327198,191652618,75875760,115776858,7010,87,13322,712704,110502894,0.006408309740869262,True,official_reeval(regen),7924573,True,7924573,97366272,79018440,18347832,16,1370,12727,11223040,97115406,0.10359240338374431,True,official_reeval,2.562165829437737,3.015661285472416,0.4534954560346791,1.176996918319763,V2,V2,,,9327198,191652618,V1_main,2.562165829437737,V2,7924573,97366272,V2,3.015661285472416,,
case_073,3,10081626,3927714,True,3927714,146242176,138151808,8090368,144,352,1509,42987648,106584960,0.2874032122245271,True,official_reeval(regen),2765882,True,2765882,7631616,0,7631616,23,98,212,7440896,3977856,0.6516382876167203,True,official_reeval,2.566792286811107,3.644994978093787,1.07820269128268,1.4200584117471389,V2,V2,3927714,full,3927714,146242176,V1_main,2.566792286811107,V2,2765882,7631616,V2,3.644994978093787,,
case_074,3,1682239,639780,True,639780,10686604,1347584,9339020,934,146,1935,712708,9175132,0.07207924076441366,True,official_reeval(regen),543011,True,543011,4317192,1728512,2588680,5,447,1401,2293760,5750812,0.2851313904580629,True,official_reeval,2.629402294538748,3.097983282106624,0.46858098756787614,1.1782081762616228,V2,V2,,,639780,10686604,V1_main,2.629402294538748,V2,543011,4317192,V2,3.097983282106624,,
case_075,3,1441809,1142302,True,1142302,1634316,0,1634316,437,49,745,266762,2505992,0.09620831851653627,True,official_reeval(regen),574770,True,574770,13848140,0,13848140,4336,797,4816,2263244,7140710,0.24066940352962168,True,official_reeval,1.26219598670054,2.5084973119682656,1.2463013252677257,1.9874071367677506,V2,V2,,,1142302,1634316,V1_main,1.26219598670054,V2,574770,13848140,V2,2.5084973119682656,,
case_076,3,6185113,2596188,True,2596188,77741064,16590848,61150216,9818,59,14740,121856,43580420,0.0027883215967973844,True,official_reeval(regen),2056815,True,2056815,19871744,16571392,3300352,0,1743,10334,3755008,20385792,0.15554612937433723,True,official_reeval,2.382382554730243,3.007131414346939,0.6247488596166964,1.2622370023555838,V2,V2,,,2596188,77741064,V1_main,2.382382554730243,V2,2056815,19871744,V2,3.007131414346939,,
case_077,3,495320,172450,True,172450,1553794,0,1553794,337,40,715,102602,2881156,0.03438683700219656,True,official_reeval(regen),165380,True,165380,57344,0,57344,0,7,343,57344,2141260,0.026082004763022353,True,official_reeval,2.8722528269063496,2.99504172209457,0.12278889518822034,1.0427500302334018,V2,V2,,,172450,1553794,V1_main,2.8722528269063496,V2,165380,57344,V2,2.99504172209457,,
case_078,3,2296143,712979,True,712979,6439032,122880,6316152,213,100,387,4291128,3323328,0.563550173512067,True,official_reeval(regen),691202,True,691202,9063168,0,9063168,537,147,707,2277096,6649752,0.2550839893319568,True,official_reeval,3.2204917676397202,3.321956533690585,0.10146476605086496,1.031505985225737,V2,V2,,,712979,6439032,V1_main,3.2204917676397202,V2,691202,9063168,V2,3.321956533690585,,
case_079,3,31052251,10978255,True,10978255,210147328,58249216,151898112,6113,5,10046,22528,111808512,0.00020144675396026004,True,official_reeval(regen),9965989,True,9965989,40499200,29483008,11016192,0,2369,9840,10579968,35731456,0.22845265997435105,True,official_reeval,2.8285233855471565,3.1158223233037887,0.2872989377566322,1.1015720567221177,V2,V2,,,10978255,210147328,V1_main,2.8285233855471565,V2,9965989,40499200,V2,3.1158223233037887,,
case_080,3,292138,107632,True,107632,3145728,0,3145728,342,58,685,307200,3342336,0.08417508417508418,True,official_reeval(regen),101509,True,101509,786432,24576,761856,0,6,471,24576,2666496,0.0091324200913242,True,official_reeval,2.714229968782518,2.8779517087154836,0.16372173993296535,1.060319774601267,V2,V2,,,107632,3145728,V1_main,2.714229968782518,V2,101509,786432,V2,2.8779517087154836,,
case_081,3,151795,52708,True,52708,467044,0,467044,137,4,821,8192,1274246,0.006387833174001394,True,official_reeval(regen),51943,True,51943,0,0,0,0,0,680,0,1044820,0.0,True,official_reeval,2.8799233512939213,2.9223379473653814,0.04241459607146014,1.0147276822671005,V2,V2,,,52708,467044,V1_main,2.8799233512939213,V2,51943,0,V2,2.9223379473653814,,
case_082,3,721041,359914,True,359914,3106794,0,3106794,878,141,1023,511818,1776502,0.22366539644804923,True,official_reeval(regen),276784,True,276784,1569740,0,1569740,351,134,500,491274,1026536,0.3236729234884472,True,official_reeval,2.003370249559617,2.6050674894502572,0.6016972398906404,1.3003425053471298,V2,V2,,,359914,3106794,V1_main,2.003370249559617,V2,276784,1569740,V2,2.6050674894502572,,
case_083,3,1057993,322176,True,322176,10388160,7282176,3105984,186,302,667,8236736,2513504,0.766190894342824,True,official_reeval(regen),307778,True,307778,10434752,0,10434752,1450,126,1630,1668224,5659296,0.22766556761359916,True,official_reeval,3.283897621176003,3.437519900707653,0.15362227953164975,1.0467804716386486,V2,V2,,,322176,10388160,V1_main,3.283897621176003,V2,307778,10434752,V2,3.437519900707653,,
case_084,3,2507412,813406,True,813406,930816,0,930816,101,0,4409,0,10393194,0.0,True,official_reeval(regen),459944,True,459944,8985600,7861248,1124352,122,0,5283,0,14420586,0.0,True,official_reeval,3.0826081932024105,5.451559320265075,2.368951127062665,1.7684892073817682,V2,V2,,,813406,930816,V1_main,3.0826081932024105,V2,459944,8985600,V2,5.451559320265075,,
case_085,3,3187899,2660498,True,2660498,5809108,608328,5200780,1510,105,2101,496266,4259440,0.10435169878037036,True,official_reeval(regen),1216102,True,1216102,34526746,79918,34446828,10637,944,11117,2518090,17004006,0.12898666208792334,True,official_reeval,1.1982339396609207,2.621407579298447,1.4231736396375263,2.1877260295600203,V2,V2,,,2660498,5809108,V1_main,1.1982339396609207,V2,1216102,34526746,V2,2.621407579298447,,
case_086,3,118403,87395,True,87395,1189800,0,1189800,624,35,736,68072,874502,0.0722192634212274,True,official_reeval(regen),52464,True,52464,1026636,0,1026636,381,186,549,357034,605768,0.37082806225994547,True,official_reeval,1.3548029063447566,2.2568427874351937,0.9020398810904371,1.6658089356511132,V2,V2,,,87395,1189800,V1_main,1.3548029063447566,V2,52464,1026636,V2,2.2568427874351937,,
case_087,3,3974071,2054389,True,2054389,28811194,7931392,20879802,2959,319,5256,1500356,19985788,0.06982900235612309,True,official_reeval(regen),1319807,True,1319807,7815168,4276224,3538944,6,628,2592,2893824,10807772,0.21120342476891013,True,official_reeval,1.9344296528067468,3.0111001078187947,1.0766704550120478,1.5565828943171236,V2,V2,,,2054389,28811194,V1_main,1.9344296528067468,V2,1319807,7815168,V2,3.0111001078187947,,
case_088,3,243623,140285,True,140285,1086290,0,1086290,327,75,598,375242,2165510,0.14768934551660295,True,official_reeval(regen),104873,True,104873,1496336,0,1496336,304,142,613,773900,2205604,0.2597412186726381,True,official_reeval,1.7366290052393343,2.3230288062704414,0.5863998010311071,1.3376655573884604,V2,V2,,,140285,1086290,V1_main,1.7366290052393343,V2,104873,1496336,V2,2.3230288062704414,,
case_089,3,693092,232831,True,232831,1075456,0,1075456,140,68,342,355904,823104,0.3018673325371838,True,official_reeval(regen),218760,True,218760,5136640,0,5136640,1708,143,1910,472104,2737496,0.14709122632103688,True,official_reeval,2.9768029171373227,3.168275735966356,0.1914728188290331,1.0643216310111538,V2,V2,,,232831,1075456,V1_main,2.9768029171373227,V2,218760,5136640,V2,3.168275735966356,,
case_090,3,1178363,354965,True,354965,13857408,9063936,4793472,212,157,477,12757680,2990352,0.8101126540763951,True,official_reeval(regen),312247,True,312247,6094464,0,6094464,753,138,928,1133928,6250200,0.15356288515041994,True,official_reeval,3.319659684757652,3.773816882147787,0.4541571973901348,1.136808360048295,V2,V2,,,354965,13857408,V1_main,3.319659684757652,V2,312247,6094464,V2,3.773816882147787,,
case_091,3,9186769,3366350,True,3366350,78428772,23614432,54814340,8760,91,14230,1491424,45931074,0.031449714015486914,True,official_reeval(regen),3064508,True,3064508,37326304,29442528,7883776,4,3202,12165,10271552,33578144,0.23424454299523537,True,official_reeval,2.7289999554413535,2.9977957309949916,0.2687957755536381,1.0984960718001062,V2,V2,,,3366350,78428772,V1_main,2.7289999554413535,V2,3064508,37326304,V2,2.9977957309949916,,
case_092,3,4815554,1562950,True,1562950,68789120,66141888,2647232,48,4464,5469,55276064,13742016,0.8008925197571419,True,official_reeval(regen),1417624,True,1417624,19119168,524288,18594880,2691,87,2985,565120,11359008,0.04739298336951767,True,official_reeval,3.081067212642759,3.3969190702189014,0.3158518575761424,1.102513783626688,V2,V2,,,1562950,68789120,V1_main,3.081067212642759,V2,1417624,19119168,V2,3.3969190702189014,,
case_093,3,74205,25103,True,25103,573440,0,573440,138,4,422,8192,856064,0.009478672985781991,True,official_reeval(regen),25103,True,25103,16384,0,16384,0,0,288,0,589824,0.0,True,official_reeval,2.956021192686133,2.956021192686133,0.0,1.0,tie,V2,25103,full,25103,573440,V1_main,2.956021192686133,tie,25103,16384,V2,2.956021192686133,,
case_094,3,94892,29862,True,29862,584748,0,584748,62,21,187,89120,719142,0.11026127666523973,True,official_reeval(regen),30503,True,30503,715796,0,715796,65,32,203,173888,760714,0.1860556686161596,True,official_reeval,3.177684013127051,3.1109071238894535,-0.06677688923759773,0.9789856735403075,V1,V1,,,29862,584748,V1_main,3.177684013127051,V1,29862,584748,V1_main,3.177684013127051,,
case_095,3,2084853,651824,True,651824,2985984,0,2985984,81,0,1929,0,10009500,0.0,True,official_reeval(regen),474232,True,474232,16441344,10764288,5677056,154,0,2294,0,16737180,0.0,True,official_reeval,3.19849069687523,4.396272288668837,1.197781591793607,1.374483375225628,V2,V2,,,651824,2985984,V1_main,3.19849069687523,V2,474232,16441344,V2,4.396272288668837,,
case_096,3,84194,26446,True,26446,821276,0,821276,161,55,329,160388,550622,0.22557769932912336,True,official_reeval(regen),24201,True,24201,847664,0,847664,174,81,364,195968,529388,0.2701680278373654,True,official_reeval,3.1836194509566664,3.478947150944176,0.29532769998750963,1.0927647617867031,V2,V2,,,26446,821276,V1_main,3.1836194509566664,V2,24201,847664,V2,3.478947150944176,,
case_097,3,11491509,5684314,True,5684314,32604160,4497408,28106752,1021,682,2722,2998272,19070976,0.1358574610244989,True,official_reeval(regen),3437689,True,3437689,70254592,0,70254592,2512,1663,5008,8513536,35133440,0.19505442942942944,True,official_reeval,2.021617560184043,3.342800643106459,1.321183082922416,1.653527704222226,V2,V2,,,5684314,32604160,V1_main,2.021617560184043,V2,3437689,70254592,V2,3.342800643106459,,
case_098,3,177430,69596,True,69596,816488,0,816488,107,43,293,307208,952548,0.24386309729820696,True,official_reeval(regen),72316,True,72316,666020,143424,522596,86,12,267,147456,957194,0.13348662472276288,True,official_reeval,2.549428128053336,2.4535372531666573,-0.09589087488667891,0.9623873001825323,V1,V1,,,69596,816488,V1_main,2.549428128053336,V1,69596,816488,V1_main,2.549428128053336,,
case_099,3,1622999,652236,True,652236,10356872,1888256,8468616,1648,203,2999,839680,7618372,0.09927581433644532,True,official_reeval(regen),542514,True,542514,4882432,3469312,1413120,0,572,1728,2342912,5073152,0.3159239186716835,True,official_reeval,2.4883615746447605,2.991626022554257,0.5032644479094963,1.2022473152766564,V2,V2,,,652236,10356872,V1_main,2.4883615746447605,V2,542514,4882432,V2,2.991626022554257,,
case_100,3,151223,44251,True,44251,696414,0,696414,164,68,399,303114,632652,0.32392072377068626,True,official_reeval(regen),50874,True,50874,1541582,354304,1187278,271,129,571,645402,867702,0.4265417314341909,True,official_reeval,3.4173916973627714,2.9725006879742106,-0.44489100938856074,0.8698156229115068,V1,V1,,,44251,696414,V1_main,3.4173916973627714,V1,44251,696414,V1_main,3.4173916973627714,,
case_001,4,233110,61630,True,61630,408960,0,408960,33,33,270,135168,958976,0.12353766963032288,True,official_reeval(regen),58984,True,58984,3456,0,3456,0,0,204,0,823808,0.0,True,official_reeval,3.7824111633944506,3.952088702020887,0.16967753862643642,1.0448596229485962,V2,V2,,,61630,408960,V1_main,3.7824111633944506,V2,58984,3456,V2,3.952088702020887,,
case_002,4,261945,68636,True,68636,1099776,0,1099776,229,66,713,304128,1666560,0.1543257989088075,True,official_reeval(regen),69692,True,69692,509952,0,509952,166,0,564,0,1477632,0.0,True,official_reeval,3.816437438079142,3.7586093095333752,-0.05782812854576669,0.9848476152212593,V1,V1,,,68636,1099776,V1_main,3.816437438079142,V1,68636,1099776,V1_main,3.816437438079142,,
case_003,4,602212,474473,True,474473,1182174,0,1182174,854,51,1095,261772,1741616,0.13066465407599526,True,official_reeval(regen),195766,True,195766,3782974,0,3782974,1231,637,1612,1878158,1983840,0.48631770394495283,True,official_reeval,1.2692229062559934,3.0761827896570395,1.806959883401046,2.4236741824423036,V2,V2,,,474473,1182174,V1_main,1.2692229062559934,V2,195766,3782974,V2,3.0761827896570395,,
case_004,4,392357,102078,True,102078,1711104,0,1711104,107,97,327,297984,1324032,0.18371212121212122,True,official_reeval(regen),104188,True,104188,331776,0,331776,0,0,123,0,783360,0.0,True,official_reeval,3.843697956464664,3.765855952700887,-0.07784200376377726,0.9797481475793758,V1,V1,,,102078,1711104,V1_main,3.843697956464664,V1,102078,1711104,V1_main,3.843697956464664,,
case_005,4,95618,61232,True,61232,1029042,0,1029042,448,56,572,151888,745352,0.16928358075877134,True,official_reeval(regen),36692,True,36692,1169426,0,1169426,406,253,588,479248,593016,0.4469496318070923,True,official_reeval,1.5615691141886596,2.6059631527308404,1.0443940385421808,1.6688106399215088,V2,V2,,,61232,1029042,V1_main,1.5615691141886596,V2,36692,1169426,V2,2.6059631527308404,,
case_006,4,82837,23524,True,23524,398988,0,398988,74,17,222,109312,688102,0.13708312118924423,True,official_reeval(regen),24769,True,24769,471148,0,471148,123,39,291,207878,672594,0.23609836542218265,True,official_reeval,3.5213824179561297,3.3443820905163713,-0.17700032743975846,0.9497355565424522,V1,V1,,,23524,398988,V1_main,3.5213824179561297,V1,23524,398988,V1_main,3.5213824179561297,,
case_007,4,1012562,265090,True,265090,3331584,0,3331584,429,173,1411,311808,2594304,0.10729386892177589,True,official_reeval(regen),254398,True,254398,82944,0,82944,0,0,567,0,963072,0.0,True,official_reeval,3.8196914255535854,3.980227831979811,0.16053640642622558,1.0420286323005683,V2,V2,,,265090,3331584,V1_main,3.8196914255535854,V2,254398,82944,V2,3.980227831979811,,
case_008,4,487605,106053,True,106053,1527168,0,1527168,82,0,514,0,2754456,0.0,True,official_reeval(regen),104264,True,104264,3096576,3096576,0,0,0,516,0,3539160,0.0,True,official_reeval,4.597748295663489,4.676638149313281,0.07888985364979195,1.017158367221668,V2,V2,,,106053,1527168,V1_main,4.597748295663489,V2,104264,3096576,V2,4.676638149313281,,
case_009,4,153261,102479,True,102479,232396,0,232396,279,23,620,25676,598554,0.041132274962754116,True,official_reeval(regen),55047,True,55047,784858,0,784858,689,402,1213,379110,663580,0.3635884107452838,True,official_reeval,1.4955356707227823,2.7841844242193035,1.2886487534965212,1.861663669228114,V2,V2,,,102479,232396,V1_main,1.4955356707227823,V2,55047,784858,V2,2.7841844242193035,,
case_010,4,86969,20690,True,20690,470056,0,470056,82,50,225,190788,529470,0.2648884149846305,True,official_reeval(regen),23999,True,23999,645152,0,645152,106,53,254,295424,568158,0.34209142849202506,True,official_reeval,4.203431609473175,3.623859327471978,-0.5795722820011973,0.862119254968957,V1,V1,,,20690,470056,V1_main,4.203431609473175,V1,20690,470056,V1_main,4.203431609473175,,
case_011,4,184697,48981,True,48981,892928,0,892928,46,76,472,159744,1085440,0.12828947368421054,True,official_reeval(regen),46880,True,46880,540672,0,540672,0,0,440,0,1081344,0.0,True,official_reeval,3.77078867315898,3.9397824232081913,0.16899375004921113,1.0448165529010238,V2,V2,,,48981,892928,V1_main,3.77078867315898,V2,46880,540672,V2,3.9397824232081913,,
case_012,4,59088,20780,True,20780,374360,0,374360,84,39,375,122820,610154,0.16756392450482555,True,official_reeval(regen),14530,True,14530,28800,0,28800,0,13,264,28800,484096,0.0561517344646868,True,official_reeval,2.8435033686236766,4.06662078458362,1.2231174159599432,1.4301445285615968,V2,V2,,,20780,374360,V1_main,2.8435033686236766,V2,14530,28800,V2,4.06662078458362,,
case_013,4,263949,70895,True,70895,286720,0,286720,64,9,1064,18432,2160640,0.008458646616541353,True,official_reeval(regen),67017,True,67017,24576,0,24576,0,0,1000,0,2048000,0.0,True,official_reeval,3.7230975386134424,3.9385379828998612,0.21544044428641884,1.0578659146186788,V2,V2,70895,budget_24,70895,286720,V1_main,3.7230975386134424,V2,67017,24576,V2,3.9385379828998612,,
case_014,4,17698626,5928282,True,5928282,116084372,63140448,52943924,3366,1857,15538,10693632,83183998,0.11391033199282939,True,official_reeval(regen),4434173,True,4434173,55702944,42232224,13470720,10,1532,11834,7107072,58433400,0.10843791298909168,True,official_reeval,2.98545615745,3.991415310137877,1.0059591526878773,1.3369532492304652,V2,V2,5928282,budget_24,5928282,116084372,V1_main,2.98545615745,V2,4434173,55702944,V2,3.991415310137877,,
case_015,4,177362,47810,True,47810,1233394,0,1233394,103,42,366,345796,1449112,0.1926538853244846,True,official_reeval(regen),48512,True,48512,361096,32776,328320,3,27,246,255872,986246,0.20599653173047971,True,official_reeval,3.7097259987450326,3.656043865435356,-0.053682133309676416,0.9855293535620053,V1,V1,,,47810,1233394,V1_main,3.7097259987450326,V1,47810,1233394,V1_main,3.7097259987450326,,
case_016,4,7715523,7715523,True,7715523,0,0,0,0,0,12,0,393216,0.0,True,official_reeval(regen),2247344,True,2247344,605680,0,605680,3965,624,3993,525504,432696,0.548428303068253,True,official_reeval,1.0,3.4331740045137726,2.4331740045137726,3.4331740045137726,V2,V2,,,7715523,0,V1_main,1.0,V2,2247344,605680,V2,3.4331740045137726,,
case_017,4,162810,45389,True,45389,761616,0,761616,122,54,440,211456,896214,0.19090162232433847,True,official_reeval(regen),37456,True,37456,258844,0,258844,9,23,293,74500,701016,0.09606507151367606,True,official_reeval,3.5869924431029543,4.346700128150363,0.7597076850474092,1.2117951730029901,V2,V2,,,45389,761616,V1_main,3.5869924431029543,V2,37456,258844,V2,4.346700128150363,,
case_018,4,1004367,290288,True,290288,6879764,0,6879764,681,361,1496,1512576,4319454,0.25935669055200333,True,official_reeval(regen),250137,True,250137,3194240,151552,3042688,2,424,1001,2325888,2452756,0.4867255229726257,True,official_reeval,3.4598984456815303,4.015267633336931,0.5553691876554008,1.1605160372116081,V2,V2,,,290288,6879764,V1_main,3.4598984456815303,V2,250137,3194240,V2,4.015267633336931,,
case_019,4,81144,18340,True,18340,644936,0,644936,112,36,236,116512,443464,0.20806605997399888,True,official_reeval(regen),16540,True,16540,583288,0,583288,118,37,244,112416,418784,0.21162650602409638,True,official_reeval,4.42442748091603,4.905925030229746,0.48149754931371547,1.108827085852479,V2,V2,,,18340,644936,V1_main,4.42442748091603,V2,16540,583288,V2,4.905925030229746,,
case_020,4,532746,135128,True,135128,303104,0,303104,31,12,331,49152,1306624,0.03625377643504532,True,official_reeval(regen),133704,True,133704,0,0,0,0,0,288,0,1179648,0.0,True,official_reeval,3.9425285655082587,3.984518039849219,0.04198947434096034,1.0106503919104888,V2,V2,,,135128,303104,V1_main,3.9425285655082587,V2,133704,0,V2,3.984518039849219,,
case_021,4,6567937,1831257,True,1831257,37509120,2807808,34701312,1369,105,2201,458752,21243904,0.02113805794092668,True,official_reeval(regen),1550324,True,1550324,4608000,0,4608000,0,0,1200,0,6963200,0.0,True,official_reeval,3.586573047911899,4.236493145948847,0.6499200980369482,1.1812092182021308,V2,V2,,,1831257,37509120,V1_main,3.586573047911899,V2,1550324,4608000,V2,4.236493145948847,,
case_022,4,56780,18192,True,18192,356404,0,356404,120,68,327,92928,346302,0.2115702479338843,True,official_reeval(regen),14631,True,14631,6912,0,6912,0,3,141,6912,213540,0.03135376408469871,True,official_reeval,3.121152154793316,3.880801038890028,0.7596488840967122,1.2433873282755792,V2,V2,,,18192,356404,V1_main,3.121152154793316,V2,14631,6912,V2,3.880801038890028,,
case_023,4,122614,27484,True,27484,1154212,0,1154212,149,52,335,282916,869770,0.24544064905793947,True,official_reeval(regen),30252,True,30252,395758,0,395758,28,52,212,275882,507880,0.351997162403893,True,official_reeval,4.461286566729734,4.053087399180219,-0.40819916754951446,0.908501917228613,V1,V1,27484,full,27484,1154212,V1_main,4.461286566729734,V1,27484,1154212,V1_main,4.461286566729734,,
case_024,4,2555343,2555343,True,2555343,0,0,0,0,0,12,0,393216,0.0,True,official_reeval(regen),748949,True,748949,562312,0,562312,1314,217,1343,557456,395444,0.5850099695665862,True,official_reeval,1.0,3.4119052165100694,2.4119052165100694,3.4119052165100694,V2,V2,,,2555343,0,V1_main,1.0,V2,748949,562312,V2,3.4119052165100694,,
case_025,4,4863026,1226882,True,1226882,18432000,4411392,14020608,1836,13,7056,66048,14714880,0.004468460978904708,True,official_reeval(regen),1217470,True,1217470,82944,0,82944,0,0,2678,0,4205568,0.0,True,official_reeval,3.9637275630419224,3.9943702924918068,0.03064272944988433,1.0077307859741924,V2,V2,1226882,full,1226882,18432000,V1_main,3.9637275630419224,V2,1217470,82944,V2,3.9943702924918068,,
case_026,4,99203,29540,True,29540,707968,0,707968,113,33,243,206124,752090,0.21511269925089802,True,official_reeval(regen),34103,True,34103,1378448,49152,1329296,139,58,297,429628,974106,0.30606083488752145,True,official_reeval,3.358259986459039,2.9089229686537843,-0.4493370178052545,0.8661994545934375,V1,V1,,,29540,707968,V1_main,3.358259986459039,V1,29540,707968,V1_main,3.358259986459039,,
case_027,4,2363952,560418,True,560418,2457600,0,2457600,10,0,910,0,4177920,0.0,True,official_reeval(regen),559196,True,559196,2211840,0,2211840,0,0,900,0,4055040,0.0,True,official_reeval,4.218194276415105,4.227412213249022,0.009217936833917584,1.002185280295281,V2,V2,,,560418,2457600,V1_main,4.218194276415105,V2,559196,2211840,V2,4.227412213249022,,
case_028,4,43836040,12014522,True,12014522,254368344,244949208,9419136,370,2672,6898,91687536,163108968,0.35984613038489727,True,official_reeval(regen),10143667,True,10143667,119581920,1892352,117689568,11807,834,12255,6285888,60867360,0.09360512242088424,True,official_reeval,3.6485879338354037,4.32151804667878,0.6729301128433764,1.1844357666709682,V2,V2,,,12014522,254368344,V1_main,3.6485879338354037,V2,10143667,119581920,V2,4.32151804667878,,
case_029,4,37555,12799,True,12799,192692,0,192692,77,30,275,61440,323758,0.15950238578601136,True,official_reeval(regen),9886,True,9886,16412,0,16412,6,10,184,16388,258144,0.05969431614529454,True,official_reeval,2.9342136104383156,3.7988063928788187,0.8645927824405031,1.2946591138984422,V2,V2,,,12799,192692,V1_main,2.9342136104383156,V2,9886,16412,V2,3.7988063928788187,,
case_030,4,2808034,976244,True,976244,21137424,2156544,18980880,1971,306,3464,784384,12913160,0.05726457239341593,True,official_reeval(regen),706838,True,706838,2580480,1341440,1239040,0,537,1673,1329152,3644416,0.26724315421041794,True,official_reeval,2.876364925162152,3.972669833823309,1.096304908661157,1.3811424965833756,V2,V2,,,976244,21137424,V1_main,2.876364925162152,V2,706838,2580480,V2,3.972669833823309,,
case_031,4,1414369,485244,True,485244,6075526,0,6075526,776,88,1476,265216,5167288,0.04882021255759775,True,official_reeval(regen),355012,True,355012,3489792,718848,2770944,0,615,1472,2217984,3456628,0.39086090819953856,True,official_reeval,2.9147583483773114,3.9840033576329814,1.06924500925567,1.3668383040573275,V2,V2,,,485244,6075526,V1_main,2.9147583483773114,V2,355012,3489792,V2,3.9840033576329814,,
case_032,4,41443,11749,True,11749,354198,0,354198,145,51,345,106574,402966,0.20915727911449541,True,official_reeval(regen),10733,True,10733,18440,0,18440,3,7,161,14336,281208,0.04850715967842352,True,official_reeval,3.52736403098136,3.8612689835088045,0.33390495252744445,1.094661324885866,V2,V2,,,11749,354198,V1_main,3.52736403098136,V2,10733,18440,V2,3.8612689835088045,,
case_033,4,1774196,497667,True,497667,9609736,26112,9583624,682,102,1418,493568,7764532,0.0597677431854785,True,official_reeval(regen),441214,True,441214,7902720,2064384,5838336,0,768,1986,4056576,6735920,0.3758700489673566,True,official_reeval,3.5650264132441976,4.021168865901807,0.4561424526576099,1.1279492491172085,V2,V2,,,497667,9609736,V1_main,3.5650264132441976,V2,441214,7902720,V2,4.021168865901807,,
case_034,4,842996,290447,True,290447,7721722,0,7721722,881,287,1935,973830,6010538,0.13942993839958032,True,official_reeval(regen),210793,True,210793,2133504,155648,1977856,13,584,1212,1964544,2389040,0.4512475238791763,True,official_reeval,2.902409045368002,3.999165057663205,1.0967560122952031,1.377877823267376,V2,V2,,,290447,7721722,V1_main,2.902409045368002,V2,210793,2133504,V2,3.999165057663205,,
case_035,4,169571,120050,True,120050,487016,0,487016,136,75,511,262182,509294,0.33984466140229896,True,official_reeval(regen),74175,True,74175,751752,0,751752,433,295,919,296526,586368,0.3358568525779992,True,official_reeval,1.4125031236984589,2.2860936973373778,0.8735905736389189,1.6184698348500168,V2,V2,,,120050,487016,V1_main,1.4125031236984589,V2,74175,751752,V2,2.2860936973373778,,
case_036,4,931510,235201,True,235201,150912,0,150912,12,6,828,24576,3355136,0.007271625511286169,True,official_reeval(regen),233584,True,233584,3456,0,3456,0,0,804,0,3281408,0.0,True,official_reeval,3.9604848618840904,3.987901568600589,0.027416706716498762,1.0069225631892595,V2,V2,,,235201,150912,V1_main,3.9604848618840904,V2,233584,3456,V2,3.987901568600589,,
case_037,4,210001,70130,True,70130,1966080,0,1966080,112,333,630,1032192,1007616,0.5060240963855421,True,official_reeval(regen),53320,True,53320,614400,0,614400,0,0,480,0,1146880,0.0,True,official_reeval,2.994453158420077,3.938503375843961,0.9440502174238841,1.3152663165791447,V2,V2,,,70130,1966080,V1_main,2.994453158420077,V2,53320,614400,V2,3.938503375843961,,
case_038,4,1364555,460571,True,460571,11298448,288768,11009680,1789,329,3159,1052160,8214098,0.1135474535675566,True,official_reeval(regen),336289,True,336289,5291520,139776,5151744,15,1134,2355,3803136,4236810,0.47303004273909305,True,official_reeval,2.9627462432502263,4.05768550264802,1.094939259397794,1.3695690313985887,V2,V2,,,460571,11298448,V1_main,2.9627462432502263,V2,336289,5291520,V2,4.05768550264802,,
case_039,4,1435262,420429,True,420429,14340096,450560,13889536,861,691,2538,4919296,9871360,0.33259484907227915,True,official_reeval(regen),363921,True,363921,15212544,5054464,10158080,5,1084,3360,6299648,13094912,0.3248152059134108,True,official_reeval,3.413803519738172,3.9438834252488864,0.5300799055107142,1.1552754581351448,V2,V2,,,420429,14340096,V1_main,3.413803519738172,V2,363921,15212544,V2,3.9438834252488864,,
case_040,4,253454,116895,True,116895,401448,0,401448,51,11,328,151552,1036122,0.1276040394923186,True,official_reeval(regen),110105,True,110105,0,0,0,0,0,266,0,911174,0.0,True,official_reeval,2.16821934214466,2.301929975932065,0.133710633787405,1.0616684074292722,V2,V2,,,116895,401448,V1_main,2.16821934214466,V2,110105,0,V2,2.301929975932065,,
case_041,4,6003957,2065022,True,2065022,27514532,10067968,17446564,739,1379,6239,6241280,22207826,0.219384046725405,True,official_reeval(regen),1498849,True,1498849,15799296,10309632,5489664,0,1548,5454,5246976,15501312,0.2528871779686112,True,official_reeval,2.907454254724647,4.005711716123505,1.098257461398858,1.3777385180228294,V2,V2,,,2065022,27514532,V1_main,2.907454254724647,V2,1498849,15799296,V2,4.005711716123505,,
case_042,4,1686740,603398,True,603398,10253852,0,10253852,1042,572,2147,1951744,6559022,0.22932647895618327,True,official_reeval(regen),418743,True,418743,3753984,989184,2764800,0,812,1625,2623488,3494688,0.4288023097079914,True,official_reeval,2.7954020397813717,4.02810315635127,1.2327011165698987,1.440974535693731,V2,V2,600505,no_pollution,600505,10250780,V1_supp57,2.8088692017551895,V2,418743,3753984,V2,4.02810315635127,10250780,600505
case_043,4,677656,433336,True,433336,2478568,8196,2470372,707,123,1192,397248,2459112,0.13907490652438767,True,official_reeval(regen),228946,True,228946,5880338,0,5880338,1256,801,2242,2176648,3271256,0.3995386115467527,True,official_reeval,1.5638119150036,2.959894472932482,1.3960825579288818,1.892743266971251,V2,V2,433336,budget_24,433336,2478568,V1_main,1.5638119150036,V2,228946,5880338,V2,2.959894472932482,,
case_044,4,154407,40890,True,40890,713120,0,713120,133,57,275,410112,1171584,0.25928623452294247,True,official_reeval(regen),43294,True,43294,934240,0,934240,15,21,126,334528,1550720,0.17744508945242218,True,official_reeval,3.7761555392516506,3.5664757241188156,-0.20967981513283496,0.9444726751974869,V1,V1,,,40890,713120,V1_main,3.7761555392516506,V1,40890,713120,V1_main,3.7761555392516506,,
case_045,4,125614,35783,True,35783,536576,0,536576,60,11,139,45056,524288,0.07913669064748201,True,official_reeval(regen),32037,True,32037,0,0,0,0,0,68,0,278528,0.0,True,official_reeval,3.5104379174468323,3.92090395480226,0.41046603735542764,1.1169273028061304,V2,V2,,,35783,536576,V1_main,3.5104379174468323,V2,32037,0,V2,3.92090395480226,,
case_046,4,276455,72876,True,72876,2160416,0,2160416,42,87,238,1522560,1506816,0.5025985549499303,True,official_reeval(regen),75880,True,75880,2797344,0,2797344,6,69,214,581952,3208256,0.15354091384958293,True,official_reeval,3.7934985454745047,3.643318397469689,-0.15018014800481572,0.9604111755403268,V1,V1,,,72876,2160416,V1_main,3.7934985454745047,V1,72876,2160416,V1_main,3.7934985454745047,,
case_047,4,326508,292013,True,292013,526446,0,526446,625,76,939,78990,673302,0.1049991226810866,True,official_reeval(regen),112411,True,112411,1740658,0,1740658,1402,812,1919,633936,902424,0.4126220417089745,True,official_reeval,1.11812830250708,2.9045911876951545,1.7864628851880744,2.5977262011724833,V2,V2,,,292013,526446,V1_main,1.11812830250708,V2,112411,1740658,V2,2.9045911876951545,,
case_048,4,222220,186079,True,186079,230930,0,230930,88,15,270,8402,519398,0.01591890867752937,True,official_reeval(regen),102597,True,102597,812242,0,812242,305,104,540,170832,719304,0.19191674081263987,True,official_reeval,1.1942239586412222,2.1659502714504324,0.9717263128092102,1.8136885094106066,V2,V2,,,186079,230930,V1_main,1.1942239586412222,V2,102597,812242,V2,2.1659502714504324,,
case_049,4,196276,148794,True,148794,598446,0,598446,291,45,464,31438,428568,0.06834258683582388,True,official_reeval(regen),64597,True,64597,753870,0,753870,430,244,663,189136,367752,0.339630230854319,True,official_reeval,1.3191123297982446,3.0384692787590755,1.719356948960831,2.303419663451863,V2,V2,,,148794,598446,V1_main,1.3191123297982446,V2,64597,753870,V2,3.0384692787590755,,
case_050,4,149690,102645,True,102645,393736,0,393736,285,25,493,13352,508084,0.025606210541658035,True,official_reeval(regen),52071,True,52071,655774,0,655774,445,273,764,279476,467288,0.37424942819953827,True,official_reeval,1.4583272443859905,2.874728735764629,1.4164014913786385,1.97125079218759,V2,V2,,,102645,393736,V1_main,1.4583272443859905,V2,52071,655774,V2,2.874728735764629,,
case_051,4,607628,353279,True,353279,6423488,262160,6161328,325,38,355,76,3768724,2.016556994268733e-05,True,official_reeval(regen),183177,True,183177,558300,0,558300,311,63,340,557148,393746,0.5859201972038944,True,official_reeval,1.7199663721874212,3.317163180967043,1.5971968087796218,1.9286209513203076,V2,V2,,,353279,6423488,V1_main,1.7199663721874212,V2,183177,558300,V2,3.317163180967043,,
case_052,4,180301,47711,True,47711,1099716,0,1099716,116,53,429,226944,1248734,0.1537896478771114,True,official_reeval(regen),44292,True,44292,1112994,0,1112994,179,87,526,293650,1237758,0.191751642932517,True,official_reeval,3.7790237052252103,4.0707351214666305,0.2917114162414203,1.0771922694843312,V2,V2,,,47711,1099716,V1_main,3.7790237052252103,V2,44292,1112994,V2,4.0707351214666305,,
case_053,4,1472686,566959,True,566959,8541856,3429856,5112000,835,185,1446,4506274,5823810,0.4362282049206957,True,official_reeval(regen),422555,True,422555,10513758,3952336,6561422,862,799,1785,7372076,4923074,0.599592196923177,True,official_reeval,2.5975176335502215,3.4851936434310327,0.8876760098808112,1.3417401285039818,V2,V2,,,566959,8541856,V1_main,2.5975176335502215,V2,422555,10513758,V2,3.4851936434310327,,
case_054,4,815051,482033,True,482033,3113356,97792,3015564,1223,69,1723,122438,3104234,0.03794559843702738,True,official_reeval(regen),265258,True,265258,3208926,0,3208926,1248,703,1841,848656,2628622,0.2440575645663073,True,official_reeval,1.6908614140525648,3.072672643237904,1.3818112291853393,1.8172232317215693,V2,V2,,,482033,3113356,V1_main,1.6908614140525648,V2,265258,3208926,V2,3.072672643237904,,
case_055,4,118835,38047,True,38047,609976,0,609976,97,41,311,152064,854648,0.15105015138391117,True,official_reeval(regen),30337,True,30337,74240,0,74240,0,5,180,46592,653340,0.06656646645674151,True,official_reeval,3.1233737219754514,3.9171638593137095,0.7937901373382581,1.2541451033391569,V2,V2,,,38047,609976,V1_main,3.1233737219754514,V2,30337,74240,V2,3.9171638593137095,,
case_056,4,277285,256241,True,256241,777726,0,777726,465,53,723,34894,586014,0.05619834178332378,True,official_reeval(regen),104696,True,104696,1151874,0,1151874,705,404,1095,301934,555746,0.35203572427945157,True,official_reeval,1.0821258112480048,2.6484774967525024,1.5663516855044977,2.447476503400321,V2,V2,,,256241,777726,V1_main,1.0821258112480048,V2,104696,1151874,V2,2.6484774967525024,,
case_057,4,59726,18762,True,18762,721306,0,721306,132,78,334,263056,565710,0.31740684342745723,True,official_reeval(regen),16122,True,16122,38408,0,38408,3,7,137,30208,340688,0.08144601182002502,True,official_reeval,3.1833493230998826,3.7046272174668156,0.521277894366933,1.1637513956084853,V2,V2,,,18762,721306,V1_main,3.1833493230998826,V2,16122,38408,V2,3.7046272174668156,,
case_058,4,4539717,1148214,True,1148214,38621184,16310272,22310912,554,1264,7931,7294976,35045376,0.17229370223469093,True,official_reeval(regen),1128564,True,1128564,37285888,20930560,16355328,0,2099,8254,9129984,34779136,0.20792910447761195,True,official_reeval,3.9537202995260468,4.022560528246515,0.06884022872046858,1.0174115070124512,V2,V2,,,1148214,38621184,V1_main,3.9537202995260468,V2,1128564,37285888,V2,4.022560528246515,,
case_059,4,829473,237037,True,237037,8794112,0,8794112,949,474,1798,972800,5015552,0.16244870041039672,True,official_reeval(regen),185216,True,185216,1081344,0,1081344,0,0,880,0,2162688,0.0,True,official_reeval,3.4993397655218383,4.478408992743607,0.9790692272217689,1.2797868434692468,V2,V2,,,237037,8794112,V1_main,3.4993397655218383,V2,185216,1081344,V2,4.478408992743607,,
case_060,4,888789,265164,True,265164,6685372,90120,6595252,1045,66,1877,214016,5467526,0.03766864699759326,True,official_reeval(regen),213832,True,213832,3293204,317440,2975764,21,827,1974,2045952,3299890,0.38271838187510965,True,official_reeval,3.3518464044892973,4.156482659283924,0.8046362547946266,1.2400576153241798,V2,V2,,,265164,6685372,V1_main,3.3518464044892973,V2,213832,3293204,V2,4.156482659283924,,
case_061,4,77191,27935,True,27935,325892,0,325892,90,38,387,67588,673188,0.09123945700184671,True,official_reeval(regen),23376,True,23376,48640,0,48640,1,15,275,44544,546084,0.07541802962270668,True,official_reeval,2.763236083765885,3.302147501711157,0.5389114179452719,1.1950290896646132,V2,V2,,,27935,325892,V1_main,2.763236083765885,V2,23376,48640,V2,3.302147501711157,,
case_062,4,2854809,721386,True,721386,632832,0,632832,170,3,4556,13824,13757952,0.001003792103502119,True,official_reeval(regen),736761,True,736761,2448384,0,2448384,797,0,5159,0,14624256,0.0,True,official_reeval,3.9573945155575516,3.8748101487456585,-0.08258436681189307,0.9791316315603025,V1,V1,,,721386,632832,V1_main,3.9573945155575516,V1,721386,632832,V1_main,3.9573945155575516,,
case_063,4,1070397,272272,True,272272,513024,0,513024,131,6,1789,27648,5303808,0.005185825410544511,True,official_reeval(regen),278870,True,278870,887808,0,887808,289,0,1923,0,5463552,0.0,True,official_reeval,3.931351736498795,3.8383368594685696,-0.09301487703022548,0.9763402302147954,V1,V1,,,272272,513024,V1_main,3.931351736498795,V1,272272,513024,V1_main,3.931351736498795,,
case_064,4,19116,14854,True,14854,45612,0,45612,62,22,142,10540,52262,0.1678290500302538,True,official_reeval(regen),8053,True,8053,105618,0,105618,116,88,223,40944,58936,0.40993191830196235,True,official_reeval,1.2869260805170324,2.3737737489134485,1.0868476683964161,1.8445299888240407,V2,V2,,,14854,45612,V1_main,1.2869260805170324,V2,8053,105618,V2,2.3737737489134485,,
case_065,4,53068,12944,True,12944,278724,0,278724,54,13,221,35984,423394,0.07833200545084876,True,official_reeval(regen),13476,True,13476,65298,0,65298,7,18,178,56834,303952,0.15752828546562228,True,official_reeval,4.099814585908529,3.937963787474028,-0.161850798434501,0.960522410210745,V1,V1,,,12944,278724,V1_main,4.099814585908529,V1,12944,278724,V1_main,4.099814585908529,,
case_066,4,359070,180653,True,180653,1715416,0,1715416,588,88,822,343816,1672180,0.1705439891745817,True,official_reeval(regen),128818,True,128818,2096864,0,2096864,552,320,881,919440,1504630,0.3792959774263944,True,official_reeval,1.9876226799444239,2.787421012591408,0.7997983326469842,1.4023894176279712,V2,V2,,,180653,1715416,V1_main,1.9876226799444239,V2,128818,2096864,V2,2.787421012591408,,
case_067,4,63834834,16463381,True,16463381,244658176,229915520,14742656,306,930,2755,84076800,162671744,0.34073878871601365,True,official_reeval(regen),14857451,True,14857451,77440128,3219456,74220672,5181,562,5569,12824064,37604352,0.25430233620663395,True,official_reeval,3.8773830235721327,4.2964862546072,0.4191032310350673,1.1080892004961012,V2,V2,,,16463381,244658176,V1_main,3.8773830235721327,V2,14857451,77440128,V2,4.2964862546072,,
case_068,4,362095,220188,True,220188,1487466,0,1487466,464,81,955,655046,3157210,0.17182634114812856,True,official_reeval(regen),124333,True,124333,2614178,0,2614178,621,393,1234,1402552,3405900,0.29168472514647126,True,official_reeval,1.6444810798045306,2.91230003297596,1.2678189531714292,1.7709538095276396,V2,V2,,,220188,1487466,V1_main,1.6444810798045306,V2,124333,2614178,V2,2.91230003297596,,
case_069,4,25144,13050,True,13050,375598,0,375598,221,33,273,48104,268156,0.15210270030987164,True,official_reeval(regen),10306,True,10306,341388,0,341388,121,75,189,112716,212550,0.3465348361033739,True,official_reeval,1.9267432950191572,2.439743838540656,0.5130005435214988,1.266252668348535,V2,V2,,,13050,375598,V1_main,1.9267432950191572,V2,10306,341388,V2,2.439743838540656,,
case_070,4,117300,39449,True,39449,565124,0,565124,92,58,342,259842,572498,0.3121825215657063,True,official_reeval(regen),29048,True,29048,360960,0,360960,0,31,238,137728,643090,0.176389376269502,True,official_reeval,2.9734594032801844,4.038143762049022,1.0646843587688375,1.358062517212889,V2,V2,,,39449,565124,V1_main,2.9734594032801844,V2,29048,360960,V2,4.038143762049022,,
case_071,4,18919,10231,True,10231,189450,0,189450,111,18,157,19304,191592,0.0915332675821258,True,official_reeval(regen),8622,True,8622,214384,0,214384,79,41,138,65392,175638,0.27130232751109823,True,official_reeval,1.8491838529957971,2.194270470888425,0.34508661789262796,1.1866156344235677,V2,V2,,,10231,189450,V1_main,1.8491838529957971,V2,8622,214384,V2,2.194270470888425,,
case_072,4,23897828,7085346,True,7085346,163842764,51868032,111974732,6663,139,11636,1131648,96406184,0.011602144283871308,True,official_reeval(regen),5916394,True,5916394,96170032,72241200,23928832,0,1477,12630,12099584,95163454,0.11280292098383415,True,official_reeval,3.372852645445967,4.039255668233048,0.6664030227870814,1.1975784574184885,V2,V2,,,7085346,163842764,V1_main,3.372852645445967,V2,5916394,96170032,V2,4.039255668233048,,
case_073,4,10081626,3167753,True,3167753,144915712,133273728,11641984,127,165,1687,11441024,136943872,0.07710369659186876,True,official_reeval(regen),2139350,True,2139350,20030592,0,20030592,2850,400,3089,4931968,14547072,0.2531935865422526,True,official_reeval,3.1825795761222544,4.712471545095473,1.5298919689732182,1.480708159020263,V2,V2,3167753,full,3167753,144915712,V1_main,3.1825795761222544,V2,2139350,20030592,V2,4.712471545095473,,
case_074,4,1682239,513158,True,513158,11592900,172048,11420852,1087,354,2095,1732612,8921720,0.16262042519418393,True,official_reeval(regen),411829,True,411829,7323648,1638400,5685248,10,575,1775,3284992,7774232,0.2970363924268104,True,official_reeval,3.2782086608802747,4.084799759123325,0.8065910982430506,1.2460462959140808,V2,V2,,,513158,11592900,V1_main,3.2782086608802747,V2,411829,7323648,V2,4.084799759123325,,
case_075,4,1441809,1159472,True,1159472,1633550,0,1633550,437,58,751,324362,2464394,0.1163106417341639,True,official_reeval(regen),435900,True,435900,11645008,0,11645008,3172,738,3692,2615244,5885866,0.30763559111692473,True,official_reeval,1.2435048021858226,3.307660013764625,2.064155211578802,2.6599495297086486,V2,V2,,,1159472,1633550,V1_main,1.2435048021858226,V2,435900,11645008,V2,3.307660013764625,,
case_076,4,6185113,1883757,True,1883757,67827716,23906304,43921412,6848,91,13454,188416,39054338,0.004801294017234366,True,official_reeval(regen),1551218,True,1551218,17539072,14193664,3345408,0,2250,9511,4760576,17047552,0.21829365638352818,True,official_reeval,3.2833921785028535,3.9872622674569276,0.7038700889540741,1.214372834765971,V2,V2,,,1883757,67827716,V1_main,3.2833921785028535,V2,1551218,17539072,V2,3.9872622674569276,,
case_077,4,495320,164636,True,164636,1496450,0,1496450,333,37,712,101450,2857732,0.034283122835972915,True,official_reeval(regen),123194,True,123194,237568,0,237568,6,14,359,114688,2214988,0.049229163196942406,True,official_reeval,3.0085764960276005,4.020650356348524,1.0120738603209234,1.3363962530642726,V2,V2,,,164636,1496450,V1_main,3.0085764960276005,V2,123194,237568,V2,4.020650356348524,,
case_078,4,2296143,601593,True,601593,6243072,0,6243072,160,119,373,5196432,2871024,0.6441227569137037,True,official_reeval(regen),519179,True,519179,7688688,0,7688688,119,69,329,3264264,5940072,0.3546441590137518,True,official_reeval,3.8167714717425234,4.422642287149519,0.6058708154069956,1.1587390861340694,V2,V2,,,601593,6243072,V1_main,3.8167714717425234,V2,519179,7688688,V2,4.422642287149519,,
case_079,4,31052251,9400520,True,9400520,147607552,82567168,65040384,2544,190,9209,811008,84115456,0.009549532169383621,True,official_reeval(regen),7433605,True,7433605,42975232,26349568,16625664,0,1904,10327,10235904,38551552,0.20980606162370918,True,official_reeval,3.3032482245663006,4.177280202539683,0.8740319779733827,1.2645977288273993,V2,V2,,,9400520,147607552,V1_main,3.3032482245663006,V2,7433605,42975232,V2,4.177280202539683,,
case_080,4,292138,87737,True,87737,2990080,0,2990080,329,67,680,274432,3272704,0.07736720554272518,True,official_reeval(regen),93405,True,93405,1675264,24576,1650688,0,162,626,663552,2916352,0.1853546910755149,True,official_reeval,3.329701266284464,3.1276484128258657,-0.20205285345859814,0.9393180236604036,V1,V1,,,87737,2990080,V1_main,3.329701266284464,V1,87737,2990080,V1_main,3.329701266284464,,
case_081,4,151795,40858,True,40858,315484,0,315484,100,0,780,0,1202562,0.0,True,official_reeval(regen),38736,True,38736,127108,0,127108,37,54,771,98316,1059216,0.08493588082230125,True,official_reeval,3.7151842968329336,3.9187061131763734,0.2035218163434398,1.054781082197439,V2,V2,,,40858,315484,V1_main,3.7151842968329336,V2,38736,127108,V2,3.9187061131763734,,
case_082,4,721041,348639,True,348639,3147754,0,3147754,882,141,1026,495562,1805046,0.2154047973405291,True,official_reeval(regen),227745,True,227745,2371218,0,2371218,507,299,697,954510,1091018,0.4666325760390471,True,official_reeval,2.0681593281302435,3.1660014489890007,1.0978421208587572,1.5308305341500361,V2,V2,,,348639,3147754,V1_main,2.0681593281302435,V2,227745,2371218,V2,3.1660014489890007,,
case_083,4,1057993,225615,True,225615,5095200,163840,4931360,350,137,594,2678464,2449088,0.5223670086622232,True,official_reeval(regen),253134,True,253134,5195776,0,5195776,713,76,863,509568,3519456,0.1264743024613405,True,official_reeval,4.689373490237794,4.179576824922768,-0.5097966653150259,0.8912868283201782,V1,V1,,,225615,5095200,V1_main,4.689373490237794,V1,225615,5095200,V1_main,4.689373490237794,,
case_084,4,2507412,588024,True,588024,1234944,0,1234944,134,0,4442,0,10545258,0.0,True,official_reeval(regen),383977,True,383977,8948736,8930304,18432,2,0,5279,0,14402154,0.0,True,official_reeval,4.264132076241786,6.530109876372803,2.265977800131017,1.5314042247322106,V2,V2,,,588024,1234944,V1_main,4.264132076241786,V2,383977,8948736,V2,6.530109876372803,,
case_085,4,3187899,2636792,True,2636792,5418510,1881884,3536626,947,44,2027,201888,4263876,0.0452079420229103,True,official_reeval(regen),981848,True,981848,8938546,0,8938546,1976,1082,2508,3321360,3681112,0.47431249992859664,True,official_reeval,1.209006626233696,3.246835559068206,2.03782893283451,2.6855399206394472,V2,V2,,,2636792,5418510,V1_main,1.209006626233696,V2,981848,8938546,V2,3.246835559068206,,
case_086,4,118403,76633,True,76633,1521872,0,1521872,748,81,872,173104,969398,0.15151308269044605,True,official_reeval(regen),46431,True,46431,1425426,0,1425426,500,304,705,534544,700664,0.4327562645319655,True,official_reeval,1.545065441780956,2.550085072473132,1.0050196306921761,1.6504705907690982,V2,V2,,,76633,1521872,V1_main,1.545065441780956,V2,46431,1425426,V2,2.550085072473132,,
case_087,4,3974071,1886799,True,1886799,29874094,6305600,23568494,3343,256,5623,1067118,21369722,0.0475609756097561,True,official_reeval(regen),1002417,True,1002417,7787520,3386880,4400640,8,622,2585,2866176,10803164,0.2096791798287262,True,official_reeval,2.1062503213113852,3.9644888304966894,1.8582385091853042,1.8822496027102493,V2,V2,,,1886799,29874094,V1_main,2.1062503213113852,V2,1002417,7787520,V2,3.9644888304966894,,
case_088,4,243623,130041,True,130041,1286098,0,1286098,246,71,549,800206,2071462,0.2786554713149292,True,official_reeval(regen),85897,True,85897,1733594,0,1733594,376,212,701,837326,2356906,0.2621368767202883,True,official_reeval,1.8734322252212763,2.8362224524721467,0.9627902272508704,1.5139178318218331,V2,V2,,,130041,1286098,V1_main,1.8734322252212763,V2,85897,1733594,V2,2.8362224524721467,,
case_089,4,693092,176688,True,176688,1043840,0,1043840,80,114,336,650608,631952,0.5072729540918164,True,official_reeval(regen),165384,True,165384,2104704,0,2104704,507,80,759,303704,1500072,0.16837123900085155,True,official_reeval,3.9226885810015393,4.190804430900208,0.26811584989866866,1.0683500217675228,V2,V2,,,176688,1043840,V1_main,3.9226885810015393,V2,165384,2104704,V2,4.190804430900208,,
case_090,4,1178363,269612,True,269612,10148832,3130752,7018080,332,159,603,7186440,4751064,0.6020052433071436,True,official_reeval(regen),279609,True,279609,8251992,0,8251992,781,201,1005,1509120,7979736,0.1590413006583723,True,official_reeval,4.370588104387045,4.214324288560096,-0.15626381582694915,0.9642465013644053,V1,V1,,,269612,10148832,V1_main,4.370588104387045,V1,269612,10148832,V1_main,4.370588104387045,,
case_091,4,9186769,2942418,True,2942418,86123656,20016768,66106888,10557,157,15426,1711584,49469604,0.03344166219822799,True,official_reeval(regen),2302433,True,2302433,42209248,28828128,13381120,11,3169,13016,10229760,38481376,0.21000865182039688,True,official_reeval,3.1221835238908953,3.9900266370400357,0.8678431131491404,1.2779603141546356,V2,V2,,,2942418,86123656,V1_main,3.1221835238908953,V2,2302433,42209248,V2,3.9900266370400357,,
case_092,4,4815554,1168004,True,1168004,48202016,43624960,4577056,318,2520,3391,40454400,8481408,0.8266829884570415,True,official_reeval(regen),1102259,True,1102259,38004512,2080768,35923744,5925,146,6394,2651072,19840448,0.11786984605753635,True,official_reeval,4.122891702425677,4.3688044279974125,0.2459127255717357,1.0596456912576808,V2,V2,,,1168004,48202016,V1_main,4.122891702425677,V2,1102259,38004512,V2,4.3688044279974125,,
case_093,4,74205,21178,True,21178,229376,0,229376,50,11,342,22528,677888,0.03216374269005848,True,official_reeval(regen),19743,True,19743,57344,0,57344,8,3,300,6144,608256,0.01,True,official_reeval,3.5038719425819247,3.7585473332320314,0.2546753906501067,1.072683989262017,V2,V2,20928,budget_24,20928,245760,V1_supp57,3.545728211009174,V2,19743,57344,V2,3.7585473332320314,245760,20928
case_094,4,94892,24710,True,24710,495908,0,495908,48,23,176,103712,669730,0.1340915026595401,True,official_reeval(regen),24935,True,24935,318528,0,318528,0,31,145,240192,549664,0.3040959364744966,True,official_reeval,3.8402266288951843,3.805574493683577,-0.03465213521160715,0.9909765390014037,V1,V1,,,24710,495908,V1_main,3.8402266288951843,V1,24710,495908,V1_main,3.8402266288951843,,
case_095,4,2084853,481187,True,481187,5013504,0,5013504,136,0,1984,0,11023260,0.0,True,official_reeval(regen),410945,True,410945,12791808,5640192,7151616,194,0,2195,0,14912412,0.0,True,official_reeval,4.332729271572175,5.0733139471218776,0.7405846755497025,1.170927983063427,V2,V2,,,481187,5013504,V1_main,4.332729271572175,V2,410945,12791808,V2,5.0733139471218776,,
case_096,4,84194,23047,True,23047,597308,0,597308,123,60,298,145480,482250,0.2317556911410957,True,official_reeval(regen),21977,True,21977,707224,0,707224,166,66,344,212170,486134,0.3038361515901384,True,official_reeval,3.6531435761704345,3.831005141739091,0.1778615655686564,1.048687263957774,V2,V2,,,23047,597308,V1_main,3.6531435761704345,V2,21977,707224,V2,3.831005141739091,,
case_097,4,11491509,4062928,True,4062928,41334784,2064384,39270400,1408,1034,3397,4489216,22771712,0.1646758320186312,True,official_reeval(regen),2577788,True,2577788,7667712,0,7667712,0,0,2080,0,11927552,0.0,True,official_reeval,2.8283811576281934,4.4578952962772735,1.6295141386490801,1.576129611899815,V2,V2,,,4062928,41334784,V1_main,2.8283811576281934,V2,2577788,7667712,V2,4.4578952962772735,,
case_098,4,177430,61140,True,61140,1661892,0,1661892,199,63,399,364564,1346566,0.21305453121621384,True,official_reeval(regen),70969,True,70969,1242228,0,1242228,202,61,410,352260,1146990,0.23495747873936967,True,official_reeval,2.902028132155708,2.5001056799447645,-0.4019224522109437,0.8615029097211458,V1,V1,,,61140,1661892,V1_main,2.902028132155708,V1,61140,1661892,V1_main,2.902028132155708,,
case_099,4,1622999,474770,True,474770,12539940,126976,12412964,2184,452,3459,1897472,8336786,0.18540396382424598,True,official_reeval(regen),405760,True,405760,4616192,2711552,1904640,0,593,1668,2428928,4720896,0.33971857209352285,True,official_reeval,3.41849527139457,3.9998989550473185,0.5814036836527485,1.170075906940063,V2,V2,,,474770,12539940,V1_main,3.41849527139457,V2,405760,4616192,V2,3.9998989550473185,,
case_100,4,151223,44251,True,44251,696414,0,696414,164,68,399,303114,632652,0.32392072377068626,True,official_reeval(regen),42865,True,42865,1598138,98304,1499834,303,158,622,752554,882332,0.46030977083417435,True,official_reeval,3.4173916973627714,3.527889886854077,0.11049818949130552,1.0323340720867842,V2,V2,,,44251,696414,V1_main,3.4173916973627714,V2,42865,1598138,V2,3.527889886854077,,
case_001,5,233110,49050,True,49050,201216,0,201216,16,16,237,65536,890496,0.06855000669433658,True,official_reeval(regen),47502,True,47502,4608,0,4608,0,0,205,0,824960,0.0,True,official_reeval,4.7524974515800205,4.9073723211654245,0.15487486958540408,1.0325881015536187,V2,V2,,,49050,201216,V1_main,4.7524974515800205,V2,47502,4608,V2,4.9073723211654245,,
case_002,5,261945,55789,True,55789,337920,0,337920,110,0,508,0,1391616,0.0,True,official_reeval(regen),55812,True,55812,242688,0,242688,79,0,477,0,1344000,0.0,True,official_reeval,4.695280431626307,4.693345517093098,-0.0019349145332085982,0.9995879022432452,V1,V1,,,55789,337920,V1_main,4.695280431626307,V1,55789,337920,V1_main,4.695280431626307,,
case_003,5,602212,465607,True,465607,2228310,0,2228310,1214,95,1459,376466,2185002,0.14697275156277573,True,official_reeval(regen),174202,True,174202,4402364,0,4402364,1403,835,1830,2172946,2112350,0.5070702233871359,True,official_reeval,1.293391207606415,3.456975235645974,2.1635840280395593,2.6727993938071894,V2,V2,,,465607,2228310,V1_main,1.293391207606415,V2,174202,4402364,V2,3.456975235645974,,
case_004,5,392357,85731,True,85731,2571264,0,2571264,191,57,402,344064,1744896,0.16470588235294117,True,official_reeval(regen),85093,True,85093,3277824,0,3277824,204,81,437,485376,1990656,0.19602977667493796,True,official_reeval,4.576605895183772,4.610919817141245,0.03431392195747307,1.0074976790100243,V2,V2,,,85731,2571264,V1_main,4.576605895183772,V2,85093,3277824,V2,4.610919817141245,,
case_005,5,95618,60339,True,60339,1110610,0,1110610,545,110,661,158898,746486,0.17550343279757538,True,official_reeval(regen),33907,True,33907,1542840,0,1542840,537,382,746,677878,621464,0.5217086802396905,True,official_reeval,1.5846798919438505,2.8200076680331496,1.2353277760892991,1.7795440469519568,V2,V2,,,60339,1110610,V1_main,1.5846798919438505,V2,33907,1542840,V2,2.8200076680331496,,
case_006,5,82837,23658,True,23658,653850,0,653850,99,39,267,253578,743398,0.25434714576880485,True,official_reeval(regen),22040,True,22040,407758,0,407758,79,35,247,265990,618756,0.30063995768276996,True,official_reeval,3.5014371459971256,3.7584845735027224,0.2570474275055967,1.0734119782214155,V2,V2,,,23658,653850,V1_main,3.5014371459971256,V2,22040,407758,V2,3.7584845735027224,,
case_007,5,1012562,205339,True,205339,3093504,122880,2970624,398,165,1380,284160,2499072,0.1020971302428256,True,official_reeval(regen),203834,True,203834,110592,0,110592,0,0,570,0,990720,0.0,True,official_reeval,4.9311723540097105,4.967581463347626,0.036409109337915524,1.007383459089259,V2,V2,,,205339,3093504,V1_main,4.9311723540097105,V2,203834,110592,V2,4.967581463347626,,
case_008,5,487605,92896,True,92896,1042944,0,1042944,56,0,488,0,2512344,0.0,True,official_reeval(regen),100603,True,100603,0,0,0,0,0,432,0,1990872,0.0,True,official_reeval,5.248934292111609,4.846823653370178,-0.4021106387414308,0.9233919465622298,V1,V1,,,92896,1042944,V1_main,5.248934292111609,V1,92896,1042944,V1_main,5.248934292111609,,
case_009,5,153261,102479,True,102479,232396,0,232396,279,23,620,25676,598554,0.041132274962754116,True,official_reeval(regen),46555,True,46555,910262,0,910262,798,495,1359,437708,685624,0.38965150107003094,True,official_reeval,1.4955356707227823,3.2920416711416602,1.796506000418878,2.2012458382558266,V2,V2,,,102479,232396,V1_main,1.4955356707227823,V2,46555,910262,V2,3.2920416711416602,,
case_010,5,86969,19601,True,19601,684148,0,684148,89,65,245,302598,581762,0.34216608620923605,True,official_reeval(regen),23630,True,23630,654368,0,654368,107,53,255,295424,572766,0.3402757460924452,True,official_reeval,4.436967501658079,3.680448582310622,-0.7565189193474566,0.8294964028776979,V1,V1,,,19601,684148,V1_main,4.436967501658079,V1,19601,684148,V1_main,4.436967501658079,,
case_011,5,184697,48571,True,48571,929792,0,929792,48,129,481,274432,999424,0.21543408360128619,True,official_reeval(regen),46880,True,46880,540672,0,540672,0,0,440,0,1081344,0.0,True,official_reeval,3.802618846636882,3.9397824232081913,0.13716357657130906,1.036070819112628,V2,V2,,,48571,929792,V1_main,3.802618846636882,V2,46880,540672,V2,3.9397824232081913,,
case_012,5,59088,17983,True,17983,342652,0,342652,110,20,379,48324,631258,0.07110841664434903,True,official_reeval(regen),12146,True,12146,50200,0,50200,12,23,286,34304,492044,0.06517361137498386,True,official_reeval,3.285769893788578,4.864811460563148,1.57904156677457,1.4805697348921456,V2,V2,,,17983,342652,V1_main,3.285769893788578,V2,12146,50200,V2,4.864811460563148,,
case_013,5,263949,57645,True,57645,610304,0,610304,141,13,1145,26624,2318336,0.011353711790393014,True,official_reeval(regen),54468,True,54468,32768,0,32768,0,0,1004,0,2056192,0.0,True,official_reeval,4.5788706739526415,4.845946243666006,0.26707556971336466,1.0583278255122273,V2,V2,57645,full,57645,610304,V1_main,4.5788706739526415,V2,54468,32768,V2,4.845946243666006,,
case_014,5,17698626,5928157,True,5928157,115973780,63029856,52943924,3366,1906,15529,10900992,82921342,0.11618760198397964,True,official_reeval(regen),3529114,True,3529114,55309728,36518304,18791424,12,1998,11773,9229824,55912824,0.14168634962459617,True,official_reeval,2.9855191082152515,5.015033801685068,2.029514693469817,1.6797862012958493,V2,V2,5928157,full,5928157,115973780,V1_main,2.9855191082152515,V2,3529114,55309728,V2,5.015033801685068,,
case_015,5,177362,47571,True,47571,689472,8192,681280,57,36,308,266496,1146658,0.18858241918432103,True,official_reeval(regen),37420,True,37420,372178,0,372178,6,27,247,363074,892490,0.2891720374270049,True,official_reeval,3.728363919194467,4.739764831640834,1.0114009124463665,1.2712720470336718,V2,V2,,,47571,689472,V1_main,3.728363919194467,V2,37420,372178,V2,4.739764831640834,,
case_016,5,7715523,7715523,True,7715523,0,0,0,0,0,12,0,393216,0.0,True,official_reeval(regen),2238798,True,2238798,606908,0,606908,4271,930,4301,591648,399934,0.596670774580418,True,official_reeval,1.0,3.446279208753983,2.446279208753983,3.446279208753983,V2,V2,,,7715523,0,V1_main,1.0,V2,2238798,606908,V2,3.446279208753983,,
case_017,5,162810,34582,True,34582,1050262,0,1050262,148,105,516,297354,1009874,0.2274691178585526,True,official_reeval(regen),29834,True,29834,320256,0,320256,0,10,276,119040,736334,0.13916719470079755,True,official_reeval,4.707940547105431,5.457196487229336,0.7492559401239047,1.1591472816249917,V2,V2,,,34582,1050262,V1_main,4.707940547105431,V2,29834,320256,V2,5.457196487229336,,
case_018,5,1004367,249368,True,249368,6183412,0,6183412,665,237,1354,1066112,4192782,0.2027255160495724,True,official_reeval(regen),203149,True,203149,2555904,0,2555904,0,506,978,2392064,1756436,0.5766093768832108,True,official_reeval,4.0276498989445315,4.943991848347764,0.9163419494032325,1.2275128107940476,V2,V2,,,249368,6183412,V1_main,4.0276498989445315,V2,203149,2555904,V2,4.943991848347764,,
case_019,5,81144,14984,True,14984,540608,0,540608,94,42,224,111456,393828,0.22058090103783218,True,official_reeval(regen),13784,True,13784,492568,0,492568,99,28,219,81696,398272,0.17021134742316155,True,official_reeval,5.415376401494928,5.8868253047011025,0.4714489032061744,1.0870574579222287,V2,V2,,,14984,540608,V1_main,5.415376401494928,V2,13784,492568,V2,5.8868253047011025,,
case_020,5,532746,109414,True,109414,311296,0,311296,31,14,333,57344,1306624,0.042042042042042045,True,official_reeval(regen),107726,True,107726,0,0,0,0,0,288,0,1179648,0.0,True,official_reeval,4.869084395049994,4.945379945417077,0.07629555036708346,1.0156693834357537,V2,V2,,,109414,311296,V1_main,4.869084395049994,V2,107726,0,V2,4.945379945417077,,
case_021,5,6567937,1640965,True,1640965,25939968,10889216,15050752,570,54,1763,243712,15763456,0.01522517911975435,True,official_reeval(regen),1247884,True,1247884,11395072,1974272,9420800,0,1417,2730,7323648,6426624,0.5326184092940125,True,official_reeval,4.002484513685545,5.26325924525036,1.2607747315648155,1.3149980286629206,V2,V2,,,1640965,25939968,V1_main,4.002484513685545,V2,1247884,11395072,V2,5.26325924525036,,
case_022,5,56780,13278,True,13278,399834,0,399834,154,87,375,97810,364548,0.21154603143019046,True,official_reeval(regen),11810,True,11810,6912,0,6912,0,3,141,6912,213540,0.03135376408469871,True,official_reeval,4.2762464226540144,4.807790008467401,0.5315435858133863,1.1243014394580864,V2,V2,,,13278,399834,V1_main,4.2762464226540144,V2,11810,6912,V2,4.807790008467401,,
case_023,5,122614,22172,True,22172,529284,0,529284,69,23,227,135968,643068,0.1745336544139167,True,official_reeval(regen),25493,True,25493,305284,0,305284,1,10,150,182400,557004,0.24668516805427074,True,official_reeval,5.53012808948223,4.809712470089829,-0.7204156193924014,0.8697289452006434,V1,V1,21587,no_pollution,21587,523140,V1_supp57,5.679992588131746,V1,21587,523140,V1_supp57,5.679992588131746,523140,21587
case_024,5,2555343,2524791,True,2524791,4718784,2031616,2687168,65,33,156,1081344,2457696,0.3055472670554727,True,official_reeval(regen),745110,True,745110,595484,0,595484,1415,318,1445,590424,395446,0.5988862628947021,True,official_reeval,1.0121008035912675,3.4294842372267182,2.4173834336354507,3.3884808954382573,V2,V2,,,2524791,4718784,V1_main,1.0121008035912675,V2,745110,595484,V2,3.4294842372267182,,
case_025,5,4863026,1000484,True,1000484,18396672,4349952,14046720,1820,35,7002,99840,14653440,0.00676730869338886,True,official_reeval(regen),975360,True,975360,110592,0,110592,0,0,2681,0,4233216,0.0,True,official_reeval,4.860673434057916,4.985878034776903,0.12520460071898665,1.0257586942257217,V2,V2,1000464,no_completion,1000464,18396672,V1_supp57,4.860770602440468,V2,975360,110592,V2,4.985878034776903,18396672,1000464
case_026,5,99203,24940,True,24940,639396,0,639396,126,38,259,108708,791084,0.12081458826039795,True,official_reeval(regen),34103,True,34103,1378448,49152,1329296,139,58,297,429628,974106,0.30606083488752145,True,official_reeval,3.9776663993584602,2.9089229686537843,-1.068743430704676,0.7313139606486233,V1,V1,,,24940,639396,V1_main,3.9776663993584602,V1,24940,639396,V1_main,3.9776663993584602,,
case_027,5,2363952,560278,True,560278,2736128,0,2736128,22,514,918,2105344,2203648,0.48859315589353614,True,official_reeval(regen),449121,True,449121,21239808,0,21239808,648,998,2039,5120000,10000384,0.3386157388595422,True,official_reeval,4.219248301735924,5.26350805239568,1.044259750659756,1.2474990036092723,V2,V2,,,560278,2736128,V1_main,4.219248301735924,V2,449121,21239808,V2,5.26350805239568,,
case_028,5,43836040,9371395,True,9371395,261931944,251034024,10897920,273,2834,6391,113986368,149514216,0.4325848780661526,True,official_reeval(regen),8240310,True,8240310,124546560,1388544,123158016,12213,952,12700,8115144,62575800,0.11479750503826912,True,official_reeval,4.677642976312491,5.319707632358491,0.6420646560460002,1.1372624330880756,V2,V2,,,9371395,261931944,V1_main,4.677642976312491,V2,8240310,124546560,V2,5.319707632358491,,
case_029,5,37555,11180,True,11180,190494,0,190494,33,41,243,79876,313442,0.2030824930463391,True,official_reeval(regen),8321,True,8321,16406,0,16406,6,7,181,12290,260190,0.045104227833235463,True,official_reeval,3.35912343470483,4.5132796538877535,1.1541562191829233,1.3435885109962744,V2,V2,,,11180,190494,V1_main,3.35912343470483,V2,8321,16406,V2,4.5132796538877535,,
case_030,5,2808034,857131,True,857131,25068320,1755136,23313184,2291,373,3920,940544,14928016,0.05927091053000398,True,official_reeval(regen),564152,True,564152,2258944,687104,1571840,0,526,1527,1366016,3286016,0.2936385648250055,True,official_reeval,3.2760849858423042,4.977442249606489,1.701357263764185,1.5193263517633546,V2,V2,,,857131,25068320,V1_main,3.2760849858423042,V2,564152,2258944,V2,4.977442249606489,,
case_031,5,1414369,411331,True,411331,7108868,245760,6863108,708,152,1597,517120,5743734,0.08259576089779445,True,official_reeval(regen),282153,True,282153,3973632,147456,3826176,0,722,1598,2683392,3475060,0.4357250815627044,True,official_reeval,3.4385178846233324,5.0127732116971995,1.574255327073867,1.457829617264392,V2,V2,,,411331,7108868,V1_main,3.4385178846233324,V2,282153,3973632,V2,5.0127732116971995,,
case_032,5,41443,10794,True,10794,352724,0,352724,156,66,366,131160,390954,0.25120950596996056,True,official_reeval(regen),10733,True,10733,18440,0,18440,3,7,161,14336,281208,0.04850715967842352,True,official_reeval,3.839447841393367,3.8612689835088045,0.02182114211543773,1.0056834063169664,V2,V2,,,10794,352724,V1_main,3.839447841393367,V2,10733,18440,V2,3.8612689835088045,,
case_033,5,1774196,404078,True,404078,9888344,0,9888344,322,738,1989,3886624,7029324,0.3560500654638516,True,official_reeval(regen),358218,True,358218,4704768,781824,3922944,0,623,1469,2953728,4640816,0.3889276301513297,True,official_reeval,4.390726542895184,4.952838774154286,0.5621122312591025,1.1280226007626641,V2,V2,,,404078,9888344,V1_main,4.390726542895184,V2,358218,4704768,V2,4.952838774154286,,
case_034,5,842996,257438,True,257438,7862504,49352,7813152,863,266,1952,931840,6103460,0.13245206316717126,True,official_reeval(regen),162384,True,162384,3100672,0,3100672,0,775,1538,2577920,2802736,0.4791088670229058,True,official_reeval,3.274559311368174,5.191373534338358,1.9168142229701841,1.5853655532564785,V2,V2,,,257438,7862504,V1_main,3.274559311368174,V2,162384,3100672,V2,5.191373534338358,,
case_035,5,169571,118021,True,118021,505340,0,505340,134,66,500,261670,518712,0.3353101429812579,True,official_reeval(regen),59769,True,59769,696634,0,696634,415,193,812,153550,624742,0.19729099104192258,True,official_reeval,1.4367866735580956,2.8371061921732004,1.4003195186151047,1.9746189496227142,V2,V2,,,118021,505340,V1_main,1.4367866735580956,V2,59769,696634,V2,2.8371061921732004,,
case_036,5,931510,189338,True,189338,201216,0,201216,16,8,837,32768,3380864,0.00959916007349357,True,official_reeval(regen),187182,True,187182,4608,0,4608,0,0,805,0,3282560,0.0,True,official_reeval,4.919825919783667,4.976493466252097,0.05666754646842964,1.0115182015364725,V2,V2,,,189338,201216,V1_main,4.919825919783667,V2,187182,4608,V2,4.976493466252097,,
case_037,5,210001,53785,True,53785,2310144,0,2310144,257,97,537,198656,1591296,0.11098398169336385,True,official_reeval(regen),43013,True,43013,819200,0,819200,0,60,500,245760,1105920,0.18181818181818182,True,official_reeval,3.904452914381333,4.882268151489085,0.9778152371077522,1.2504359147234556,V2,V2,,,53785,2310144,V1_main,3.904452914381333,V2,43013,819200,V2,4.882268151489085,,
case_038,5,1364555,317920,True,317920,7341252,0,7341252,1293,118,2324,381952,6443116,0.05596310542253938,True,official_reeval(regen),271491,True,271491,6779904,0,6779904,0,870,2863,2806272,6768138,0.29310129814787544,True,official_reeval,4.292133241066935,5.026151879804487,0.7340186387375516,1.1710148771045816,V2,V2,,,317920,7341252,V1_main,4.292133241066935,V2,271491,6779904,V2,5.026151879804487,,
case_039,5,1435262,407296,True,407296,14471168,393216,14077952,878,600,2624,3923968,10956800,0.2636939168731076,True,official_reeval(regen),327297,True,327297,8065024,3706880,4358144,0,0,2615,0,12267520,0.0,True,official_reeval,3.523879439032055,4.385197542293391,0.8613181032613362,1.2444232608303774,V2,V2,,,407296,14471168,V1_main,3.523879439032055,V2,327297,8065024,V2,4.385197542293391,,
case_040,5,253454,114729,True,114729,483404,0,483404,61,14,341,200704,1052524,0.16014962959652992,True,official_reeval(regen),103588,True,103588,2993818,237578,2756240,576,134,963,584678,2119964,0.2161757452557492,True,official_reeval,2.209153744911923,2.4467505888712977,0.23759684395937475,1.1075510676912383,V2,V2,,,114729,483404,V1_main,2.209153744911923,V2,103588,2993818,V2,2.4467505888712977,,
case_041,5,6003957,2064681,True,2064681,27554468,10224640,17329828,739,1350,6232,6268928,22232402,0.2199521215325741,True,official_reeval(regen),1191814,True,1191814,16562180,6700032,9862148,21,1765,5650,5723136,15706114,0.2670712227446131,True,official_reeval,2.9079344460475975,5.037662756101204,2.1297283100536064,1.7323852547461265,V2,V2,,,2064681,27554468,V1_main,2.9079344460475975,V2,1191814,16562180,V2,5.037662756101204,,
case_042,5,1686740,466619,True,466619,17457256,0,17457256,1657,833,3265,2992128,10124180,0.2281227308782319,True,official_reeval(regen),338945,True,338945,4184064,651264,3532800,0,983,1761,3194880,3353376,0.48789784638841244,True,official_reeval,3.61481208437719,4.976441605570225,1.3616295211930356,1.3766805823953738,V2,V2,466619,full,466619,17457256,V1_main,3.61481208437719,V2,338945,4184064,V2,4.976441605570225,,
case_043,5,677656,365417,True,365417,3980788,16384,3964404,1091,220,1715,616568,3176328,0.16255863593412526,True,official_reeval(regen),190982,True,190982,5513504,0,5513504,1171,990,2218,2487670,2804046,0.4701064834167215,True,official_reeval,1.8544731088044617,3.5482715648595153,1.6937984560550536,1.9133583269627503,V2,V2,365417,full,365417,3980788,V1_main,1.8544731088044617,V2,190982,5513504,V2,3.5482715648595153,,
case_044,5,154407,42992,True,42992,436896,0,436896,139,52,281,198144,1103744,0.1521974240487661,True,official_reeval(regen),43294,True,43294,934240,0,934240,15,21,126,334528,1550720,0.17744508945242218,True,official_reeval,3.5915286564942317,3.5664757241188156,-0.02505293237541606,0.9930244375664065,V1,V1,,,42992,436896,V1_main,3.5915286564942317,V1,42992,436896,V1_main,3.5915286564942317,,
case_045,5,125614,26157,True,26157,372736,0,372736,38,15,121,61440,434176,0.12396694214876033,True,official_reeval(regen),25860,True,25860,0,0,0,0,0,68,0,278528,0.0,True,official_reeval,4.802309133310395,4.857463263727765,0.05515413041737016,1.0114849187935036,V2,V2,,,26157,372736,V1_main,4.802309133310395,V2,25860,0,V2,4.857463263727765,,
case_046,5,276455,69672,True,69672,2237376,0,2237376,47,106,244,1663392,1422464,0.5390374664274677,True,official_reeval(regen),59409,True,59409,2903424,0,2903424,33,121,271,2576576,1295136,0.6654875156003339,True,official_reeval,3.9679498220231944,4.653419515561615,0.6854696935384208,1.1727516032924303,V2,V2,,,69672,2237376,V1_main,3.9679498220231944,V2,59409,2903424,V2,4.653419515561615,,
case_047,5,326508,291770,True,291770,574928,0,574928,732,76,1050,79024,698790,0.1015975541710486,True,official_reeval(regen),98269,True,98269,1966040,0,1966040,1608,896,2127,753748,897642,0.45643245992769726,True,official_reeval,1.1190595331939541,3.3225941039391875,2.2035345707452336,2.9690950350568337,V2,V2,,,291770,574928,V1_main,1.1190595331939541,V2,98269,1966040,V2,3.3225941039391875,,
case_048,5,222220,186079,True,186079,230930,0,230930,88,15,270,8402,519398,0.01591890867752937,True,official_reeval(regen),95866,True,95866,862612,0,862612,346,122,583,213652,702918,0.23309949049172457,True,official_reeval,1.1942239586412222,2.3180272463647174,1.1238032877234951,1.9410322742160933,V2,V2,,,186079,230930,V1_main,1.1942239586412222,V2,95866,862612,V2,2.3180272463647174,,
case_049,5,196276,148080,True,148080,709204,0,709204,356,59,534,39188,476472,0.07599581119342202,True,official_reeval(regen),59361,True,59361,937192,0,937192,509,313,755,246072,406080,0.37732307805542264,True,official_reeval,1.325472717450027,3.3064806859722715,1.9810079685222446,2.4945671400414415,V2,V2,,,148080,709204,V1_main,1.325472717450027,V2,59361,937192,V2,3.3064806859722715,,
case_050,5,149690,103785,True,103785,1012080,0,1012080,437,58,676,114328,764528,0.13008729530207452,True,official_reeval(regen),44101,True,44101,716072,0,716072,478,365,823,332920,455582,0.4222183329909119,True,official_reeval,1.442308618779207,3.394254098546518,1.9519454797673113,2.353347996644067,V2,V2,,,103785,1012080,V1_main,1.442308618779207,V2,44101,716072,V2,3.394254098546518,,
case_051,5,607628,282820,True,282820,6521944,0,6521944,371,75,396,262278,3604902,0.06782151335081377,True,official_reeval(regen),181512,True,181512,591172,0,591172,337,87,367,589962,393752,0.5997291895815247,True,official_reeval,2.1484619192419205,3.347591343822998,1.1991294245810775,1.558133897483362,V2,V2,,,282820,6521944,V1_main,2.1484619192419205,V2,181512,591172,V2,3.347591343822998,,
case_052,5,180301,43189,True,43189,1224214,0,1224214,133,65,457,286978,1278662,0.18329756521294807,True,official_reeval(regen),37894,True,37894,324096,0,324096,0,35,306,268800,865340,0.23700777681767682,True,official_reeval,4.174697260876612,4.758035572913918,0.5833383120373057,1.139731883675516,V2,V2,,,43189,1224214,V1_main,4.174697260876612,V2,37894,324096,V2,4.758035572913918,,
case_053,5,1472686,524047,True,524047,7677034,3615680,4061354,280,204,946,4760322,5193052,0.478262145077639,True,official_reeval(regen),339712,True,339712,11114576,3412704,7701872,1014,903,1946,7093648,5692482,0.5547924195984242,True,official_reeval,2.8102174041641304,4.335101497739261,1.5248840935751309,1.542621396948003,V2,V2,,,524047,7677034,V1_main,2.8102174041641304,V2,339712,11114576,V2,4.335101497739261,,
case_054,5,815051,482017,True,482017,3219852,97792,3122060,1230,68,1729,114246,3161578,0.034875500026863474,True,official_reeval(regen),219559,True,219559,3843712,0,3843712,1644,958,2273,1086104,2758778,0.2824804506354161,True,official_reeval,1.6909175402527297,3.712218583615338,2.021301043362608,2.195387116902518,V2,V2,,,482017,3219852,V1_main,1.6909175402527297,V2,219559,3843712,V2,3.712218583615338,,
case_055,5,118835,31024,True,31024,630612,0,630612,71,44,289,190976,849606,0.18352806410258873,True,official_reeval(regen),21601,True,21601,173568,0,173568,0,15,188,173568,625692,0.21716087380827265,True,official_reeval,3.830421609076844,5.50136567751493,1.6709440684380863,1.4362298041757326,V2,V2,,,31024,630612,V1_main,3.830421609076844,V2,21601,173568,V2,5.50136567751493,,
case_056,5,277285,243861,True,243861,752366,0,752366,469,62,728,59474,557220,0.09644004968428427,True,official_reeval(regen),82733,True,82733,1487430,0,1487430,913,534,1353,430836,627666,0.40702426636888733,True,official_reeval,1.137061686780584,3.3515646718963414,2.2145029851157574,2.9475662673902794,V2,V2,,,243861,752366,V1_main,1.137061686780584,V2,82733,1487430,V2,3.3515646718963414,,
case_057,5,59726,16265,True,16265,718476,0,718476,121,86,330,289202,553268,0.3432786924163472,True,official_reeval(regen),14347,True,14347,0,0,0,0,0,127,0,336588,0.0,True,official_reeval,3.672056563172456,4.1629608977486585,0.4909043345762023,1.1336864849794381,V2,V2,,,16265,718476,V1_main,3.672056563172456,V2,14347,0,V2,4.1629608977486585,,
case_058,5,4539717,1112861,True,1112861,38801408,15241216,23560192,586,1078,7911,5693440,36818944,0.13392427016090183,True,official_reeval(regen),948039,True,948039,30142464,20951040,9191424,0,80,8283,327680,36438016,0.008912655971479501,True,official_reeval,4.079320777707189,4.788534016005671,0.7092132382984815,1.173855716906161,V2,V2,,,1112861,38801408,V1_main,4.079320777707189,V2,948039,30142464,V2,4.788534016005671,,
case_059,5,829473,202473,True,202473,7708672,0,7708672,613,668,1662,2580480,3698688,0.410958904109589,True,official_reeval(regen),150736,True,150736,1576960,0,1576960,0,392,1034,937984,1720320,0.35285053929121724,True,official_reeval,4.096709190855077,5.502819498991615,1.4061103081365376,1.3432292219509607,V2,V2,,,202473,7708672,V1_main,4.096709190855077,V2,150736,1576960,V2,5.502819498991615,,
case_060,5,888789,260954,True,260954,6742740,16384,6726356,1053,75,1890,282624,5456274,0.04924708541605026,True,official_reeval(regen),172541,True,172541,2856960,122880,2734080,0,954,1844,2284544,2671144,0.46099431602635194,True,official_reeval,3.4059221165416127,5.1511756625961365,1.7452535460545238,1.5124173384876638,V2,V2,,,260954,6742740,V1_main,3.4059221165416127,V2,172541,2856960,V2,5.1511756625961365,,
case_061,5,77191,19809,True,19809,558608,0,558608,164,60,482,113666,766506,0.1291406679603532,True,official_reeval(regen),20507,True,20507,222824,0,222824,46,91,387,129428,592324,0.17932475420920205,True,official_reeval,3.8967640971275683,3.764129321695031,-0.1326347754325372,0.9659628419564051,V1,V1,,,19809,558608,V1_main,3.8967640971275683,V1,19809,558608,V1_main,3.8967640971275683,,
case_062,5,2854809,576631,True,576631,823296,0,823296,220,4,4614,18432,13867008,0.001327433628318584,True,official_reeval(regen),604983,True,604983,2617344,0,2617344,846,4,5212,18432,14699520,0.0012523481527864746,True,official_reeval,4.950842046299973,4.718825157070529,-0.23201688922944452,0.9531358732394133,V1,V1,,,576631,823296,V1_main,4.950842046299973,V1,576631,823296,V1_main,4.950842046299973,,
case_063,5,1070397,217915,True,217915,297984,0,297984,97,0,1731,0,5168640,0.0,True,official_reeval(regen),226140,True,226140,976896,0,976896,318,0,1952,0,5508096,0.0,True,official_reeval,4.911993208361058,4.733337755372778,-0.17865545298827978,0.9636287255682321,V1,V1,,,217915,297984,V1_main,4.911993208361058,V1,217915,297984,V1_main,4.911993208361058,,
case_064,5,19116,14854,True,14854,45612,0,45612,62,22,142,10540,52262,0.1678290500302538,True,official_reeval(regen),8053,True,8053,105618,0,105618,116,88,223,40944,58936,0.40993191830196235,True,official_reeval,1.2869260805170324,2.3737737489134485,1.0868476683964161,1.8445299888240407,V2,V2,,,14854,45612,V1_main,1.2869260805170324,V2,8053,105618,V2,2.3737737489134485,,
case_065,5,53068,12924,True,12924,285600,0,285600,60,17,233,45712,426576,0.09678840029812318,True,official_reeval(regen),10619,True,10619,55296,0,55296,0,1,165,4608,350408,0.01297969668972666,True,official_reeval,4.106159083874961,4.99745738770129,0.8912983038263294,1.2170637536491196,V2,V2,,,12924,285600,V1_main,4.106159083874961,V2,10619,55296,V2,4.99745738770129,,
case_066,5,359070,151479,True,151479,1198650,0,1198650,233,69,445,359020,1401972,0.20387372571823154,True,official_reeval(regen),101433,True,101433,2382738,0,2382738,689,430,1045,1011052,1588768,0.38889307721303784,True,official_reeval,2.3704275840215474,3.5399721983969714,1.169544614375424,1.4933897252373487,V2,V2,,,151479,1198650,V1_main,2.3704275840215474,V2,101433,2382738,V2,3.5399721983969714,,
case_067,5,63834834,13165326,True,13165326,268685824,247235584,21450240,364,1251,2981,124969472,144016768,0.46459429300175353,True,official_reeval(regen),11973702,True,11973702,83287552,229376,83058176,5442,640,5771,9400704,44587520,0.1741250832774199,True,official_reeval,4.8487089495543065,5.331252940819806,0.4825439912654996,1.0995200982954143,V2,V2,,,13165326,268685824,V1_main,4.8487089495543065,V2,11973702,83287552,V2,5.331252940819806,,
case_068,5,362095,220378,True,220378,1487466,0,1487466,464,81,955,655046,3157210,0.17182634114812856,True,official_reeval(regen),111246,True,111246,2890272,0,2890272,716,434,1325,1216120,3751884,0.2447904631316722,True,official_reeval,1.6430632821788018,3.254903547093828,1.6118402649150263,1.9809970695575572,V2,V2,,,220378,1487466,V1_main,1.6430632821788018,V2,111246,2890272,V2,3.254903547093828,,
case_069,5,25144,12151,True,12151,318094,0,318094,150,38,207,71726,228070,0.2392493562289023,True,official_reeval(regen),9742,True,9742,370384,0,370384,123,82,195,152654,196328,0.43742657214412206,True,official_reeval,2.0692947082544646,2.580989529870663,0.5116948216161985,1.2472798193389447,V2,V2,,,12151,318094,V1_main,2.0692947082544646,V2,9742,370384,V2,2.580989529870663,,
case_070,5,117300,28767,True,28767,883128,0,883128,127,65,384,371970,675436,0.3551344941694052,True,official_reeval(regen),25221,True,25221,269342,0,269342,10,27,236,114690,570912,0.16728364269649154,True,official_reeval,4.077588903952446,4.650886166289997,0.573297262337551,1.1405971214464137,V2,V2,,,28767,883128,V1_main,4.077588903952446,V2,25221,269342,V2,4.650886166289997,,
case_071,5,18919,10231,True,10231,189450,0,189450,111,18,157,19304,191592,0.0915332675821258,True,official_reeval(regen),7294,True,7294,296752,0,296752,102,75,171,139600,167958,0.4538981265322313,True,official_reeval,1.8491838529957971,2.593775706059775,0.7445918530639779,1.4026597203180697,V2,V2,,,10231,189450,V1_main,1.8491838529957971,V2,7294,296752,V2,2.593775706059775,,
case_072,5,23897828,5108459,True,5108459,177857346,58042184,119815162,5838,1016,14306,8257458,112894064,0.0681581037009176,True,official_reeval(regen),4780685,True,4780685,105951280,74043440,31907840,16,1336,13805,10944512,105944126,0.09363195762448699,True,official_reeval,4.678089419920958,4.998829247273142,0.32073982735218376,1.0685621411994306,V2,V2,,,5108459,177857346,V1_main,4.678089419920958,V2,4780685,105951280,V2,4.998829247273142,,
case_073,5,10081626,2746267,True,2746267,137874688,122450176,15424512,137,400,1596,31102464,110280832,0.2199868363515871,True,official_reeval(regen),1765506,True,1765506,22057472,0,22057472,2351,344,2640,7509120,14844160,0.33592922380966017,True,official_reeval,3.6710290732838433,5.710332335319166,2.039303262035323,1.5555126972097517,V2,V2,2746267,full,2746267,137874688,V1_main,3.6710290732838433,V2,1765506,22057472,V2,5.710332335319166,,
case_074,5,1682239,431926,True,431926,13128094,0,13128094,1169,367,2319,1740804,10031332,0.14787494809777937,True,official_reeval(regen),330137,True,330137,5230592,397312,4833280,0,400,1505,2039808,6967320,0.22646597228328497,True,official_reeval,3.894738913610202,5.095578502258153,1.200839588647951,1.3083235141774476,V2,V2,,,431926,13128094,V1_main,3.894738913610202,V2,330137,5230592,V2,5.095578502258153,,
case_075,5,1441809,1145864,True,1145864,1738388,0,1738388,454,74,775,374288,2485386,0.13088484911217152,True,official_reeval(regen),380456,True,380456,12093336,0,12093336,3239,866,3786,2581136,6189262,0.29430089717707225,True,official_reeval,1.2582723604197357,3.789686586622369,2.5314142262026333,3.011817398069685,V2,V2,,,1145864,1738388,V1_main,1.2582723604197357,V2,380456,12093336,V2,3.789686586622369,,
case_076,5,6185113,1605411,True,1605411,51936664,17108992,34827672,3679,3111,14237,8446976,31246540,0.2128049326746464,True,official_reeval(regen),1245249,True,1245249,19416068,9669632,9746436,2,3186,10872,6614016,17068034,0.27928393023408027,True,official_reeval,3.852666388856187,4.966968855224939,1.1143024663687524,1.2892289012077103,V2,V2,,,1605411,51936664,V1_main,3.852666388856187,V2,1245249,19416068,V2,4.966968855224939,,
case_077,5,495320,154637,True,154637,1822064,0,1822064,234,35,607,137142,2990404,0.043849714760390415,True,official_reeval(regen),115927,True,115927,172032,0,172032,0,13,357,106496,2206796,0.04603655742552172,True,official_reeval,3.2031143904757595,4.27268884729183,1.0695744568160706,1.3339170339955317,V2,V2,,,154637,1822064,V1_main,3.2031143904757595,V2,115927,172032,V2,4.27268884729183,,
case_078,5,2296143,443896,True,443896,10563072,0,10563072,310,195,578,7184976,4225584,0.6296777721689383,True,official_reeval(regen),463091,True,463091,14096640,0,14096640,575,275,852,4075440,9515472,0.29986508631650327,True,official_reeval,5.172704867806874,4.95829761321209,-0.21440725459478394,0.9585502633391709,V1,V1,,,443896,10563072,V1_main,5.172704867806874,V1,443896,10563072,V1_main,5.172704867806874,,
case_079,5,31052251,8677659,True,8677659,209594368,63031296,146563072,5851,89,10326,372736,111962112,0.0033180798891542544,True,official_reeval(regen),6039741,True,6039741,45471744,22069248,23402496,42,2324,10862,12804096,37963776,0.2522086409294445,True,official_reeval,3.5784133716247664,5.141321622897406,1.5629082512726398,1.4367601193494886,V2,V2,,,8677659,209594368,V1_main,3.5784133716247664,V2,6039741,45471744,V2,5.141321622897406,,
case_080,5,292138,87741,True,87741,2985984,0,2985984,333,42,663,217088,3309568,0.06155632984901278,True,official_reeval(regen),82233,True,82233,2031616,0,2031616,0,158,682,679936,3256320,0.17273673257023933,True,official_reeval,3.3295494694612553,3.5525640557926867,0.22301458633143145,1.0669804093247237,V2,V2,,,87741,2985984,V1_main,3.3295494694612553,V2,82233,2031616,V2,3.5525640557926867,,
case_081,5,151795,35199,True,35199,557056,0,557056,73,126,879,258048,1194324,0.17767348861035603,True,official_reeval(regen),30943,True,30943,0,0,0,0,0,680,0,1044820,0.0,True,official_reeval,4.312480468195119,4.905632937982743,0.5931524697876238,1.1375432246388522,V2,V2,,,35199,557056,V1_main,4.312480468195119,V2,30943,0,V2,4.905632937982743,,
case_082,5,721041,349638,True,349638,3145514,0,3145514,887,143,1031,508106,1797526,0.22037601837587265,True,official_reeval(regen),199532,True,199532,2855960,0,2855960,598,399,805,1259928,1093062,0.5354582892404982,True,official_reeval,2.062250098673485,3.613660966661989,1.551410867988504,1.7522903594410921,V2,V2,,,349638,3145514,V1_main,2.062250098673485,V2,199532,2855960,V2,3.613660966661989,,
case_083,5,1057993,185964,True,185964,5982592,0,5982592,354,173,635,3547328,2489120,0.5876515460747778,True,official_reeval(regen),251415,True,251415,5293472,0,5293472,681,91,847,474144,3622880,0.11572888027993002,True,official_reeval,5.6892355509668535,4.208153849213452,-1.4810817017534017,0.7396694707952987,V1,V1,,,185964,5982592,V1_main,5.6892355509668535,V1,185964,5982592,V1_main,5.6892355509668535,,
case_084,5,2507412,479208,True,479208,1880064,0,1880064,204,0,4512,0,10867818,0.0,True,official_reeval(regen),381521,True,381521,9206784,3419136,5787648,628,0,5307,0,14531178,0.0,True,official_reeval,5.23240847398207,6.57214674945809,1.3397382754760203,1.2560461940496066,V2,V2,,,479208,1880064,V1_main,5.23240847398207,V2,381521,9206784,V2,6.57214674945809,,
case_085,5,3187899,2497479,True,2497479,6418902,293440,6125462,1772,177,2247,709000,4431540,0.13792325319908025,True,official_reeval(regen),826216,True,826216,10661528,0,10661528,2273,1325,2877,4128276,3991114,0.5084465704935962,True,official_reeval,1.2764467689217807,3.8584329037442995,2.581986134822519,3.0227918607240722,V2,V2,,,2497479,6418902,V1_main,1.2764467689217807,V2,826216,10661528,V2,3.8584329037442995,,
case_086,5,118403,69588,True,69588,1417624,0,1417624,703,104,837,220532,886026,0.1992954729892152,True,official_reeval(regen),39819,True,39819,1686582,0,1686582,599,375,804,668946,693434,0.4910127864472467,True,official_reeval,1.7014858883715582,2.973530224264798,1.2720443358932398,1.747607925864537,V2,V2,,,69588,1417624,V1_main,1.7014858883715582,V2,39819,1686582,V2,2.973530224264798,,
case_087,5,3974071,1761398,True,1761398,25699992,2382336,23317656,3281,97,4761,444312,19121884,0.022708144189090205,True,official_reeval(regen),803557,True,803557,9510916,3695616,5815300,22,824,2945,3796992,11526622,0.24778697766727875,True,official_reeval,2.256202743502604,4.945599378762179,2.6893966352595746,2.1920013141569297,V2,V2,,,1761398,25699992,V1_main,2.256202743502604,V2,803557,9510916,V2,4.945599378762179,,
case_088,5,243623,116514,True,116514,1385056,0,1385056,369,57,641,657490,2174668,0.2321515960620841,True,official_reeval(regen),77611,True,77611,2077376,0,2077376,448,256,788,994578,2461244,0.2877978090306735,True,official_reeval,2.0909332784043118,3.139026684361753,1.0480934059574412,1.5012562652201362,V2,V2,,,116514,1385056,V1_main,2.0909332784043118,V2,77611,2077376,V2,3.139026684361753,,
case_089,5,693092,140760,True,140760,1430016,0,1430016,58,76,368,25008,1570000,0.015678918224861567,True,official_reeval(regen),135556,True,135556,954880,0,954880,0,0,310,0,1357440,0.0,True,official_reeval,4.923927252060245,5.1129570066983385,0.1890297546380939,1.038390038065449,V2,V2,,,140760,1430016,V1_main,4.923927252060245,V2,135556,954880,V2,5.1129570066983385,,
case_090,5,1178363,232384,True,232384,8078496,168960,7909536,463,190,729,4729632,4979520,0.48713131692654515,True,official_reeval(regen),278394,True,278394,8315376,0,8315376,791,207,1018,1525128,7996392,0.16017694653794773,True,official_reeval,5.070757883503167,4.232716940738666,-0.8380409427645015,0.834730633562505,V1,V1,,,232384,8078496,V1_main,5.070757883503167,V1,232384,8078496,V1_main,5.070757883503167,,
case_091,5,9186769,2267504,True,2267504,77651784,14687040,62964744,9878,73,14051,1387328,45864452,0.02936033309221367,True,official_reeval(regen),1857020,True,1857020,39116928,31856256,7260672,0,4269,12867,13261824,32390784,0.2904943349567236,True,official_reeval,4.051489655586054,4.947049035551583,0.8955593799655288,1.221044469095648,V2,V2,,,2267504,77651784,V1_main,4.051489655586054,V2,1857020,39116928,V2,4.947049035551583,,
case_092,5,4815554,1168371,True,1168371,48202016,43624960,4577056,318,2511,3391,40430336,8505472,0.8261912422085684,True,official_reeval(regen),964933,True,964933,21855424,147456,21707968,3016,82,3337,1322208,12606016,0.09493012174416494,True,official_reeval,4.121596650379032,4.990557893656865,0.8689612432778331,1.2108312183332937,V2,V2,,,1168371,48202016,V1_main,4.121596650379032,V2,964933,21855424,V2,4.990557893656865,,
case_093,5,74205,21178,True,21178,229376,0,229376,50,11,342,22528,677888,0.03216374269005848,True,official_reeval(regen),15876,True,15876,32768,0,32768,0,0,296,0,606208,0.0,True,official_reeval,3.5038719425819247,4.674036281179139,1.170164338597214,1.3339632149155958,V2,V2,21178,full,21178,229376,V1_main,3.5038719425819247,V2,15876,32768,V2,4.674036281179139,,
case_094,5,94892,21251,True,21251,658976,0,658976,68,38,210,141344,730144,0.162186972167144,True,official_reeval(regen),18369,True,18369,251392,0,251392,9,25,141,156160,528160,0.2281973345803133,True,official_reeval,4.465295750788198,5.165877293265829,0.7005815424776305,1.1568947683597366,V2,V2,,,21251,658976,V1_main,4.465295750788198,V2,18369,251392,V2,5.165877293265829,,
case_095,5,2084853,406932,True,406932,3280896,0,3280896,89,0,1937,0,10156956,0.0,True,official_reeval(regen),410945,True,410945,12791808,5640192,7151616,194,0,2195,0,14912412,0.0,True,official_reeval,5.123344932322845,5.0733139471218776,-0.05003098520096749,0.9902347029407829,V1,V1,,,406932,3280896,V1_main,5.123344932322845,V1,406932,3280896,V1_main,5.123344932322845,,
case_096,5,84194,18485,True,18485,704384,0,704384,168,81,356,247498,460586,0.3495319764321747,True,official_reeval(regen),21977,True,21977,707224,0,707224,166,66,344,212170,486134,0.3038361515901384,True,official_reeval,4.5547200432783335,3.831005141739091,-0.7237149015392426,0.8411066114574328,V1,V1,,,18485,704384,V1_main,4.5547200432783335,V1,18485,704384,V1_main,4.5547200432783335,,
case_097,5,11491509,3033294,True,3033294,47329280,0,47329280,1660,1459,3994,6344704,24846336,0.20341431385423506,True,official_reeval(regen),2064506,True,2064506,93175808,0,93175808,3098,3128,7258,16138240,43229184,0.27183662205050363,True,official_reeval,3.7884586855082296,5.5662269811761265,1.7777682956678968,1.4692589898019188,V2,V2,,,3033294,47329280,V1_main,3.7884586855082296,V2,2064506,93175808,V2,5.5662269811761265,,
case_098,5,177430,46078,True,46078,1508376,0,1508376,261,69,467,299030,1300528,0.18694539366499996,True,official_reeval(regen),55960,True,55960,1441198,290816,1150382,172,71,406,512024,1162488,0.3057750556580066,True,official_reeval,3.850644559225661,3.1706576125804147,-0.6799869466452462,0.823409578270193,V1,V1,,,46078,1508376,V1_main,3.850644559225661,V1,46078,1508376,V1_main,3.850644559225661,,
case_099,5,1622999,397352,True,397352,10250128,0,10250128,2035,228,2974,954368,7501000,0.11287125527830368,True,official_reeval(regen),331201,True,331201,4718592,1769472,2949120,0,553,1693,2265088,4987136,0.31233012107734126,True,official_reeval,4.0845371358392555,4.900344503790749,0.8158073679514937,1.1997306771416754,V2,V2,,,397352,10250128,V1_main,4.0845371358392555,V2,331201,4718592,V2,4.900344503790749,,
case_100,5,151223,44251,True,44251,696414,0,696414,164,68,399,303114,632652,0.32392072377068626,True,official_reeval(regen),38903,True,38903,1591490,8192,1583298,313,181,646,844980,812696,0.5097377292064311,True,official_reeval,3.4173916973627714,3.8871809372027863,0.46978923984001497,1.1374701179857594,V2,V2,,,44251,696414,V1_main,3.4173916973627714,V2,38903,1591490,V2,3.8871809372027863,,
