case,cores,T1,v1_reported_makespan,v1_valid,v1_makespan,v1_added,v1_spill,v1_partition,v1_matches_report,v1_source,v2_reported_makespan,v2_valid,v2_makespan,v2_added,v2_spill,v2_partition,v2_matches_report,v2_source,v1_speedup,v2_speedup,speedup_diff_v2_minus_v1,makespan_ratio_v1_over_v2,winner,winner_lex,v1_supp_best_reported,v1_supp_best_variant,v1best_makespan,v1best_added,v1best_source,v1best_speedup,winner_vs_v1best,merged_makespan,merged_added,merged_source,merged_speedup,v1_supp57_added,v1_supp57_makespan
case_001,2,233110,119789,True,119789,107520,0,107520,True,official_reeval(regen),116868,True,116868,1152,0,1152,True,official_reeval,1.946005058895224,1.9946435294520313,0.048638470556807256,1.0249940103364479,V2,V2,,,119789,107520,V1_main,1.946005058895224,V2,116868,1152,V2,1.9946435294520313,,
case_002,2,261945,181055,True,181055,709632,0,709632,True,official_reeval(regen),136357,True,136357,5614080,0,5614080,True,official_reeval,1.4467703184115324,1.9210234898098375,0.47425317139830514,1.327801286329268,V2,V2,,,181055,709632,V1_main,1.4467703184115324,V2,136357,5614080,V2,1.9210234898098375,,
case_003,2,602212,555374,True,555374,3533938,0,3533938,True,official_reeval(regen),370859,True,370859,6737114,0,6737114,True,official_reeval,1.0843359609920522,1.6238300809741708,0.5394941199821186,1.4975341032575722,V2,V2,,,555374,3533938,V1_main,1.0843359609920522,V2,370859,6737114,V2,1.6238300809741708,,
case_004,2,392357,226049,True,226049,3348480,0,3348480,True,official_reeval(regen),199074,True,199074,110592,0,110592,True,official_reeval,1.7357165924202276,1.9709103147573264,0.2351937223370988,1.135502376000884,V2,V2,,,226049,3348480,V1_main,1.7357165924202276,V2,199074,110592,V2,1.9709103147573264,,
case_005,2,95618,95618,True,95618,0,0,0,True,official_reeval(regen),72981,True,72981,1374260,0,1374260,True,official_reeval,1.0,1.3101766213123964,0.3101766213123964,1.3101766213123964,V2,V2,,,95618,0,V1_main,1.0,V2,72981,1374260,V2,1.3101766213123964,,
case_006,2,82837,52149,True,52149,915210,0,915210,True,official_reeval(regen),43057,True,43057,61960,0,61960,True,official_reeval,1.5884676599743044,1.923891585572613,0.3354239255983087,1.211161948115289,V2,V2,,,52149,915210,V1_main,1.5884676599743044,V2,43057,61960,V2,1.923891585572613,,
case_007,2,1012562,550468,True,550468,4509696,0,4509696,True,official_reeval(regen),507494,True,507494,27648,0,27648,True,official_reeval,1.8394566078318813,1.9952196479170197,0.15576304008513842,1.0846788336413828,V2,V2,,,550468,4509696,V1_main,1.8394566078318813,V2,507494,27648,V2,1.9952196479170197,,
case_008,2,487605,250288,True,250288,331776,0,331776,True,official_reeval(regen),137478,True,137478,3981312,0,3981312,True,official_reeval,1.9481757015917662,3.546785667524986,1.5986099659332196,1.8205676544610774,V2,V2,,,250288,331776,V1_main,1.9481757015917662,V2,137478,3981312,V2,3.546785667524986,,
case_009,2,153261,132269,True,132269,361572,0,361572,True,official_reeval(regen),92198,True,92198,0,0,0,True,official_reeval,1.1587068776508478,1.66230286991041,0.5035959922595623,1.4346189722119786,V2,V2,,,132269,361572,V1_main,1.1587068776508478,V2,92198,0,V2,1.66230286991041,,
case_010,2,86969,50052,True,50052,522770,0,522770,True,official_reeval(regen),42513,True,42513,795296,0,795296,True,official_reeval,1.7375729241588749,2.045703667113589,0.308130742954714,1.1773339919554018,V2,V2,,,50052,522770,V1_main,1.7375729241588749,V2,42513,795296,V2,2.045703667113589,,
case_011,2,184697,92646,True,92646,360448,0,360448,True,official_reeval(regen),92646,True,92646,180224,0,180224,True,official_reeval,1.9935777043801135,1.9935777043801135,0.0,1.0,tie,V2,,,92646,360448,V1_main,1.9935777043801135,tie,92646,180224,V2,1.9935777043801135,,
case_012,2,59088,35791,True,35791,574434,0,574434,True,official_reeval(regen),30606,True,30606,25920,0,25920,True,official_reeval,1.6509178285043726,1.9306018427759264,0.27968401427155376,1.1694112265568843,V2,V2,,,35791,574434,V1_main,1.6509178285043726,V2,30606,25920,V2,1.9306018427759264,,
case_013,2,263949,138267,True,138267,2940928,0,2940928,True,official_reeval(regen),132198,True,132198,8192,0,8192,True,official_reeval,1.9089804508668011,1.9966187083011846,0.08763825743438347,1.0459084101121046,V2,V2,138267,full,138267,2940928,V1_main,1.9089804508668011,V2,132198,8192,V2,1.9966187083011846,,
case_014,2,17698626,12928830,True,12928830,149758584,8475552,141283032,True,official_reeval(regen),8761285,True,8761285,60478368,15344544,45133824,True,official_reeval,1.3689271186951952,2.020094769203376,0.6511676505081807,1.4756773692443517,V2,V2,10053241,no_critical_path,10053241,175846076,V1_supp57,1.7604895774407476,V2,8761285,60478368,V2,2.020094769203376,175846076,10053241
case_015,2,177362,106137,True,106137,2014324,0,2014324,True,official_reeval(regen),90201,True,90201,180240,81936,98304,True,official_reeval,1.6710666402856684,1.9662974911586346,0.2952308508729662,1.176672098978947,V2,V2,,,106137,2014324,V1_main,1.6710666402856684,V2,90201,180240,V2,1.9662974911586346,,
case_016,2,7715523,7715523,True,7715523,0,0,0,True,official_reeval(regen),5927539,True,5927539,178804716,0,178804716,True,official_reeval,1.0,1.3016401916545803,0.30164019165458034,1.3016401916545803,V2,V2,,,7715523,0,V1_main,1.0,V2,5927539,178804716,V2,1.3016401916545803,,
case_017,2,162810,89558,True,89558,455836,0,455836,True,official_reeval(regen),78762,True,78762,82944,0,82944,True,official_reeval,1.8179280466290002,2.067113582692161,0.24918553606316096,1.1370711764556511,V2,V2,,,89558,455836,V1_main,1.8179280466290002,V2,78762,82944,V2,2.067113582692161,,
case_018,2,1004367,985351,True,985351,7778752,0,7778752,True,official_reeval(regen),498667,True,498667,3612676,98304,3514372,True,official_reeval,1.0192987067552577,2.014103600198128,0.9948048934428704,1.9759699358489733,V2,V2,,,985351,7778752,V1_main,1.0192987067552577,V2,498667,3612676,V2,2.014103600198128,,
case_019,2,81144,45182,True,45182,287924,0,287924,True,official_reeval(regen),40818,True,40818,49152,0,49152,True,official_reeval,1.7959364348634412,1.9879464941937381,0.1920100593302969,1.1069136165417217,V2,V2,,,45182,287924,V1_main,1.7959364348634412,V2,40818,49152,V2,1.9879464941937381,,
case_020,2,532746,282015,True,282015,548864,0,548864,True,official_reeval(regen),266580,True,266580,0,0,0,True,official_reeval,1.889069730333493,1.9984469952734638,0.10937726493997091,1.0579000675219445,V2,V2,,,282015,548864,V1_main,1.889069730333493,V2,266580,0,V2,1.9984469952734638,,
case_021,2,6567937,3605844,True,3605844,47245312,0,47245312,True,official_reeval(regen),3109260,True,3109260,8294400,0,8294400,True,official_reeval,1.8214700913295194,2.11237947292925,0.2909093815997308,1.1597113139460837,V2,V2,,,3605844,47245312,V1_main,1.8214700913295194,V2,3109260,8294400,V2,2.11237947292925,,
case_022,2,56780,33861,True,33861,321108,0,321108,True,official_reeval(regen),28961,True,28961,0,0,0,True,official_reeval,1.6768553793449692,1.9605676599564932,0.283712280611524,1.1691930527260799,V2,V2,,,33861,321108,V1_main,1.6768553793449692,V2,28961,0,V2,1.9605676599564932,,
case_023,2,122614,69285,True,69285,699572,0,699572,True,official_reeval(regen),62929,True,62929,181208,0,181208,True,official_reeval,1.769704842317962,1.948449840296207,0.17874499797824495,1.1010027173481225,V2,V2,69285,full,69285,699572,V1_main,1.769704842317962,V2,62929,181208,V2,1.948449840296207,,
case_024,2,2555343,2555343,True,2555343,0,0,0,True,official_reeval(regen),1951984,True,1951984,58596620,0,58596620,True,official_reeval,1.0,1.309100381970344,0.30910038197034395,1.309100381970344,V2,V2,,,2555343,0,V1_main,1.0,V2,1951984,58596620,V2,1.309100381970344,,
case_025,2,4863026,2620466,True,2620466,19709952,0,19709952,True,official_reeval(regen),2431840,True,2431840,27648,0,27648,True,official_reeval,1.8557867188507693,1.9997310678334101,0.14394434898264086,1.0775651358642016,V2,V2,2620466,full,2620466,19709952,V1_main,1.8557867188507693,V2,2431840,27648,V2,1.9997310678334101,,
case_026,2,99203,65638,True,65638,1488714,0,1488714,True,official_reeval(regen),52762,True,52762,193048,0,193048,True,official_reeval,1.511365367622414,1.8801978696789357,0.36883250205652174,1.244039270687237,V2,V2,,,65638,1488714,V1_main,1.511365367622414,V2,52762,193048,V2,1.8801978696789357,,
case_027,2,2363952,2243105,True,2243105,3325952,0,3325952,True,official_reeval(regen),1116984,True,1116984,2211840,0,2211840,True,official_reeval,1.0538748743371353,2.1163705120216583,1.062495637684523,2.0081800634565936,V2,V2,,,2243105,3325952,V1_main,1.0538748743371353,V2,1116984,2211840,V2,2.1163705120216583,,
case_028,2,43836040,24044700,True,24044700,279966216,227577672,52388544,True,official_reeval(regen),21764618,True,21764618,76515912,331776,76184136,True,official_reeval,1.823106131496754,2.0140964569192072,0.1909903254224532,1.1047609473320414,V2,V2,,,24044700,279966216,V1_main,1.823106131496754,V2,21764618,76515912,V2,2.0140964569192072,,
case_029,2,37555,25332,True,25332,320046,0,320046,True,official_reeval(regen),19740,True,19740,0,0,0,True,official_reeval,1.4825122374861834,1.9024822695035462,0.4199700320173627,1.2832826747720365,V2,V2,,,25332,320046,V1_main,1.4825122374861834,V2,19740,0,V2,1.9024822695035462,,
case_030,2,2808034,1799347,True,1799347,37094152,0,37094152,True,official_reeval(regen),1403531,True,1403531,2580480,1341440,1239040,True,official_reeval,1.5605850344597234,2.0006925390319132,0.44010750457218983,1.2820144335964079,V2,V2,,,1799347,37094152,V1_main,1.5605850344597234,V2,1403531,2580480,V2,2.0006925390319132,,
case_031,2,1414369,882026,True,882026,12829076,0,12829076,True,official_reeval(regen),708600,True,708600,3173376,2429952,743424,True,official_reeval,1.6035457004668796,1.9960047981936213,0.3924590977267417,1.2447445667513406,V2,V2,,,882026,12829076,V1_main,1.6035457004668796,V2,708600,3173376,V2,1.9960047981936213,,
case_032,2,41443,24060,True,24060,469318,0,469318,True,official_reeval(regen),20428,True,20428,6144,0,6144,True,official_reeval,1.7224854530340814,2.0287350695124338,0.30624961647835236,1.1777951830820443,V2,V2,,,24060,469318,V1_main,1.7224854530340814,V2,20428,6144,V2,2.0287350695124338,,
case_033,2,1774196,1152491,True,1152491,16059400,0,16059400,True,official_reeval(regen),882972,True,882972,5415936,0,5415936,True,official_reeval,1.5394445596538282,2.0093457097167295,0.46990115006290134,1.3052407097846817,V2,V2,,,1152491,16059400,V1_main,1.5394445596538282,V2,882972,5415936,V2,2.0093457097167295,,
case_034,2,842996,677104,True,677104,9097778,0,9097778,True,official_reeval(regen),428357,True,428357,3448840,32768,3416072,True,official_reeval,1.245002244854557,1.9679753103135935,0.7229730654590365,1.5807002103385728,V2,V2,,,677104,9097778,V1_main,1.245002244854557,V2,428357,3448840,V2,1.9679753103135935,,
case_035,2,169571,149887,True,149887,339996,0,339996,True,official_reeval(regen),95406,True,95406,0,0,0,True,official_reeval,1.1313255986176254,1.7773620107750037,0.6460364121573783,1.5710437498689809,V2,V2,,,149887,339996,V1_main,1.1313255986176254,V2,95406,0,V2,1.7773620107750037,,
case_036,2,931510,469346,True,469346,119808,0,119808,True,official_reeval(regen),466068,True,466068,1152,0,1152,True,official_reeval,1.9846978561658137,1.998656848356892,0.013958992191078323,1.0070333084442613,V2,V2,,,469346,119808,V1_main,1.9846978561658137,V2,466068,1152,V2,1.998656848356892,,
case_037,2,210001,126608,True,126608,3239936,0,3239936,True,official_reeval(regen),105374,True,105374,204800,0,204800,True,official_reeval,1.6586708580816378,1.992910964754114,0.33424010667247606,1.2015108091179987,V2,V2,,,126608,3239936,V1_main,1.6586708580816378,V2,105374,204800,V2,1.992910964754114,,
case_038,2,1364555,838387,True,838387,11891204,0,11891204,True,official_reeval(regen),671633,True,671633,6901248,27648,6873600,True,official_reeval,1.6275956091876425,2.0316973704389154,0.40410176125127295,1.2482814275057956,V2,V2,,,838387,11891204,V1_main,1.6275956091876425,V2,671633,6901248,V2,2.0316973704389154,,
case_039,2,1435262,929168,True,929168,19517440,0,19517440,True,official_reeval(regen),696914,True,696914,12148736,475136,11673600,True,official_reeval,1.5446743753551564,2.0594535337215207,0.5147791583663643,1.3332606318713642,V2,V2,,,929168,19517440,V1_main,1.5446743753551564,V2,696914,12148736,V2,2.0594535337215207,,
case_040,2,253454,205831,True,205831,2170540,0,2170540,True,official_reeval(regen),130528,True,130528,36864,0,36864,True,official_reeval,1.2313694244307223,1.9417596224564844,0.7103901980257621,1.5769107011522432,V2,V2,,,205831,2170540,V1_main,1.2313694244307223,V2,130528,36864,V2,1.9417596224564844,,
case_041,2,6003957,3939892,True,3939892,52800912,0,52800912,True,official_reeval(regen),2969043,True,2969043,24426496,1238016,23188480,True,official_reeval,1.5238887258838567,2.022185936680607,0.4982972107967505,1.3269905488064673,V2,V2,,,3939892,52800912,V1_main,1.5238887258838567,V2,2969043,24426496,V2,2.022185936680607,,
case_042,2,1686740,1618318,True,1618318,4597764,0,4597764,True,official_reeval(regen),836687,True,836687,3753984,989184,2764800,True,official_reeval,1.0422797002814033,2.0159749105699025,0.9736952102884993,1.9341976151177203,V2,V2,1065424,no_critical_path,1065424,13425680,V1_supp57,1.583163135052336,V2,836687,3753984,V2,2.0159749105699025,13425680,1065424
case_043,2,677656,509854,True,509854,1473446,16384,1457062,True,official_reeval(regen),342489,True,342489,1030144,16384,1013760,True,official_reeval,1.3291177474335791,1.9786212111921844,0.6495034637586052,1.48867262890195,V2,V2,508823,no_wait,508823,1473454,V1_supp57,1.3318108654679526,V2,342489,1030144,V2,1.9786212111921844,1473454,508823
case_044,2,154407,154407,True,154407,4438112,4438112,0,True,official_reeval(regen),90788,True,90788,1077920,52800,1025120,True,official_reeval,1.0,1.7007423888619642,0.7007423888619642,1.7007423888619642,V2,V2,,,154407,4438112,V1_main,1.0,V2,90788,1077920,V2,1.7007423888619642,,
case_045,2,125614,69485,True,69485,561152,0,561152,True,official_reeval(regen),63059,True,63059,0,0,0,True,official_reeval,1.8077858530618118,1.99200748505368,0.18422163199186814,1.1019045655655815,V2,V2,,,69485,561152,V1_main,1.8077858530618118,V2,63059,0,V2,1.99200748505368,,
case_046,2,276455,146214,True,146214,6291040,446496,5844544,True,official_reeval(regen),135950,True,135950,1200736,0,1200736,True,official_reeval,1.8907560151558673,2.033504965060684,0.14274894990481668,1.075498344979772,V2,V2,,,146214,6291040,V1_main,1.8907560151558673,V2,135950,1200736,V2,2.033504965060684,,
case_047,2,326508,323683,True,323683,746018,0,746018,True,official_reeval(regen),228888,True,228888,2505770,0,2505770,True,official_reeval,1.0087276749165077,1.4264968019293278,0.4177691270128201,1.414154520988431,V2,V2,,,323683,746018,V1_main,1.0087276749165077,V2,228888,2505770,V2,1.4264968019293278,,
case_048,2,222220,222220,True,222220,0,0,0,True,official_reeval(regen),163381,True,163381,1136990,0,1136990,True,official_reeval,1.0,1.3601336752743587,0.3601336752743587,1.3601336752743587,V2,V2,,,222220,0,V1_main,1.0,V2,163381,1136990,V2,1.3601336752743587,,
case_049,2,196276,186550,True,186550,1497060,0,1497060,True,official_reeval(regen),121320,True,121320,1006668,0,1006668,True,official_reeval,1.0521361565264005,1.6178371249587866,0.5657009684323862,1.5376689746125949,V2,V2,,,186550,1497060,V1_main,1.0521361565264005,V2,121320,1006668,V2,1.6178371249587866,,
case_050,2,149690,135065,True,135065,369892,0,369892,True,official_reeval(regen),99247,True,99247,1001482,0,1001482,True,official_reeval,1.1082811979417317,1.5082571765393413,0.3999759785976096,1.3608975586163814,V2,V2,,,135065,369892,V1_main,1.1082811979417317,V2,99247,1001482,V2,1.5082571765393413,,
case_051,2,607628,607628,True,607628,0,0,0,True,official_reeval(regen),450139,True,450139,13108922,0,13108922,True,official_reeval,1.0,1.3498674853767392,0.3498674853767392,1.3498674853767392,V2,V2,,,607628,0,V1_main,1.0,V2,450139,13108922,V2,1.3498674853767392,,
case_052,2,180301,102619,True,102619,1314196,0,1314196,True,official_reeval(regen),91999,True,91999,149760,0,149760,True,official_reeval,1.7569943187908672,1.9598147805954413,0.20282046180457414,1.1154360373482322,V2,V2,,,102619,1314196,V1_main,1.7569943187908672,V2,91999,149760,V2,1.9598147805954413,,
case_053,2,1472686,835020,True,835020,13559480,0,13559480,True,official_reeval(regen),707964,True,707964,10528256,0,10528256,True,official_reeval,1.7636535651840675,2.0801707431451315,0.31651717796106404,1.1794667525467397,V2,V2,,,835020,13559480,V1_main,1.7636535651840675,V2,707964,10528256,V2,2.0801707431451315,,
case_054,2,815051,519883,True,519883,5209258,0,5209258,True,official_reeval(regen),499011,True,499011,6012542,0,6012542,True,official_reeval,1.5677585148966209,1.6333327321441813,0.0655742172475604,1.0418267332784248,V2,V2,,,519883,5209258,V1_main,1.5677585148966209,V2,499011,6012542,V2,1.6333327321441813,,
case_055,2,118835,68852,True,68852,1154950,0,1154950,True,official_reeval(regen),61132,True,61132,16384,0,16384,True,official_reeval,1.7259484110846453,1.9439082640842766,0.2179598529996314,1.1262841065235882,V2,V2,,,68852,1154950,V1_main,1.7259484110846453,V2,61132,16384,V2,1.9439082640842766,,
case_056,2,277285,277285,True,277285,0,0,0,True,official_reeval(regen),171985,True,171985,1709602,0,1709602,True,official_reeval,1.0,1.6122626973282554,0.6122626973282554,1.6122626973282554,V2,V2,,,277285,0,V1_main,1.0,V2,171985,1709602,V2,1.6122626973282554,,
case_057,2,59726,34263,True,34263,732074,0,732074,True,official_reeval(regen),29970,True,29970,4096,4096,0,True,official_reeval,1.7431631789393807,1.9928595261928594,0.24969634725347878,1.1432432432432433,V2,V2,,,34263,732074,V1_main,1.7431631789393807,V2,29970,4096,V2,1.9928595261928594,,
case_058,2,4539717,2564122,True,2564122,66510848,0,66510848,True,official_reeval(regen),2199011,True,2199011,42680320,966656,41713664,True,official_reeval,1.7704762097903297,2.064435784996073,0.29395957520574334,1.1660341853678768,V2,V2,,,2564122,66510848,V1_main,1.7704762097903297,V2,2199011,42680320,V2,2.064435784996073,,
case_059,2,829473,743077,True,743077,3473408,0,3473408,True,official_reeval(regen),369318,True,369318,360448,0,360448,True,official_reeval,1.1162678968666773,2.2459587672412393,1.129690870374562,2.0120248674583965,V2,V2,,,743077,3473408,V1_main,1.1162678968666773,V2,369318,360448,V2,2.2459587672412393,,
case_060,2,888789,557582,True,557582,11641670,24576,11617094,True,official_reeval(regen),438781,True,438781,4809728,106496,4703232,True,official_reeval,1.5940059040643348,2.025586796146597,0.43158089208226236,1.2707523798888283,V2,V2,,,557582,11641670,V1_main,1.5940059040643348,V2,438781,4809728,V2,2.025586796146597,,
case_061,2,77191,58754,True,58754,661586,0,661586,True,official_reeval(regen),45075,True,45075,6912,0,6912,True,official_reeval,1.3137999114953876,1.7125013865779257,0.39870147508253817,1.3034719911259012,V2,V2,,,58754,661586,V1_main,1.3137999114953876,V2,45075,6912,V2,1.7125013865779257,,
case_062,2,2854809,2854809,True,2854809,0,0,0,True,official_reeval(regen),1658808,True,1658808,7672320,0,7672320,True,official_reeval,1.0,1.72100026042797,0.7210002604279699,1.72100026042797,V2,V2,,,2854809,0,V1_main,1.0,V2,1658808,7672320,V2,1.72100026042797,,
case_063,2,1070397,962404,True,962404,2449920,0,2449920,True,official_reeval(regen),521146,True,521146,17286144,0,17286144,True,official_reeval,1.112211711505771,2.0539292252075234,0.9417175137017524,1.8467070648148503,V2,V2,,,962404,2449920,V1_main,1.112211711505771,V2,521146,17286144,V2,2.0539292252075234,,
case_064,2,19116,19116,True,19116,0,0,0,True,official_reeval(regen),17745,True,17745,144652,0,144652,True,official_reeval,1.0,1.0772612003381234,0.07726120033812345,1.0772612003381234,V2,V2,,,19116,0,V1_main,1.0,V2,17745,144652,V2,1.0772612003381234,,
case_065,2,53068,32568,True,32568,487898,0,487898,True,official_reeval(regen),27393,True,27393,13824,0,13824,True,official_reeval,1.6294522230410218,1.9372832475449933,0.3078310245039715,1.1889168765743072,V2,V2,,,32568,487898,V1_main,1.6294522230410218,V2,27393,13824,V2,1.9372832475449933,,
case_066,2,359070,350569,True,350569,2137698,0,2137698,True,official_reeval(regen),212846,True,212846,3032400,0,3032400,True,official_reeval,1.0242491492402352,1.686994352724505,0.6627452034842698,1.6470546780301252,V2,V2,,,350569,2137698,V1_main,1.0242491492402352,V2,212846,3032400,V2,1.686994352724505,,
case_067,2,63834834,36016052,True,36016052,256519552,173202560,83316992,True,official_reeval(regen),30420456,True,30420456,90768256,0,90768256,True,official_reeval,1.7723995400717436,2.0984180513270414,0.3260185112552978,1.1839418843688603,V2,V2,,,36016052,256519552,V1_main,1.7723995400717436,V2,30420456,90768256,V2,2.0984180513270414,,
case_068,2,362095,349435,True,349435,2357552,0,2357552,True,official_reeval(regen),220293,True,220293,3215286,0,3215286,True,official_reeval,1.0362299140040352,1.6436972577430966,0.6074673437390614,1.58622834134539,V2,V2,,,349435,2357552,V1_main,1.0362299140040352,V2,220293,3215286,V2,1.6436972577430966,,
case_069,2,25144,22618,True,22618,640852,0,640852,True,official_reeval(regen),17304,True,17304,148520,0,148520,True,official_reeval,1.1116809620656114,1.4530744336569579,0.3413934715913465,1.30709662505779,V2,V2,,,22618,640852,V1_main,1.1116809620656114,V2,17304,148520,V2,1.4530744336569579,,
case_070,2,117300,69749,True,69749,603264,0,603264,True,official_reeval(regen),59950,True,59950,73728,0,73728,True,official_reeval,1.6817445411403749,1.9566305254378649,0.27488598429749,1.1634528773978314,V2,V2,,,69749,603264,V1_main,1.6817445411403749,V2,59950,73728,V2,1.9566305254378649,,
case_071,2,18919,17620,True,17620,438886,0,438886,True,official_reeval(regen),13478,True,13478,144492,0,144492,True,official_reeval,1.07372304199773,1.4036949102240688,0.32997186822633884,1.3073156254637186,V2,V2,,,17620,438886,V1_main,1.07372304199773,V2,13478,144492,V2,1.4036949102240688,,
case_072,2,23897828,13538112,True,13538112,171776340,3158064,168618276,True,official_reeval(regen),11765860,True,11765860,98414640,38162480,60252160,True,official_reeval,1.7652260521998933,2.0311161275078913,0.265890075307998,1.15062664352627,V2,V2,,,13538112,171776340,V1_main,1.7652260521998933,V2,11765860,98414640,V2,2.0311161275078913,,
case_073,2,10081626,5945469,True,5945469,130650240,57955328,72694912,True,official_reeval(regen),4504791,True,4504791,32548352,294912,32253440,True,official_reeval,1.6956822077450913,2.2379786320830424,0.5422964243379511,1.319810175433222,V2,V2,5460206,no_wait,5460206,132397440,V1_supp57,1.8463819863206625,V2,4504791,32548352,V2,2.2379786320830424,132397440,5460206
case_074,2,1682239,1635253,True,1635253,3747872,122888,3624984,True,official_reeval(regen),837682,True,837682,4751360,1982464,2768896,True,official_reeval,1.028733168506647,2.0082071716952257,0.9794740031885787,1.9521166743465899,V2,V2,,,1635253,3747872,V1_main,1.028733168506647,V2,837682,4751360,V2,2.0082071716952257,,
case_075,2,1441809,1441392,True,1441392,1424604,0,1424604,True,official_reeval(regen),910797,True,910797,6683756,0,6683756,True,official_reeval,1.000289303673116,1.5830190481523325,0.5827297444792165,1.582561207382106,V2,V2,,,1441392,1424604,V1_main,1.000289303673116,V2,910797,6683756,V2,1.5830190481523325,,
case_076,2,6185113,3792652,True,3792652,81764364,0,81764364,True,official_reeval(regen),3045889,True,3045889,27106304,339968,26766336,True,official_reeval,1.630814796611975,2.030642942011347,0.39982814539937195,1.2451707859347467,V2,V2,,,3792652,81764364,V1_main,1.630814796611975,V2,3045889,27106304,V2,2.030642942011347,,
case_077,2,495320,268174,True,268174,2932930,0,2932930,True,official_reeval(regen),247582,True,247582,57348,0,57348,True,official_reeval,1.8470097772341838,2.0006300942717967,0.15362031703761292,1.0831724438771801,V2,V2,,,268174,2932930,V1_main,1.8470097772341838,V2,247582,57348,V2,2.0006300942717967,,
case_078,2,2296143,1086117,True,1086117,15481728,0,15481728,True,official_reeval(regen),1080972,True,1080972,15039360,0,15039360,True,official_reeval,2.1140843942227217,2.1241466013920807,0.010062207169359016,1.0047596052441692,V2,V2,,,1086117,15481728,V1_main,2.1140843942227217,V2,1080972,15039360,V2,2.1241466013920807,,
case_079,2,31052251,17209629,True,17209629,209199104,0,209199104,True,official_reeval(regen),14808307,True,14808307,44177408,1150976,43026432,True,official_reeval,1.804353307093372,2.0969480846122384,0.2925947775188664,1.1621604684451774,V2,V2,,,17209629,209199104,V1_main,1.804353307093372,V2,14808307,44177408,V2,2.0969480846122384,,
case_080,2,292138,173995,True,173995,4317184,0,4317184,True,official_reeval(regen),146828,True,146828,1904640,0,1904640,True,official_reeval,1.6790022701801777,1.9896613724902608,0.3106591023100831,1.1850260168360258,V2,V2,,,173995,4317184,V1_main,1.6790022701801777,V2,146828,1904640,V2,1.9896613724902608,,
case_081,2,151795,111515,True,111515,771978,0,771978,True,official_reeval(regen),76860,True,76860,0,0,0,True,official_reeval,1.361207012509528,1.9749544626593807,0.6137474501498528,1.4508847254748893,V2,V2,,,111515,771978,V1_main,1.361207012509528,V2,76860,0,V2,1.9749544626593807,,
case_082,2,721041,675637,True,675637,2938452,0,2938452,True,official_reeval(regen),427151,True,427151,3207112,0,3207112,True,official_reeval,1.0672017666291218,1.6880236731273015,0.6208219064981797,1.5817287095195844,V2,V2,,,675637,2938452,V1_main,1.0672017666291218,V2,427151,3207112,V2,1.6880236731273015,,
case_083,2,1057993,608206,True,608206,24346784,3188992,21157792,True,official_reeval(regen),513325,True,513325,5908576,0,5908576,True,official_reeval,1.739530685327011,2.061058783421809,0.3215280980947979,1.1848361174694395,V2,V2,,,608206,24346784,V1_main,1.739530685327011,V2,513325,5908576,V2,2.061058783421809,,
case_084,2,2507412,1257841,True,1257841,9216,0,9216,True,official_reeval(regen),687444,True,687444,9934848,0,9934848,True,official_reeval,1.9934252421410974,3.647441827988898,1.6540165858478006,1.8297359494009693,V2,V2,,,1257841,9216,V1_main,1.9934252421410974,V2,687444,9934848,V2,3.647441827988898,,
case_085,2,3187899,3186515,True,3186515,223878,0,223878,True,official_reeval(regen),1837742,True,1837742,15041394,0,15041394,True,official_reeval,1.0004343302950087,1.734682561534753,0.7342482312397443,1.733929463439373,V2,V2,,,3186515,223878,V1_main,1.0004343302950087,V2,1837742,15041394,V2,1.734682561534753,,
case_086,2,118403,118403,True,118403,0,0,0,True,official_reeval(regen),78663,True,78663,1995432,0,1995432,True,official_reeval,1.0,1.5051930386585815,0.5051930386585815,1.5051930386585815,V2,V2,,,118403,0,V1_main,1.0,V2,78663,1995432,V2,1.5051930386585815,,
case_087,2,3974071,3504882,True,3504882,27555882,216832,27339050,True,official_reeval(regen),1965480,True,1965480,10082304,161280,9921024,True,official_reeval,1.133867274276281,2.021934082259804,0.8880668079835232,1.7832193662616764,V2,V2,,,3504882,27555882,V1_main,1.133867274276281,V2,1965480,10082304,V2,2.021934082259804,,
case_088,2,243623,216422,True,216422,1568396,0,1568396,True,official_reeval(regen),152138,True,152138,2034826,0,2034826,True,official_reeval,1.1256850042971602,1.6013290565144802,0.47564405221732,1.4225374331199305,V2,V2,,,216422,1568396,V1_main,1.1256850042971602,V2,152138,2034826,V2,1.6013290565144802,,
case_089,2,693092,350332,True,350332,2057216,0,2057216,True,official_reeval(regen),346832,True,346832,238720,0,238720,True,official_reeval,1.9783862165032027,1.998350786547954,0.019964570044751273,1.0100913410527288,V2,V2,,,350332,2057216,V1_main,1.9783862165032027,V2,346832,238720,V2,1.998350786547954,,
case_090,2,1178363,612065,True,612065,23234400,2985984,20248416,True,official_reeval(regen),599295,True,599295,8143344,0,8143344,True,official_reeval,1.9252252620228243,1.9662486755270776,0.041023413504253314,1.0213083706688693,V2,V2,,,612065,23234400,V1_main,1.9252252620228243,V2,599295,8143344,V2,1.9662486755270776,,
case_091,2,9186769,5989874,True,5989874,85339284,1907328,83431956,True,official_reeval(regen),4547311,True,4547311,46648288,3505632,43142656,True,official_reeval,1.533716568996276,2.0202640637510827,0.48654749475480674,1.317234295169167,V2,V2,,,5989874,85339284,V1_main,1.533716568996276,V2,4547311,46648288,V2,2.0202640637510827,,
case_092,2,4815554,3000802,True,3000802,73330080,51209984,22120096,True,official_reeval(regen),2144140,True,2144140,18778272,12425344,6352928,True,official_reeval,1.6047556619863623,2.2459139794976073,0.641158317511245,1.3995364108686932,V2,V2,,,3000802,73330080,V1_main,1.6047556619863623,V2,2144140,18778272,V2,2.2459139794976073,,
case_093,2,74205,47058,True,47058,722944,0,722944,True,official_reeval(regen),37827,True,37827,8192,0,8192,True,official_reeval,1.5768838454672958,1.9616940280751844,0.3848101826078887,1.2440320406059164,V2,V2,46328,no_dedup,46328,925696,V1_supp57,1.6017311345190812,V2,37827,8192,V2,1.9616940280751844,925696,46328
case_094,2,94892,53669,True,53669,910644,0,910644,True,official_reeval(regen),47755,True,47755,193536,0,193536,True,official_reeval,1.7680970392591626,1.987058946707151,0.2189619074479885,1.1238404355564862,V2,V2,,,53669,910644,V1_main,1.7680970392591626,V2,47755,193536,V2,1.987058946707151,,
case_095,2,2084853,1049453,True,1049453,0,0,0,True,official_reeval(regen),575022,True,575022,17031168,0,17031168,True,official_reeval,1.986609214514609,3.625692582196855,1.639083367682246,1.8250658235684896,V2,V2,,,1049453,0,V1_main,1.986609214514609,V2,575022,17031168,V2,3.625692582196855,,
case_096,2,84194,50130,True,50130,770266,0,770266,True,official_reeval(regen),43435,True,43435,281756,0,281756,True,official_reeval,1.679513265509675,1.9383906987452515,0.25887743323557655,1.1541383676758374,V2,V2,,,50130,770266,V1_main,1.679513265509675,V2,43435,281756,V2,1.9383906987452515,,
case_097,2,11491509,10321023,True,10321023,12247040,0,12247040,True,official_reeval(regen),5156692,True,5156692,11927552,0,11927552,True,official_reeval,1.1134079441543732,2.2284652641654765,1.1150573200111034,2.001481376044953,V2,V2,,,10321023,12247040,V1_main,1.1134079441543732,V2,5156692,11927552,V2,2.2284652641654765,,
case_098,2,177430,130638,True,130638,1303056,0,1303056,True,official_reeval(regen),89620,True,89620,0,0,0,True,official_reeval,1.3581806212587455,1.9798036152644498,0.6216229940057043,1.457688016067842,V2,V2,,,130638,1303056,V1_main,1.3581806212587455,V2,89620,0,V2,1.9798036152644498,,
case_099,2,1622999,1226783,True,1226783,11601412,0,11601412,True,official_reeval(regen),808685,True,808685,4911104,4296704,614400,True,official_reeval,1.3229715442747414,2.0069606830842663,0.6839891388095249,1.517009713299987,V2,V2,,,1226783,11601412,V1_main,1.3229715442747414,V2,808685,4911104,V2,2.0069606830842663,,
case_100,2,151223,87915,True,87915,1240758,0,1240758,True,official_reeval(regen),77144,True,77144,429096,0,429096,True,official_reeval,1.7201046465335836,1.960269107124339,0.24016446059075536,1.139622005599917,V2,V2,,,87915,1240758,V1_main,1.7201046465335836,V2,77144,429096,V2,1.960269107124339,,
case_001,3,233110,87858,True,87858,431232,0,431232,True,official_reeval(regen),78545,True,78545,2304,0,2304,True,official_reeval,2.653258667395115,2.9678528232223567,0.3145941558272418,1.1185689732000763,V2,V2,,,87858,431232,V1_main,2.653258667395115,V2,78545,2304,V2,2.9678528232223567,,
case_002,3,261945,109514,True,109514,854016,0,854016,True,official_reeval(regen),97360,True,97360,857088,0,857088,True,official_reeval,2.391885968917216,2.69047863599014,0.29859266707292376,1.124835661462613,V2,V2,,,109514,854016,V1_main,2.391885968917216,V2,97360,857088,V2,2.69047863599014,,
case_003,3,602212,555374,True,555374,3533938,0,3533938,True,official_reeval(regen),281467,True,281467,7240138,0,7240138,True,official_reeval,1.0843359609920522,2.1395474425065815,1.0552114815145293,1.9731407234240603,V2,V2,,,555374,3533938,V1_main,1.0843359609920522,V2,281467,7240138,V2,2.1395474425065815,,
case_004,3,392357,157253,True,157253,3981312,0,3981312,True,official_reeval(regen),134043,True,134043,221184,0,221184,True,official_reeval,2.4950684565636267,2.927098020784375,0.43202956422074834,1.173153391075998,V2,V2,,,157253,3981312,V1_main,2.4950684565636267,V2,134043,221184,V2,2.927098020784375,,
case_005,3,95618,95618,True,95618,0,0,0,True,official_reeval(regen),54105,True,54105,1428886,0,1428886,True,official_reeval,1.0,1.7672673505221328,0.7672673505221328,1.7672673505221328,V2,V2,,,95618,0,V1_main,1.0,V2,54105,1428886,V2,1.7672673505221328,,
case_006,3,82837,41081,True,41081,1208246,0,1208246,True,official_reeval(regen),31151,True,31151,3456,0,3456,True,official_reeval,2.016430953482145,2.6592083721228854,0.6427774186407404,1.3187698629257487,V2,V2,,,41081,1208246,V1_main,2.016430953482145,V2,31151,3456,V2,2.6592083721228854,,
case_007,3,1012562,368450,True,368450,4976640,0,4976640,True,official_reeval(regen),338094,True,338094,55296,0,55296,True,official_reeval,2.748166644049396,2.994912657426633,0.246746013377237,1.0897856809053104,V2,V2,,,368450,4976640,V1_main,2.748166644049396,V2,338094,55296,V2,2.994912657426633,,
case_008,3,487605,165582,True,165582,36864,0,36864,True,official_reeval(regen),113080,True,113080,3981312,0,3981312,True,official_reeval,2.94479472406421,4.312035726918995,1.3672410028547852,1.4642907675981607,V2,V2,,,165582,36864,V1_main,2.94479472406421,V2,113080,3981312,V2,4.312035726918995,,
case_009,3,153261,122930,True,122930,941906,0,941906,True,official_reeval(regen),84543,True,84543,1212204,0,1212204,True,official_reeval,1.2467339136093711,1.8128171463042475,0.5660832326948764,1.454052967129153,V2,V2,,,122930,941906,V1_main,1.2467339136093711,V2,84543,1212204,V2,1.8128171463042475,,
case_010,3,86969,45468,True,45468,689508,0,689508,True,official_reeval(regen),32578,True,32578,180864,0,180864,True,official_reeval,1.912751825459664,2.669562281294125,0.7568104558344608,1.3956657867272393,V2,V2,,,45468,689508,V1_main,1.912751825459664,V2,32578,180864,V2,2.669562281294125,,
case_011,3,184697,92646,True,92646,360448,0,360448,True,official_reeval(regen),62631,True,62631,903168,0,903168,True,official_reeval,1.9935777043801135,2.9489709568743914,0.9553932524942779,1.4792355223451645,V2,V2,,,92646,360448,V1_main,1.9935777043801135,V2,62631,903168,V2,2.9489709568743914,,
case_012,3,59088,25111,True,25111,361374,0,361374,True,official_reeval(regen),21158,True,21158,9216,0,9216,True,official_reeval,2.353072358727251,2.7927025238680403,0.43963016514078923,1.1868324038188864,V2,V2,,,25111,361374,V1_main,2.353072358727251,V2,21158,9216,V2,2.7927025238680403,,
case_013,3,263949,107844,True,107844,3119104,0,3119104,True,official_reeval(regen),88351,True,88351,16384,0,16384,True,official_reeval,2.4475075108490043,2.98750438591527,0.5399968750662656,1.2206313454290274,V2,V2,107844,full,107844,3119104,V1_main,2.4475075108490043,V2,88351,16384,V2,2.98750438591527,,
case_014,3,17698626,10868036,True,10868036,170898364,8475552,162422812,True,official_reeval(regen),5853188,True,5853188,67243840,6366096,60877744,True,official_reeval,1.62850270278825,3.0237583347741435,1.3952556319858935,1.856772070194909,V2,V2,7629086,no_critical_path,7629086,172666296,V1_supp57,2.3198881229022716,V2,5853188,67243840,V2,3.0237583347741435,172666296,7629086
case_015,3,177362,74684,True,74684,1375660,0,1375660,True,official_reeval(regen),59585,True,59585,623808,0,623808,True,official_reeval,2.374832628139896,2.976621632961316,0.6017890048214198,1.253402702022321,V2,V2,,,74684,1375660,V1_main,2.374832628139896,V2,59585,623808,V2,2.976621632961316,,
case_016,3,7715523,7715523,True,7715523,0,0,0,True,official_reeval(regen),5174542,True,5174542,178941220,0,178941220,True,official_reeval,1.0,1.491054280746006,0.4910542807460061,1.491054280746006,V2,V2,,,7715523,0,V1_main,1.0,V2,5174542,178941220,V2,1.491054280746006,,
case_017,3,162810,68578,True,68578,1136718,0,1136718,True,official_reeval(regen),54715,True,54715,194304,0,194304,True,official_reeval,2.3740849835224123,2.975600840720095,0.6015158571976826,1.253367449511103,V2,V2,,,68578,1136718,V1_main,2.3740849835224123,V2,54715,194304,V2,2.975600840720095,,
case_018,3,1004367,717560,True,717560,8505732,0,8505732,True,official_reeval(regen),338555,True,338555,1822720,331776,1490944,True,official_reeval,1.3996975862645633,2.96662876046728,1.5669311742027165,2.119478371313376,V2,V2,,,717560,8505732,V1_main,1.3996975862645633,V2,338555,1822720,V2,2.96662876046728,,
case_019,3,81144,32264,True,32264,289040,0,289040,True,official_reeval(regen),28030,True,28030,187680,0,187680,True,official_reeval,2.515001239771882,2.894898323225116,0.3798970834532338,1.1510524438102034,V2,V2,,,32264,289040,V1_main,2.515001239771882,V2,28030,187680,V2,2.894898323225116,,
case_020,3,532746,198754,True,198754,724992,0,724992,True,official_reeval(regen),177950,True,177950,0,0,0,True,official_reeval,2.6804290731255724,2.993796010115201,0.31336693698962836,1.1169092441697106,V2,V2,,,198754,724992,V1_main,2.6804290731255724,V2,177950,0,V2,2.993796010115201,,
case_021,3,6567937,2578026,True,2578026,47519744,0,47519744,True,official_reeval(regen),2108970,True,2108970,10768384,0,10768384,True,official_reeval,2.547661272617111,3.1142865948780685,0.5666253222609576,1.2224099916072775,V2,V2,,,2578026,47519744,V1_main,2.547661272617111,V2,2108970,10768384,V2,3.1142865948780685,,
case_022,3,56780,25183,True,25183,544166,0,544166,True,official_reeval(regen),20053,True,20053,109206,0,109206,True,official_reeval,2.254695628003018,2.8314965341844114,0.5768009061813935,1.255822071510497,V2,V2,,,25183,544166,V1_main,2.254695628003018,V2,20053,109206,V2,2.8314965341844114,,
case_023,3,122614,50435,True,50435,906868,0,906868,True,official_reeval(regen),39337,True,39337,947388,0,947388,True,official_reeval,2.431129176167344,3.117014515596004,0.6858853394286597,1.2821262424689224,V2,V2,50435,full,50435,906868,V1_main,2.431129176167344,V2,39337,947388,V2,3.117014515596004,,
case_024,3,2555343,2555343,True,2555343,0,0,0,True,official_reeval(regen),1704264,True,1704264,58598376,0,58598376,True,official_reeval,1.0,1.499382137978623,0.49938213797862296,1.499382137978623,V2,V2,,,2555343,0,V1_main,1.0,V2,1704264,58598376,V2,1.499382137978623,,
case_025,3,4863026,1759995,True,1759995,21216768,0,21216768,True,official_reeval(regen),1622164,True,1622164,55296,0,55296,True,official_reeval,2.7630908042352393,2.9978633479722148,0.23477254373697543,1.084967364582126,V2,V2,1757428,no_feedback,1757428,20382720,V1_supp57,2.7671267329301683,V2,1622164,55296,V2,2.9978633479722148,20382720,1757428
case_026,3,99203,60177,True,60177,1767126,0,1767126,True,official_reeval(regen),42442,True,42442,94080,0,94080,True,official_reeval,1.6485201987470295,2.33737806889402,0.6888578701469905,1.4178643796239574,V2,V2,,,60177,1767126,V1_main,1.6485201987470295,V2,42442,94080,V2,2.33737806889402,,
case_027,3,2363952,2072453,True,2072453,5361664,0,5361664,True,official_reeval(regen),830910,True,830910,24918016,0,24918016,True,official_reeval,1.1406540944474977,2.8450157056720946,1.704361611224597,2.494196724073606,V2,V2,,,2072453,5361664,V1_main,1.1406540944474977,V2,830910,24918016,V2,2.8450157056720946,,
case_028,3,43836040,18033821,True,18033821,279631056,203055984,76575072,True,official_reeval(regen),15395381,True,15395381,87954000,0,87954000,True,official_reeval,2.4307682770057437,2.847350124040451,0.41658184703470713,1.1713786752013478,V2,V2,,,18033821,279631056,V1_main,2.4307682770057437,V2,15395381,87954000,V2,2.847350124040451,,
case_029,3,37555,21928,True,21928,500220,0,500220,True,official_reeval(regen),12743,True,12743,0,0,0,True,official_reeval,1.7126504925209778,2.9471082162756024,1.2344577237546246,1.7207878835439065,V2,V2,,,21928,500220,V1_main,1.7126504925209778,V2,12743,0,V2,2.9471082162756024,,
case_030,3,2808034,1629539,True,1629539,37207560,0,37207560,True,official_reeval(regen),938568,True,938568,4349952,0,4349952,True,official_reeval,1.7232076065684834,2.9918279762361384,1.268620369667655,1.7361970576452639,V2,V2,,,1629539,37207560,V1_main,1.7232076065684834,V2,938568,4349952,V2,2.9918279762361384,,
case_031,3,1414369,708403,True,708403,12505886,0,12505886,True,official_reeval(regen),470731,True,470731,5729792,144384,5585408,True,official_reeval,1.9965598677588887,3.004622597619447,1.0080627298605584,1.5048998260152826,V2,V2,,,708403,12505886,V1_main,1.9965598677588887,V2,470731,5729792,V2,3.004622597619447,,
case_032,3,41443,18530,True,18530,486814,0,486814,True,official_reeval(regen),14438,True,14438,23568,0,23568,True,official_reeval,2.2365353480841876,2.8704114143233133,0.6338760662391256,1.2834187560603962,V2,V2,,,18530,486814,V1_main,2.2365353480841876,V2,14438,23568,V2,2.8704114143233133,,
case_033,3,1774196,652424,True,652424,16907280,0,16907280,True,official_reeval(regen),589845,True,589845,5772304,1314816,4457488,True,official_reeval,2.7193910708373696,3.0079020759691106,0.288511005131741,1.1060939738405853,V2,V2,,,652424,16907280,V1_main,2.7193910708373696,V2,589845,5772304,V2,3.0079020759691106,,
case_034,3,842996,454484,True,454484,9543050,0,9543050,True,official_reeval(regen),279660,True,279660,3152904,49152,3103752,True,official_reeval,1.8548419746349707,3.0143602946434958,1.159518320008525,1.6251305156261173,V2,V2,,,454484,9543050,V1_main,1.8548419746349707,V2,279660,3152904,V2,3.0143602946434958,,
case_035,3,169571,148214,True,148214,1323706,0,1323706,True,official_reeval(regen),95406,True,95406,0,0,0,True,official_reeval,1.1440956994615894,1.7773620107750037,0.6332663113134143,1.55350816510492,V2,V2,,,148214,1323706,V1_main,1.1440956994615894,V2,95406,0,V2,1.7773620107750037,,
case_036,3,931510,341551,True,341551,458112,0,458112,True,official_reeval(regen),311345,True,311345,2304,0,2304,True,official_reeval,2.72729402051231,2.991890025534375,0.26459600502206504,1.097017777706403,V2,V2,,,341551,458112,V1_main,2.72729402051231,V2,311345,2304,V2,2.991890025534375,,
case_037,3,210001,105552,True,105552,3448832,0,3448832,True,official_reeval(regen),74038,True,74038,491520,0,491520,True,official_reeval,1.9895501743216613,2.836394824279424,0.8468446499577629,1.4256462897431048,V2,V2,,,105552,3448832,V1_main,1.9895501743216613,V2,74038,491520,V2,2.836394824279424,,
case_038,3,1364555,662877,True,662877,12322308,0,12322308,True,official_reeval(regen),456035,True,456035,3649536,2548224,1101312,True,official_reeval,2.0585342378752016,2.992215509774469,0.9336812718992675,1.453566064008245,V2,V2,,,662877,12322308,V1_main,2.0585342378752016,V2,456035,3649536,V2,2.992215509774469,,
case_039,3,1435262,702470,True,702470,22061056,0,22061056,True,official_reeval(regen),475844,True,475844,10604544,2830336,7774208,True,official_reeval,2.043164832661893,3.016244819730836,0.9730799870689428,1.4762611275964392,V2,V2,,,702470,22061056,V1_main,2.043164832661893,V2,475844,10604544,V2,3.016244819730836,,
case_040,3,253454,148309,True,148309,1586732,0,1586732,True,official_reeval(regen),110105,True,110105,0,0,0,True,official_reeval,1.7089589977681732,2.301929975932065,0.5929709781638917,1.3469778847463785,V2,V2,,,148309,1586732,V1_main,1.7089589977681732,V2,110105,0,V2,2.301929975932065,,
case_041,3,6003957,2583949,True,2583949,56090648,0,56090648,True,official_reeval(regen),1986182,True,1986182,27620352,774144,26846208,True,official_reeval,2.3235586306076472,3.0228634636704994,0.6993048330628522,1.3009628523468646,V2,V2,,,2583949,56090648,V1_main,2.3235586306076472,V2,1986182,27620352,V2,3.0228634636704994,,
case_042,3,1686740,1584312,True,1584312,16800784,0,16800784,True,official_reeval(regen),552854,True,552854,4617216,316416,4300800,True,official_reeval,1.0646514070460869,3.0509682483983114,1.9863168413522245,2.865696910938512,V2,V2,761382,no_critical_path,761382,16980008,V1_supp57,2.2153662681807553,V2,552854,4617216,V2,3.0509682483983114,16980008,761382
case_043,3,677656,509854,True,509854,1473446,16384,1457062,True,official_reeval(regen),271072,True,271072,279560,49160,230400,True,official_reeval,1.3291177474335791,2.499911462637233,1.1707937152036538,1.8808803565104475,V2,V2,569216,no_dedup,509854,1473446,V1_main,1.3291177474335791,V2,271072,279560,V2,2.499911462637233,,
case_044,3,154407,154407,True,154407,4438112,4438112,0,True,official_reeval(regen),90788,True,90788,1077920,52800,1025120,True,official_reeval,1.0,1.7007423888619642,0.7007423888619642,1.7007423888619642,V2,V2,,,154407,4438112,V1_main,1.0,V2,90788,1077920,V2,1.7007423888619642,,
case_045,3,125614,52265,True,52265,856064,0,856064,True,official_reeval(regen),42304,True,42304,0,0,0,True,official_reeval,2.40340572084569,2.9693173222390317,0.5659116013933416,1.2354623676248109,V2,V2,,,52265,856064,V1_main,2.40340572084569,V2,42304,0,V2,2.9693173222390317,,
case_046,3,276455,146214,True,146214,6291040,446496,5844544,True,official_reeval(regen),135950,True,135950,1200736,0,1200736,True,official_reeval,1.8907560151558673,2.033504965060684,0.14274894990481668,1.075498344979772,V2,V2,,,146214,6291040,V1_main,1.8907560151558673,V2,135950,1200736,V2,2.033504965060684,,
case_047,3,326508,322846,True,322846,2042114,0,2042114,True,official_reeval(regen),152637,True,152637,2791236,0,2791236,True,official_reeval,1.011342869355668,2.1391143693861907,1.1277715000305226,2.1151228077071744,V2,V2,,,322846,2042114,V1_main,1.011342869355668,V2,152637,2791236,V2,2.1391143693861907,,
case_048,3,222220,222220,True,222220,0,0,0,True,official_reeval(regen),129515,True,129515,1159680,0,1159680,True,official_reeval,1.0,1.7157858163147126,0.7157858163147126,1.7157858163147126,V2,V2,,,222220,0,V1_main,1.0,V2,129515,1159680,V2,1.7157858163147126,,
case_049,3,196276,184940,True,184940,1305570,0,1305570,True,official_reeval(regen),95205,True,95205,1394368,0,1394368,True,official_reeval,1.0612955553152374,2.061614411007825,1.0003188556925877,1.942545034399454,V2,V2,,,184940,1305570,V1_main,1.0612955553152374,V2,95205,1394368,V2,2.061614411007825,,
case_050,3,149690,133257,True,133257,1245392,0,1245392,True,official_reeval(regen),69460,True,69460,977880,0,977880,True,official_reeval,1.1233180996120278,2.155053268067953,1.031735168455925,1.918471062482004,V2,V2,,,133257,1245392,V1_main,1.1233180996120278,V2,69460,977880,V2,2.155053268067953,,
case_051,3,607628,607628,True,607628,0,0,0,True,official_reeval(regen),395518,True,395518,13240390,0,13240390,True,official_reeval,1.0,1.5362840629250756,0.5362840629250756,1.5362840629250756,V2,V2,,,607628,0,V1_main,1.0,V2,395518,13240390,V2,1.5362840629250756,,
case_052,3,180301,73058,True,73058,1447818,0,1447818,True,official_reeval(regen),61886,True,61886,78336,0,78336,True,official_reeval,2.467915902433683,2.9134376110913616,0.4455217086576786,1.1805254823384934,V2,V2,,,73058,1447818,V1_main,2.467915902433683,V2,61886,78336,V2,2.9134376110913616,,
case_053,3,1472686,756375,True,756375,13338992,0,13338992,True,official_reeval(regen),491765,True,491765,10577408,0,10577408,True,official_reeval,1.9470315650305734,2.9946946203979543,1.047663055367381,1.5380822140656614,V2,V2,,,756375,13338992,V1_main,1.9470315650305734,V2,491765,10577408,V2,2.9946946203979543,,
case_054,3,815051,519883,True,519883,5209258,0,5209258,True,official_reeval(regen),370287,True,370287,6591188,0,6591188,True,official_reeval,1.5677585148966209,2.20113317507771,0.6333746601810892,1.4040001404316111,V2,V2,,,519883,5209258,V1_main,1.5677585148966209,V2,370287,6591188,V2,2.20113317507771,,
case_055,3,118835,55455,True,55455,1291780,0,1291780,True,official_reeval(regen),41834,True,41834,80384,0,80384,True,official_reeval,2.1429086646830764,2.8406320218004493,0.6977233571173729,1.3255964048381699,V2,V2,,,55455,1291780,V1_main,2.1429086646830764,V2,41834,80384,V2,2.8406320218004493,,
case_056,3,277285,277285,True,277285,0,0,0,True,official_reeval(regen),142599,True,142599,2148142,0,2148142,True,official_reeval,1.0,1.9445087272701773,0.9445087272701773,1.9445087272701773,V2,V2,,,277285,0,V1_main,1.0,V2,142599,2148142,V2,1.9445087272701773,,
case_057,3,59726,34263,True,34263,732074,0,732074,True,official_reeval(regen),21014,True,21014,14976,0,14976,True,official_reeval,1.7431631789393807,2.842200437803369,1.0990372588639885,1.630484438945465,V2,V2,,,34263,732074,V1_main,1.7431631789393807,V2,21014,14976,V2,2.842200437803369,,
case_058,3,4539717,2018819,True,2018819,66371584,0,66371584,True,official_reeval(regen),1526307,True,1526307,29601792,25006080,4595712,True,official_reeval,2.2486993633406462,2.9743144727764466,0.7256151094358003,1.3226821340660824,V2,V2,,,2018819,66371584,V1_main,2.2486993633406462,V2,1526307,29601792,V2,2.9743144727764466,,
case_059,3,829473,735213,True,735213,10518528,0,10518528,True,official_reeval(regen),254142,True,254142,901120,0,901120,True,official_reeval,1.1282077438783047,3.2638170786410745,2.13560933476277,2.892922067190783,V2,V2,,,735213,10518528,V1_main,1.1282077438783047,V2,254142,901120,V2,3.2638170786410745,,
case_060,3,888789,340469,True,340469,11898108,0,11898108,True,official_reeval(regen),292085,True,292085,2664468,541716,2122752,True,official_reeval,2.6104843612781194,3.0429121659790814,0.432427804700962,1.1656504099833953,V2,V2,,,340469,11898108,V1_main,2.6104843612781194,V2,292085,2664468,V2,3.0429121659790814,,
case_061,3,77191,38051,True,38051,742264,0,742264,True,official_reeval(regen),30894,True,30894,55432,0,55432,True,official_reeval,2.028619484376232,2.4985757752314366,0.46995629085520463,1.2316631061047452,V2,V2,,,38051,742264,V1_main,2.028619484376232,V2,30894,55432,V2,2.4985757752314366,,
case_062,3,2854809,2854809,True,2854809,0,0,0,True,official_reeval(regen),1044873,True,1044873,4538880,0,4538880,True,official_reeval,1.0,2.7322066892340025,1.7322066892340025,2.7322066892340025,V2,V2,,,2854809,0,V1_main,1.0,V2,1044873,4538880,V2,2.7322066892340025,,
case_063,3,1070397,789777,True,789777,2508288,0,2508288,True,official_reeval(regen),395314,True,395314,1740288,0,1740288,True,official_reeval,1.3553154877895912,2.707713362036255,1.3523978742466636,1.997847280895693,V2,V2,,,789777,2508288,V1_main,1.3553154877895912,V2,395314,1740288,V2,2.707713362036255,,
case_064,3,19116,19116,True,19116,0,0,0,True,official_reeval(regen),13575,True,13575,147412,0,147412,True,official_reeval,1.0,1.4081767955801106,0.40817679558011055,1.4081767955801106,V2,V2,,,19116,0,V1_main,1.0,V2,13575,147412,V2,1.4081767955801106,,
case_065,3,53068,23897,True,23897,351806,0,351806,True,official_reeval(regen),18620,True,18620,27648,0,27648,True,official_reeval,2.2206971586391595,2.8500537056928033,0.6293565470536437,1.283404940923738,V2,V2,,,23897,351806,V1_main,2.2206971586391595,V2,18620,27648,V2,2.8500537056928033,,
case_066,3,359070,277535,True,277535,2542626,0,2542626,True,official_reeval(regen),173834,True,173834,3338628,0,3338628,True,official_reeval,1.2937827661376042,2.0655913112509636,0.7718085451133594,1.5965518828307466,V2,V2,,,277535,2542626,V1_main,1.2937827661376042,V2,173834,3338628,V2,2.0655913112509636,,
case_067,3,63834834,25170312,True,25170312,252530688,116228864,136301824,True,official_reeval(regen),21989517,True,21989517,250685824,589824,250096000,True,official_reeval,2.536116119657158,2.9029666272342407,0.3668505075770825,1.1446505168803844,V2,V2,,,25170312,252530688,V1_main,2.536116119657158,V2,21989517,250685824,V2,2.9029666272342407,,
case_068,3,362095,330958,True,330958,1495302,0,1495302,True,official_reeval(regen),186981,True,186981,3483510,0,3483510,True,official_reeval,1.0940814242290562,1.9365336585000614,0.8424522342710052,1.7700087174632717,V2,V2,,,330958,1495302,V1_main,1.0940814242290562,V2,186981,3483510,V2,1.9365336585000614,,
case_069,3,25144,22618,True,22618,640852,0,640852,True,official_reeval(regen),14105,True,14105,404870,0,404870,True,official_reeval,1.1116809620656114,1.7826302729528536,0.6709493108872422,1.6035448422545198,V2,V2,,,22618,640852,V1_main,1.1116809620656114,V2,14105,404870,V2,1.7826302729528536,,
case_070,3,117300,54366,True,54366,1348882,0,1348882,True,official_reeval(regen),39885,True,39885,147456,0,147456,True,official_reeval,2.1575984990619137,2.940955246333208,0.7833567472712941,1.363068822865739,V2,V2,,,54366,1348882,V1_main,2.1575984990619137,V2,39885,147456,V2,2.940955246333208,,
case_071,3,18919,17620,True,17620,438886,0,438886,True,official_reeval(regen),11877,True,11877,147756,0,147756,True,official_reeval,1.07372304199773,1.5929106676770228,0.5191876256792929,1.4835396143807358,V2,V2,,,17620,438886,V1_main,1.07372304199773,V2,11877,147756,V2,1.5929106676770228,,
case_072,3,23897828,10981227,True,10981227,180158856,3158064,177000792,True,official_reeval(regen),7841993,True,7841993,101101828,8706504,92395324,True,official_reeval,2.176243875115231,3.047417665381747,0.871173790266516,1.4003107373342465,V2,V2,,,10981227,180158856,V1_main,2.176243875115231,V2,7841993,101101828,V2,3.047417665381747,,
case_073,3,10081626,4359775,True,4359775,138250752,17185664,121065088,True,official_reeval(regen),4131182,True,4131182,80979712,55770624,25209088,True,official_reeval,2.312418874827256,2.4403732394263917,0.12795436459913567,1.0553335582891288,V2,V2,4054028,no_wait,4054028,135945344,V1_supp57,2.486817061944318,V1,4054028,135945344,V1_supp57,2.486817061944318,135945344,4054028
case_074,3,1682239,1596493,True,1596493,13234268,0,13234268,True,official_reeval(regen),547957,True,547957,6209560,286720,5922840,True,official_reeval,1.0537089733559746,3.070020092817502,2.0163111194615277,2.9135370111158356,V2,V2,,,1596493,13234268,V1_main,1.0537089733559746,V2,547957,6209560,V2,3.070020092817502,,
case_075,3,1441809,1441392,True,1441392,1424604,0,1424604,True,official_reeval(regen),675648,True,675648,7758998,0,7758998,True,official_reeval,1.000289303673116,2.133964727195226,1.13367542352211,2.1333475419153167,V2,V2,,,1441392,1424604,V1_main,1.000289303673116,V2,675648,7758998,V2,2.133964727195226,,
case_076,3,6185113,2531821,True,2531821,88376336,0,88376336,True,official_reeval(regen),2041461,True,2041461,23418880,8192,23410688,True,official_reeval,2.4429503507554444,3.029748302808626,0.5867979520531814,1.2402005230567716,V2,V2,,,2531821,88376336,V1_main,2.4429503507554444,V2,2041461,23418880,V2,3.029748302808626,,
case_077,3,495320,190763,True,190763,3054950,0,3054950,True,official_reeval(regen),166517,True,166517,229376,0,229376,True,official_reeval,2.596520289573974,2.9745911828822282,0.37807089330825416,1.1456067548658695,V2,V2,,,190763,3054950,V1_main,2.596520289573974,V2,166517,229376,V2,2.9745911828822282,,
case_078,3,2296143,907553,True,907553,15377880,0,15377880,True,official_reeval(regen),783057,True,783057,12398184,5681424,6716760,True,official_reeval,2.5300373642090324,2.9322807918197524,0.4022434276107201,1.1589871490836554,V2,V2,,,907553,15377880,V1_main,2.5300373642090324,V2,783057,12398184,V2,2.9322807918197524,,
case_079,3,31052251,10830634,True,10830634,217544704,0,217544704,True,official_reeval(regen),9837217,True,9837217,50784256,299008,50485248,True,official_reeval,2.8670760178951666,3.156609333717046,0.28953331582187936,1.1009855734604614,V2,V2,,,10830634,217544704,V1_main,2.8670760178951666,V2,9837217,50784256,V2,3.156609333717046,,
case_080,3,292138,129071,True,129071,4775936,0,4775936,True,official_reeval(regen),101509,True,101509,786432,24576,761856,True,official_reeval,2.2633899171773675,2.8779517087154836,0.6145617915381161,1.2715227221231615,V2,V2,,,129071,4775936,V1_main,2.2633899171773675,V2,101509,786432,V2,2.8779517087154836,,
case_081,3,151795,88422,True,88422,911352,0,911352,True,official_reeval(regen),51978,True,51978,0,0,0,True,official_reeval,1.7167107733369524,2.9203701566047173,1.203659383267765,1.7011427911808843,V2,V2,,,88422,911352,V1_main,1.7167107733369524,V2,51978,0,V2,2.9203701566047173,,
case_082,3,721041,602581,True,602581,3413576,0,3413576,True,official_reeval(regen),301992,True,301992,2981972,0,2981972,True,official_reeval,1.1965876786689258,2.3876162282444566,1.1910285495755308,1.9953541815677236,V2,V2,,,602581,3413576,V1_main,1.1965876786689258,V2,301992,2981972,V2,2.3876162282444566,,
case_083,3,1057993,543559,True,543559,17916416,8058560,9857856,True,official_reeval(regen),410250,True,410250,7574528,0,7574528,True,official_reeval,1.9464179601478404,2.578898232784887,0.6324802726370466,1.3249457647775746,V2,V2,,,543559,17916416,V1_main,1.9464179601478404,V2,410250,7574528,V2,2.578898232784887,,
case_084,3,2507412,840200,True,840200,0,0,0,True,official_reeval(regen),687444,True,687444,9934848,0,9934848,True,official_reeval,2.984303737205427,3.647441827988898,0.663138090783471,1.2222086453587493,V2,V2,,,840200,0,V1_main,2.984303737205427,V2,687444,9934848,V2,3.647441827988898,,
case_085,3,3187899,3186515,True,3186515,223878,0,223878,True,official_reeval(regen),1346525,True,1346525,15574168,0,15574168,True,official_reeval,1.0004343302950087,2.3675007890681568,1.367066458773148,2.3664729581701045,V2,V2,,,3186515,223878,V1_main,1.0004343302950087,V2,1346525,15574168,V2,2.3675007890681568,,
case_086,3,118403,118403,True,118403,0,0,0,True,official_reeval(regen),63585,True,63585,1876244,0,1876244,True,official_reeval,1.0,1.8621215695525675,0.8621215695525675,1.8621215695525675,V2,V2,,,118403,0,V1_main,1.0,V2,63585,1876244,V2,1.8621215695525675,,
case_087,3,3974071,3504882,True,3504882,27555882,216832,27339050,True,official_reeval(regen),1318339,True,1318339,8824320,829440,7994880,True,official_reeval,1.133867274276281,3.0144530352208347,1.8805857609445538,2.6585589897590833,V2,V2,,,3504882,27555882,V1_main,1.133867274276281,V2,1318339,8824320,V2,3.0144530352208347,,
case_088,3,243623,204760,True,204760,1814200,0,1814200,True,official_reeval(regen),126261,True,126261,2427814,0,2427814,True,official_reeval,1.1897978120726704,1.929519012204877,0.7397212001322067,1.6217200877547302,V2,V2,,,204760,1814200,V1_main,1.1897978120726704,V2,126261,2427814,V2,1.929519012204877,,
case_089,3,693092,269414,True,269414,8518136,0,8518136,True,official_reeval(regen),243614,True,243614,477440,0,477440,True,official_reeval,2.5725908824337265,2.8450417463692563,0.27245086393552986,1.1059052435410115,V2,V2,,,269414,8518136,V1_main,2.5725908824337265,V2,243614,477440,V2,2.8450417463692563,,
case_090,3,1178363,612065,True,612065,23234400,2985984,20248416,True,official_reeval(regen),511402,True,511402,11577024,0,11577024,True,official_reeval,1.9252252620228243,2.3041814462986068,0.3789561842757825,1.1968373217155974,V2,V2,,,612065,23234400,V1_main,1.9252252620228243,V2,511402,11577024,V2,2.3041814462986068,,
case_091,3,9186769,3348184,True,3348184,87375856,1430496,85945360,True,official_reeval(regen),3025123,True,3025123,46099936,2731488,43368448,True,official_reeval,2.7438064933110007,3.0368249489359607,0.29301845562496,1.106792682479357,V2,V2,,,3348184,87375856,V1_main,2.7438064933110007,V2,3025123,46099936,V2,3.0368249489359607,,
case_092,3,4815554,2419011,True,2419011,80016768,45342720,34674048,True,official_reeval(regen),1582287,True,1582287,29696832,0,29696832,True,official_reeval,1.9907119066428387,3.0434137422604115,1.0527018356175728,1.5288067209046146,V2,V2,,,2419011,80016768,V1_main,1.9907119066428387,V2,1582287,29696832,V2,3.0434137422604115,,
case_093,3,74205,32961,True,32961,987136,0,987136,True,official_reeval(regen),25103,True,25103,16384,0,16384,True,official_reeval,2.251296987348685,2.956021192686133,0.7047242053374481,1.3130303151017806,V2,V2,32961,full,32961,987136,V1_main,2.251296987348685,V2,25103,16384,V2,2.956021192686133,,
case_094,3,94892,34981,True,34981,681000,0,681000,True,official_reeval(regen),32427,True,32427,230404,0,230404,True,official_reeval,2.7126725936937195,2.9263268264100906,0.21365423271637107,1.0787615258889198,V2,V2,,,34981,681000,V1_main,2.7126725936937195,V2,32427,230404,V2,2.9263268264100906,,
case_095,3,2084853,713551,True,713551,36864,0,36864,True,official_reeval(regen),575022,True,575022,17031168,0,17031168,True,official_reeval,2.9217995630305333,3.625692582196855,0.7038930191663217,1.2409107825439722,V2,V2,,,713551,36864,V1_main,2.9217995630305333,V2,575022,17031168,V2,3.625692582196855,,
case_096,3,84194,44105,True,44105,899524,0,899524,True,official_reeval(regen),29801,True,29801,352512,0,352512,True,official_reeval,1.9089445641083778,2.825207207811818,0.9162626437034405,1.4799838931579476,V2,V2,,,44105,899524,V1_main,1.9089445641083778,V2,29801,352512,V2,2.825207207811818,,
case_097,3,11491509,10319703,True,10319703,16916480,0,16916480,True,official_reeval(regen),3473335,True,3473335,15880192,1409024,14471168,True,official_reeval,1.113550360897014,3.308494285751302,2.194943924854288,2.971122278732112,V2,V2,,,10319703,16916480,V1_main,1.113550360897014,V2,3473335,15880192,V2,3.308494285751302,,
case_098,3,177430,104827,True,104827,1671762,0,1671762,True,official_reeval(regen),74024,True,74024,1313400,0,1313400,True,official_reeval,1.692598280977229,2.3969253215173456,0.7043270405401165,1.4161217983356749,V2,V2,,,104827,1671762,V1_main,1.692598280977229,V2,74024,1313400,V2,2.3969253215173456,,
case_099,3,1622999,970841,True,970841,12473988,0,12473988,True,official_reeval(regen),536963,True,536963,5369856,897024,4472832,True,official_reeval,1.671745424842997,3.022552764343167,1.35080733950017,1.8080221542266413,V2,V2,,,970841,12473988,V1_main,1.671745424842997,V2,536963,5369856,V2,3.022552764343167,,
case_100,3,151223,84050,True,84050,2428414,0,2428414,True,official_reeval(regen),56210,True,56210,467088,0,467088,True,official_reeval,1.7992028554431885,2.690322006760363,0.8911191513171746,1.4952855363814268,V2,V2,,,84050,2428414,V1_main,1.7992028554431885,V2,56210,467088,V2,2.690322006760363,,
case_001,4,233110,72608,True,72608,201600,0,201600,True,official_reeval(regen),58984,True,58984,3456,0,3456,True,official_reeval,3.210527765535478,3.952088702020887,0.741560936485409,1.230977892309779,V2,V2,,,72608,201600,V1_main,3.210527765535478,V2,58984,3456,V2,3.952088702020887,,
case_002,4,261945,95816,True,95816,915456,0,915456,True,official_reeval(regen),74247,True,74247,761856,0,761856,True,official_reeval,2.7338335977289807,3.528021334195321,0.7941877364663403,1.2905033199994613,V2,V2,,,95816,915456,V1_main,2.7338335977289807,V2,74247,761856,V2,3.528021334195321,,
case_003,4,602212,530004,True,530004,5232074,0,5232074,True,official_reeval(regen),235708,True,235708,7043394,0,7043394,True,official_reeval,1.1362404812039155,2.554906918729954,1.4186664375260383,2.2485617798292803,V2,V2,,,530004,5232074,V1_main,1.1362404812039155,V2,235708,7043394,V2,2.554906918729954,,
case_004,4,392357,137439,True,137439,2724864,0,2724864,True,official_reeval(regen),104188,True,104188,331776,0,331776,True,official_reeval,2.8547719351857914,3.765855952700887,0.9110840175150954,1.3191442392597996,V2,V2,,,137439,2724864,V1_main,2.8547719351857914,V2,104188,331776,V2,3.765855952700887,,
case_005,4,95618,79171,True,79171,2294260,0,2294260,True,official_reeval(regen),50203,True,50203,1956274,0,1956274,True,official_reeval,1.2077402079044095,1.9046272135131366,0.6968870056087271,1.5770173097225266,V2,V2,,,79171,2294260,V1_main,1.2077402079044095,V2,50203,1956274,V2,1.9046272135131366,,
case_006,4,82837,41081,True,41081,1208246,0,1208246,True,official_reeval(regen),31151,True,31151,3456,0,3456,True,official_reeval,2.016430953482145,2.6592083721228854,0.6427774186407404,1.3187698629257487,V2,V2,,,41081,1208246,V1_main,2.016430953482145,V2,31151,3456,V2,2.6592083721228854,,
case_007,4,1012562,284773,True,284773,5260800,0,5260800,True,official_reeval(regen),254398,True,254398,82944,0,82944,True,official_reeval,3.5556811916860096,3.980227831979811,0.4245466402938014,1.1193995235811602,V2,V2,,,284773,5260800,V1_main,3.5556811916860096,V2,254398,82944,V2,3.980227831979811,,
case_008,4,487605,130595,True,130595,36864,0,36864,True,official_reeval(regen),112880,True,112880,3981312,0,3981312,True,official_reeval,3.733718748803553,4.3196757618710135,0.5859570130674605,1.1569365698086465,V2,V2,,,130595,36864,V1_main,3.733718748803553,V2,112880,3981312,V2,4.3196757618710135,,
case_009,4,153261,122540,True,122540,610402,0,610402,True,official_reeval(regen),75726,True,75726,1384372,0,1384372,True,official_reeval,1.2507018116533377,2.0238887568338484,0.7731869451805107,1.6182024667881574,V2,V2,,,122540,610402,V1_main,1.2507018116533377,V2,75726,1384372,V2,2.0238887568338484,,
case_010,4,86969,37276,True,37276,1366118,0,1366118,True,official_reeval(regen),29611,True,29611,65664,0,65664,True,official_reeval,2.333109775727009,2.9370504204518593,0.6039406447248501,1.2588565060281651,V2,V2,,,37276,1366118,V1_main,2.333109775727009,V2,29611,65664,V2,2.9370504204518593,,
case_011,4,184697,92646,True,92646,360448,0,360448,True,official_reeval(regen),46880,True,46880,540672,0,540672,True,official_reeval,1.9935777043801135,3.9397824232081913,1.9462047188280778,1.9762372013651877,V2,V2,,,92646,360448,V1_main,1.9935777043801135,V2,46880,540672,V2,3.9397824232081913,,
case_012,4,59088,25111,True,25111,361374,0,361374,True,official_reeval(regen),16613,True,16613,40914,0,40914,True,official_reeval,2.353072358727251,3.5567326792271112,1.2036603204998602,1.5115271173177631,V2,V2,,,25111,361374,V1_main,2.353072358727251,V2,16613,40914,V2,3.5567326792271112,,
case_013,4,263949,99973,True,99973,3158016,0,3158016,True,official_reeval(regen),67017,True,67017,24576,0,24576,True,official_reeval,2.6402028547707883,3.9385379828998612,1.298335128129073,1.4917558231493502,V2,V2,98767,no_dedup,98767,3158016,V1_supp57,2.67244119999595,V2,67017,24576,V2,3.9385379828998612,3158016,98767
case_014,4,17698626,8555638,True,8555638,169783228,8475552,161307676,True,official_reeval(regen),4407313,True,4407313,56332960,17733024,38599936,True,official_reeval,2.0686506371587954,4.015740656495239,1.9470900193364433,1.9412367580882048,V2,V2,6091765,factor_24,6091765,185705796,V1_supp57,2.9053363023688537,V2,4407313,56332960,V2,4.015740656495239,185705796,6091765
case_015,4,177362,61508,True,61508,1617326,0,1617326,True,official_reeval(regen),48350,True,48350,835968,0,835968,True,official_reeval,2.8835598621317553,3.6682936918304034,0.7847338296986481,1.2721406411582212,V2,V2,,,61508,1617326,V1_main,2.8835598621317553,V2,48350,835968,V2,3.6682936918304034,,
case_016,4,7715523,7715523,True,7715523,0,0,0,True,official_reeval(regen),4463893,True,4463893,179071776,0,179071776,True,official_reeval,1.0,1.7284291984597302,0.7284291984597302,1.7284291984597302,V2,V2,,,7715523,0,V1_main,1.0,V2,4463893,179071776,V2,1.7284291984597302,,
case_017,4,162810,64560,True,64560,1613420,0,1613420,True,official_reeval(regen),39206,True,39206,349728,0,349728,True,official_reeval,2.521840148698885,4.152680712135898,1.6308405634370131,1.6466867316227107,V2,V2,,,64560,1613420,V1_main,2.521840148698885,V2,39206,349728,V2,4.152680712135898,,
case_018,4,1004367,412420,True,412420,8788324,0,8788324,True,official_reeval(regen),251377,True,251377,4173184,0,4173184,True,official_reeval,2.4353013917850737,3.995461000807552,1.5601596090224783,1.640643336502544,V2,V2,,,412420,8788324,V1_main,2.4353013917850737,V2,251377,4173184,V2,3.995461000807552,,
case_019,4,81144,26271,True,26271,356376,0,356376,True,official_reeval(regen),24099,True,24099,49152,0,49152,True,official_reeval,3.0887290167865706,3.3671106684924688,0.2783816517058981,1.0901282210880119,V2,V2,,,26271,356376,V1_main,3.0887290167865706,V2,24099,49152,V2,3.3671106684924688,,
case_020,4,532746,152581,True,152581,970752,0,970752,True,official_reeval(regen),133704,True,133704,0,0,0,True,official_reeval,3.491561858947051,3.984518039849219,0.49295618090216786,1.141185005684198,V2,V2,,,152581,970752,V1_main,3.491561858947051,V2,133704,0,V2,3.984518039849219,,
case_021,4,6567937,1826681,True,1826681,47951872,0,47951872,True,official_reeval(regen),1555545,True,1555545,7936000,0,7936000,True,official_reeval,3.595557735587111,4.222273865429801,0.62671612984269,1.1743028970553728,V2,V2,,,1826681,47951872,V1_main,3.595557735587111,V2,1555545,7936000,V2,4.222273865429801,,
case_022,4,56780,23956,True,23956,601336,0,601336,True,official_reeval(regen),14918,True,14918,0,0,0,True,official_reeval,2.3701786608782767,3.806140233275238,1.4359615723969612,1.6058452875720606,V2,V2,,,23956,601336,V1_main,2.3701786608782767,V2,14918,0,V2,3.806140233275238,,
case_023,4,122614,40272,True,40272,523838,0,523838,True,official_reeval(regen),33997,True,33997,546286,0,546286,True,official_reeval,3.044646404449742,3.606612348148366,0.561965943698624,1.1845751095684913,V2,V2,40014,no_feedback,40014,515646,V1_supp57,3.064277502873994,V2,33997,546286,V2,3.606612348148366,515646,40014
case_024,4,2555343,2555343,True,2555343,0,0,0,True,official_reeval(regen),1474020,True,1474020,58729346,0,58729346,True,official_reeval,1.0,1.733587739650751,0.7335877396507511,1.733587739650751,V2,V2,,,2555343,0,V1_main,1.0,V2,1474020,58729346,V2,1.733587739650751,,
case_025,4,4863026,1330095,True,1330095,21487104,0,21487104,True,official_reeval(regen),1217470,True,1217470,82944,0,82944,True,official_reeval,3.656149372789162,3.9943702924918068,0.3382209197026449,1.0925074129136652,V2,V2,1330095,full,1330095,21487104,V1_main,3.656149372789162,V2,1217470,82944,V2,3.9943702924918068,,
case_026,4,99203,51622,True,51622,1666942,0,1666942,True,official_reeval(regen),42442,True,42442,94080,0,94080,True,official_reeval,1.921719421951881,2.33737806889402,0.41565864694213905,1.2162951793035202,V2,V2,,,51622,1666942,V1_main,1.921719421951881,V2,42442,94080,V2,2.33737806889402,,
case_027,4,2363952,2072453,True,2072453,5361664,0,5361664,True,official_reeval(regen),559196,True,559196,2211840,0,2211840,True,official_reeval,1.1406540944474977,4.227412213249022,3.0867581188015247,3.7061298721736207,V2,V2,,,2072453,5361664,V1_main,1.1406540944474977,V2,559196,2211840,V2,4.227412213249022,,
case_028,4,43836040,14278734,True,14278734,280143288,179193432,100949856,True,official_reeval(regen),12541072,True,12541072,90149928,0,90149928,True,official_reeval,3.070022874576976,3.495398160540024,0.4253752859630482,1.138557692675714,V2,V2,,,14278734,280143288,V1_main,3.070022874576976,V2,12541072,90149928,V2,3.495398160540024,,
case_029,4,37555,20952,True,20952,543306,0,543306,True,official_reeval(regen),11098,True,11098,0,0,0,True,official_reeval,1.792430316914853,3.383943052802307,1.591512735887454,1.8879077311227248,V2,V2,,,20952,543306,V1_main,1.792430316914853,V2,11098,0,V2,3.383943052802307,,
case_030,4,2808034,1058587,True,1058587,38417092,0,38417092,True,official_reeval(regen),707133,True,707133,2580480,1341440,1239040,True,official_reeval,2.6526246779905667,3.971012525225099,1.3183878472345323,1.4970125846198665,V2,V2,,,1058587,38417092,V1_main,2.6526246779905667,V2,707133,2580480,V2,3.971012525225099,,
case_031,4,1414369,566720,True,566720,13777862,0,13777862,True,official_reeval(regen),355389,True,355389,4237348,282624,3954724,True,official_reeval,2.495710403726708,3.979777089330283,1.4840666856035751,1.594646992450526,V2,V2,,,566720,13777862,V1_main,2.495710403726708,V2,355389,4237348,V2,3.979777089330283,,
case_032,4,41443,18530,True,18530,486814,0,486814,True,official_reeval(regen),11295,True,11295,24584,0,24584,True,official_reeval,2.2365353480841876,3.6691456396635678,1.4326102915793801,1.6405489154493138,V2,V2,,,18530,486814,V1_main,2.2365353480841876,V2,11295,24584,V2,3.6691456396635678,,
case_033,4,1774196,522816,True,522816,17306384,0,17306384,True,official_reeval(regen),442430,True,442430,5415936,0,5415936,True,official_reeval,3.3935380707552945,4.010116854643672,0.6165787838883778,1.1816920190764642,V2,V2,,,522816,17306384,V1_main,3.3935380707552945,V2,442430,5415936,V2,4.010116854643672,,
case_034,4,842996,454484,True,454484,9543050,0,9543050,True,official_reeval(regen),212759,True,212759,2270208,155648,2114560,True,official_reeval,1.8548419746349707,3.962210764291992,2.1073687896570217,2.136144651930118,V2,V2,,,454484,9543050,V1_main,1.8548419746349707,V2,212759,2270208,V2,3.962210764291992,,
case_035,4,169571,133784,True,133784,1471482,0,1471482,True,official_reeval(regen),89670,True,89670,1146902,0,1146902,True,official_reeval,1.2674983555582133,1.8910560945689752,0.6235577390107618,1.4919594067135051,V2,V2,,,133784,1471482,V1_main,1.2674983555582133,V2,89670,1146902,V2,1.8910560945689752,,
case_036,4,931510,239512,True,239512,227328,0,227328,True,official_reeval(regen),233584,True,233584,3456,0,3456,True,official_reeval,3.889199706069007,3.987901568600589,0.09870186253158231,1.0253784505788068,V2,V2,,,239512,227328,V1_main,3.889199706069007,V2,233584,3456,V2,3.987901568600589,,
case_037,4,210001,93039,True,93039,3657728,0,3657728,True,official_reeval(regen),53320,True,53320,614400,0,614400,True,official_reeval,2.2571287309622847,3.938503375843961,1.6813746448816764,1.7449174793698425,V2,V2,,,93039,3657728,V1_main,2.2571287309622847,V2,53320,614400,V2,3.938503375843961,,
case_038,4,1364555,553331,True,553331,12941320,0,12941320,True,official_reeval(regen),342300,True,342300,8024064,64512,7959552,True,official_reeval,2.46607365211781,3.9864300321355537,1.5203563800177435,1.6165089103125914,V2,V2,,,553331,12941320,V1_main,2.46607365211781,V2,342300,8024064,V2,3.9864300321355537,,
case_039,4,1435262,572197,True,572197,21725184,0,21725184,True,official_reeval(regen),391944,True,391944,9232384,5029888,4202496,True,official_reeval,2.5083354159494022,3.6619057824587187,1.1535703665093164,1.4598947808870655,V2,V2,,,572197,21725184,V1_main,2.5083354159494022,V2,391944,9232384,V2,3.6619057824587187,,
case_040,4,253454,148309,True,148309,1586732,0,1586732,True,official_reeval(regen),110105,True,110105,0,0,0,True,official_reeval,1.7089589977681732,2.301929975932065,0.5929709781638917,1.3469778847463785,V2,V2,,,148309,1586732,V1_main,1.7089589977681732,V2,110105,0,V2,2.301929975932065,,
case_041,4,6003957,2583949,True,2583949,56090648,0,56090648,True,official_reeval(regen),1500761,True,1500761,15433728,8908800,6524928,True,official_reeval,2.3235586306076472,4.000608358026361,1.677049727418714,1.721759160852394,V2,V2,,,2583949,56090648,V1_main,2.3235586306076472,V2,1500761,15433728,V2,4.000608358026361,,
case_042,4,1686740,1541594,True,1541594,17675916,0,17675916,True,official_reeval(regen),418795,True,418795,3753984,989184,2764800,True,official_reeval,1.0941531946803114,4.027603003856302,2.9334498091759906,3.681022934848792,V2,V2,616542,no_critical_path,616542,17822792,V1_supp57,2.7358071307388627,V2,418795,3753984,V2,4.027603003856302,17822792,616542
case_043,4,677656,509854,True,509854,1473446,16384,1457062,True,official_reeval(regen),271072,True,271072,279560,49160,230400,True,official_reeval,1.3291177474335791,2.499911462637233,1.1707937152036538,1.8808803565104475,V2,V2,418541,factor_24,418541,7401684,V1_supp57,1.619091080682657,V2,271072,279560,V2,2.499911462637233,7401684,418541
case_044,4,154407,154407,True,154407,4438112,4438112,0,True,official_reeval(regen),90788,True,90788,1077920,52800,1025120,True,official_reeval,1.0,1.7007423888619642,0.7007423888619642,1.7007423888619642,V2,V2,,,154407,4438112,V1_main,1.0,V2,90788,1077920,V2,1.7007423888619642,,
case_045,4,125614,41792,True,41792,376832,0,376832,True,official_reeval(regen),32037,True,32037,0,0,0,True,official_reeval,3.005694869831547,3.92090395480226,0.9152090849707131,1.3044916814932734,V2,V2,,,41792,376832,V1_main,3.005694869831547,V2,32037,0,V2,3.92090395480226,,
case_046,4,276455,143292,True,143292,6209696,0,6209696,True,official_reeval(regen),106198,True,106198,3061536,0,3061536,True,official_reeval,1.929312173743126,2.603203450159137,0.6738912764160108,1.3492909470988155,V2,V2,,,143292,6209696,V1_main,1.929312173743126,V2,106198,3061536,V2,2.603203450159137,,
case_047,4,326508,322846,True,322846,2042114,0,2042114,True,official_reeval(regen),148685,True,148685,3411506,0,3411506,True,official_reeval,1.011342869355668,2.1959713488246964,1.1846284794690283,2.1713420990685006,V2,V2,,,322846,2042114,V1_main,1.011342869355668,V2,148685,3411506,V2,2.1959713488246964,,
case_048,4,222220,222220,True,222220,0,0,0,True,official_reeval(regen),119990,True,119990,1232200,0,1232200,True,official_reeval,1.0,1.8519876656388032,0.8519876656388032,1.8519876656388032,V2,V2,,,222220,0,V1_main,1.0,V2,119990,1232200,V2,1.8519876656388032,,
case_049,4,196276,184940,True,184940,1305570,0,1305570,True,official_reeval(regen),81727,True,81727,1346092,0,1346092,True,official_reeval,1.0612955553152374,2.401605344622952,1.3403097893077145,2.2628996537252073,V2,V2,,,184940,1305570,V1_main,1.0612955553152374,V2,81727,1346092,V2,2.401605344622952,,
case_050,4,149690,124050,True,124050,1490208,0,1490208,True,official_reeval(regen),62707,True,62707,1064928,0,1064928,True,official_reeval,1.2066908504635228,2.3871338128119666,1.1804429623484438,1.9782480424832953,V2,V2,,,124050,1490208,V1_main,1.2066908504635228,V2,62707,1064928,V2,2.3871338128119666,,
case_051,4,607628,607628,True,607628,0,0,0,True,official_reeval(regen),345200,True,345200,13371492,0,13371492,True,official_reeval,1.0,1.7602201622247973,0.7602201622247973,1.7602201622247973,V2,V2,,,607628,0,V1_main,1.0,V2,345200,13371492,V2,1.7602201622247973,,
case_052,4,180301,56549,True,56549,1709978,0,1709978,True,official_reeval(regen),48176,True,48176,177408,0,177408,True,official_reeval,3.188402977948328,3.742548156758552,0.5541451788102241,1.1738002324809034,V2,V2,,,56549,1709978,V1_main,3.188402977948328,V2,48176,177408,V2,3.742548156758552,,
case_053,4,1472686,740021,True,740021,11464492,1032192,10432300,True,official_reeval(regen),491765,True,491765,10577408,0,10577408,True,official_reeval,1.990059741547875,2.9946946203979543,1.0046348788500794,1.504826492328653,V2,V2,,,740021,11464492,V1_main,1.990059741547875,V2,491765,10577408,V2,2.9946946203979543,,
case_054,4,815051,519883,True,519883,5209258,0,5209258,True,official_reeval(regen),302634,True,302634,6778160,0,6778160,True,official_reeval,1.5677585148966209,2.693190454476364,1.1254319395797432,1.7178605179854214,V2,V2,,,519883,5209258,V1_main,1.5677585148966209,V2,302634,6778160,V2,2.693190454476364,,
case_055,4,118835,43985,True,43985,772910,0,772910,True,official_reeval(regen),31970,True,31970,98828,0,98828,True,official_reeval,2.7017164942594065,3.71707851110416,1.0153620168447537,1.375821082264623,V2,V2,,,43985,772910,V1_main,2.7017164942594065,V2,31970,98828,V2,3.71707851110416,,
case_056,4,277285,277285,True,277285,0,0,0,True,official_reeval(regen),124393,True,124393,2117848,0,2117848,True,official_reeval,1.0,2.229104531605476,1.229104531605476,2.229104531605476,V2,V2,,,277285,0,V1_main,1.0,V2,124393,2117848,V2,2.229104531605476,,
case_057,4,59726,27373,True,27373,999900,0,999900,True,official_reeval(regen),16026,True,16026,55176,0,55176,True,official_reeval,2.1819310999890402,3.7268189192562087,1.5448878192671684,1.7080369399725446,V2,V2,,,27373,999900,V1_main,2.1819310999890402,V2,16026,55176,V2,3.7268189192562087,,
case_058,4,4539717,1692132,True,1692132,66809856,0,66809856,True,official_reeval(regen),1137685,True,1137685,31899648,9596928,22302720,True,official_reeval,2.6828385728772934,3.9903110263385737,1.3074724534612803,1.4873466732883003,V2,V2,,,1692132,66809856,V1_main,2.6828385728772934,V2,1137685,31899648,V2,3.9903110263385737,,
case_059,4,829473,627670,True,627670,11616256,0,11616256,True,official_reeval(regen),185216,True,185216,1081344,0,1081344,True,official_reeval,1.3215113037105486,4.478408992743607,3.156897689033059,3.3888540946786456,V2,V2,,,627670,11616256,V1_main,1.3215113037105486,V2,185216,1081344,V2,4.478408992743607,,
case_060,4,888789,297761,True,297761,12274272,0,12274272,True,official_reeval(regen),225248,True,225248,7342080,24576,7317504,True,official_reeval,2.984907358586249,3.9458241582611167,0.9609167996748678,1.3219251669271204,V2,V2,,,297761,12274272,V1_main,2.984907358586249,V2,225248,7342080,V2,3.9458241582611167,,
case_061,4,77191,33627,True,33627,858120,0,858120,True,official_reeval(regen),23971,True,23971,73984,0,73984,True,official_reeval,2.2955065869688047,3.2201827207876184,0.9246761338188136,1.4028200742563932,V2,V2,,,33627,858120,V1_main,2.2955065869688047,V2,23971,73984,V2,3.2201827207876184,,
case_062,4,2854809,2459818,True,2459818,6572544,0,6572544,True,official_reeval(regen),828918,True,828918,5652480,0,5652480,True,official_reeval,1.1605773272656759,3.4440185880871206,2.2834412608214447,2.9675046265131173,V2,V2,,,2459818,6572544,V1_main,1.1605773272656759,V2,828918,5652480,V2,3.4440185880871206,,
case_063,4,1070397,756614,True,756614,2769408,0,2769408,True,official_reeval(regen),312187,True,312187,2082816,0,2082816,True,official_reeval,1.4147200554047374,3.428704590517863,2.013984535113125,2.4235922700176498,V2,V2,,,756614,2769408,V1_main,1.4147200554047374,V2,312187,2082816,V2,3.428704590517863,,
case_064,4,19116,19116,True,19116,0,0,0,True,official_reeval(regen),12212,True,12212,164466,0,164466,True,official_reeval,1.0,1.5653455617425482,0.5653455617425482,1.5653455617425482,V2,V2,,,19116,0,V1_main,1.0,V2,12212,164466,V2,1.5653455617425482,,
case_065,4,53068,17574,True,17574,363266,0,363266,True,official_reeval(regen),14342,True,14342,85000,0,85000,True,official_reeval,3.019688175714123,3.700181285734207,0.680493110020084,1.2253521126760563,V2,V2,,,17574,363266,V1_main,3.019688175714123,V2,14342,85000,V2,3.700181285734207,,
case_066,4,359070,236457,True,236457,2773790,0,2773790,True,official_reeval(regen),152647,True,152647,3482906,0,3482906,True,official_reeval,1.5185424834113601,2.352289923811146,0.833747440399786,1.5490445275701454,V2,V2,,,236457,2773790,V1_main,1.5185424834113601,V2,152647,3482906,V2,2.352289923811146,,
case_067,4,63834834,18723541,True,18723541,258285312,101757952,156527360,True,official_reeval(regen),17227211,True,17227211,303789056,884736,302904320,True,official_reeval,3.409335552500459,3.705465382643772,0.29612983014331284,1.0868585170286704,V2,V2,,,18723541,258285312,V1_main,3.409335552500459,V2,17227211,303789056,V2,3.705465382643772,,
case_068,4,362095,330958,True,330958,1495302,0,1495302,True,official_reeval(regen),147623,True,147623,3254490,0,3254490,True,official_reeval,1.0940814242290562,2.4528359401990203,1.358754515969964,2.2419135229605143,V2,V2,,,330958,1495302,V1_main,1.0940814242290562,V2,147623,3254490,V2,2.4528359401990203,,
case_069,4,25144,20522,True,20522,518602,0,518602,True,official_reeval(regen),13559,True,13559,225328,0,225328,True,official_reeval,1.2252217132833056,1.8544140423335054,0.6291923290501997,1.5135334464193524,V2,V2,,,20522,518602,V1_main,1.2252217132833056,V2,13559,225328,V2,1.8544140423335054,,
case_070,4,117300,45325,True,45325,991388,0,991388,True,official_reeval(regen),31066,True,31066,161792,0,161792,True,official_reeval,2.587975730832874,3.7758320994012746,1.1878563685684007,1.4589905362776026,V2,V2,,,45325,991388,V1_main,2.587975730832874,V2,31066,161792,V2,3.7758320994012746,,
case_071,4,18919,16934,True,16934,449414,0,449414,True,official_reeval(regen),10902,True,10902,195664,0,195664,True,official_reeval,1.1172197944962796,1.73536965694368,0.6181498624474004,1.5532929737662815,V2,V2,,,16934,449414,V1_main,1.1172197944962796,V2,10902,195664,V2,1.73536965694368,,
case_072,4,23897828,6976818,True,6976818,179877044,3158064,176718980,True,official_reeval(regen),5818235,True,5818235,105754672,5328944,100425728,True,official_reeval,3.425319106790517,4.107401643281855,0.6820825364913379,1.1991296329556989,V2,V2,,,6976818,179877044,V1_main,3.425319106790517,V2,5818235,105754672,V2,4.107401643281855,,
case_073,4,10081626,4033216,True,4033216,141393152,0,141393152,True,official_reeval(regen),3159132,True,3159132,92377472,0,92377472,True,official_reeval,2.499649411288659,3.191264562544395,0.691615151255736,1.276684861537916,V2,V2,3385577,no_wait,3385577,127970560,V1_supp57,2.9778161890868233,V2,3159132,92377472,V2,3.191264562544395,127970560,3385577
case_074,4,1682239,1349780,True,1349780,13476192,16384,13459808,True,official_reeval(regen),425293,True,425293,12038152,0,12038152,True,official_reeval,1.2463060646920239,3.9554824556247103,2.7091763909326865,3.173764910308893,V2,V2,,,1349780,13476192,V1_main,1.2463060646920239,V2,425293,12038152,V2,3.9554824556247103,,
case_075,4,1441809,1437023,True,1437023,2912222,0,2912222,True,official_reeval(regen),525681,True,525681,7546670,0,7546670,True,official_reeval,1.0033304964499525,2.742745124895136,1.7394146284451837,2.7336407441014607,V2,V2,,,1437023,2912222,V1_main,1.0033304964499525,V2,525681,7546670,V2,2.742745124895136,,
case_076,4,6185113,2076213,True,2076213,87766028,0,87766028,True,official_reeval(regen),1538179,True,1538179,17637376,4896768,12740608,True,official_reeval,2.9790358696337997,4.021061918021244,1.0420260483874446,1.3497863382610216,V2,V2,,,2076213,87766028,V1_main,2.9790358696337997,V2,1538179,17637376,V2,4.021061918021244,,
case_077,4,495320,190763,True,190763,3054950,0,3054950,True,official_reeval(regen),126085,True,126085,417792,0,417792,True,official_reeval,2.596520289573974,3.928460958876948,1.3319406693029738,1.5129714081770234,V2,V2,,,190763,3054950,V1_main,2.596520289573974,V2,126085,417792,V2,3.928460958876948,,
case_078,4,2296143,672393,True,672393,16069056,0,16069056,True,official_reeval(regen),619540,True,619540,15039360,0,15039360,True,official_reeval,3.414882367900915,3.706206217516222,0.2913238496153068,1.0853100687606934,V2,V2,,,672393,16069056,V1_main,3.414882367900915,V2,619540,15039360,V2,3.706206217516222,,
case_079,4,31052251,9988462,True,9988462,221865984,0,221865984,True,official_reeval(regen),7389630,True,7389630,49977344,167936,49809408,True,official_reeval,3.108812047340221,4.202138808032338,1.0933267606921167,1.3516863496548541,V2,V2,,,9988462,221865984,V1_main,3.108812047340221,V2,7389630,49977344,V2,4.202138808032338,,
case_080,4,292138,124211,True,124211,4874240,0,4874240,True,official_reeval(regen),95154,True,95154,1675264,24576,1650688,True,official_reeval,2.3519495052773105,3.0701599512369424,0.7182104459596319,1.3053681400676798,V2,V2,,,124211,4874240,V1_main,2.3519495052773105,V2,95154,1675264,V2,3.0701599512369424,,
case_081,4,151795,77613,True,77613,1040494,0,1040494,True,official_reeval(regen),39658,True,39658,0,0,0,True,official_reeval,1.9557934882042958,3.827600988451258,1.8718075002469623,1.9570578445710827,V2,V2,,,77613,1040494,V1_main,1.9557934882042958,V2,39658,0,V2,3.827600988451258,,
case_082,4,721041,602581,True,602581,3413576,0,3413576,True,official_reeval(regen),260930,True,260930,3969324,0,3969324,True,official_reeval,1.1965876786689258,2.7633503238416433,1.5667626451727175,2.309358831870617,V2,V2,,,602581,3413576,V1_main,1.1965876786689258,V2,260930,3969324,V2,2.7633503238416433,,
case_083,4,1057993,516304,True,516304,21435136,6025600,15409536,True,official_reeval(regen),357797,True,357797,12791872,0,12791872,True,official_reeval,2.049166769964982,2.956964423961073,0.907797653996091,1.4430081862061448,V2,V2,,,516304,21435136,V1_main,2.049166769964982,V2,357797,12791872,V2,2.956964423961073,,
case_084,4,2507412,634732,True,634732,156864,0,156864,True,official_reeval(regen),393772,True,393772,9925632,0,9925632,True,official_reeval,3.950347548256587,6.367674695001168,2.4173271467445807,1.6119277145149986,V2,V2,,,634732,156864,V1_main,3.950347548256587,V2,393772,9925632,V2,6.367674695001168,,
case_085,4,3187899,3186515,True,3186515,223878,0,223878,True,official_reeval(regen),1077515,True,1077515,16974458,0,16974458,True,official_reeval,1.0004343302950087,2.9585657740263476,1.9581314437313388,2.957281337150759,V2,V2,,,3186515,223878,V1_main,1.0004343302950087,V2,1077515,16974458,V2,2.9585657740263476,,
case_086,4,118403,93845,True,93845,2711592,0,2711592,True,official_reeval(regen),62123,True,62123,2005630,0,2005630,True,official_reeval,1.261686824018328,1.9059446581781305,0.6442578341598024,1.5106321330264154,V2,V2,,,93845,2711592,V1_main,1.261686824018328,V2,62123,2005630,V2,1.9059446581781305,,
case_087,4,3974071,3155049,True,3155049,31955256,36864,31918392,True,official_reeval(regen),993000,True,993000,9838080,479232,9358848,True,official_reeval,1.2595908970035015,4.002085599194361,2.7424947021908594,3.17729003021148,V2,V2,,,3155049,31955256,V1_main,1.2595908970035015,V2,993000,9838080,V2,4.002085599194361,,
case_088,4,243623,152911,True,152911,2103280,0,2103280,True,official_reeval(regen),103883,True,103883,2486212,0,2486212,True,official_reeval,1.5932339727030755,2.3451671592079553,0.7519331865048797,1.4719540252014285,V2,V2,,,152911,2103280,V1_main,1.5932339727030755,V2,103883,2486212,V2,2.3451671592079553,,
case_089,4,693092,213746,True,213746,3797280,0,3797280,True,official_reeval(regen),178160,True,178160,716160,0,716160,True,official_reeval,3.242596352680284,3.8902784014369107,0.6476820487566268,1.199741805118994,V2,V2,,,213746,3797280,V1_main,3.242596352680284,V2,178160,716160,V2,3.8902784014369107,,
case_090,4,1178363,559292,True,559292,25807680,0,25807680,True,official_reeval(regen),488335,True,488335,14781552,0,14781552,True,official_reeval,2.1068833453723634,2.4130217985604143,0.3061384531880509,1.145303940942181,V2,V2,,,559292,25807680,V1_main,2.1068833453723634,V2,488335,14781552,V2,2.4130217985604143,,
case_091,4,9186769,3155197,True,3155197,91318640,1410912,89907728,True,official_reeval(regen),2283231,True,2283231,53747680,2691552,51056128,True,official_reeval,2.9116308743954815,4.023582808747779,1.1119519343522977,1.38190003551984,V2,V2,,,3155197,91318640,V1_main,2.9116308743954815,V2,2283231,53747680,V2,4.023582808747779,,
case_092,4,4815554,2174925,True,2174925,86089984,39858944,46231040,True,official_reeval(regen),1315425,True,1315425,32694688,0,32694688,True,official_reeval,2.214124165201099,3.660835091320296,1.4467109261191968,1.6534009920748047,V2,V2,,,2174925,86089984,V1_main,2.214124165201099,V2,1315425,32694688,V2,3.660835091320296,,
case_093,4,74205,30734,True,30734,1032192,0,1032192,True,official_reeval(regen),19849,True,19849,24576,0,24576,True,official_reeval,2.4144270189366823,3.7384754899491157,1.3240484710124334,1.5483903471207618,V2,V2,30600,wait_scale_2,30600,1032192,V1_supp57,2.425,V2,19849,24576,V2,3.7384754899491157,1032192,30600
case_094,4,94892,33634,True,33634,778788,0,778788,True,official_reeval(regen),25735,True,25735,102912,0,102912,True,official_reeval,2.8213117678539574,3.687274140275889,0.8659623724219316,1.3069360792694773,V2,V2,,,33634,778788,V1_main,2.8213117678539574,V2,25735,102912,V2,3.687274140275889,,
case_095,4,2084853,527754,True,527754,36864,0,36864,True,official_reeval(regen),524422,True,524422,0,0,0,True,official_reeval,3.9504257665503246,3.9755254356224565,0.025099669072131903,1.0063536617456934,V2,V2,,,527754,36864,V1_main,3.9504257665503246,V2,524422,0,V2,3.9755254356224565,,
case_096,4,84194,38283,True,38283,1134354,0,1134354,True,official_reeval(regen),26984,True,26984,131328,0,131328,True,official_reeval,2.1992529321108587,3.120145271271865,0.9208923391610062,1.4187296175511415,V2,V2,,,38283,1134354,V1_main,2.1992529321108587,V2,26984,131328,V2,3.120145271271865,,
case_097,4,11491509,9694962,True,9694962,24545280,0,24545280,True,official_reeval(regen),2579804,True,2579804,11927552,0,11927552,True,official_reeval,1.1853072760883436,4.454411652978289,3.269104376889945,3.75802270249988,V2,V2,,,9694962,24545280,V1_main,1.1853072760883436,V2,2579804,11927552,V2,4.454411652978289,,
case_098,4,177430,104827,True,104827,1671762,0,1671762,True,official_reeval(regen),72550,True,72550,1551676,0,1551676,True,official_reeval,1.692598280977229,2.4456237077877327,0.7530254268105037,1.4448931771192282,V2,V2,,,104827,1671762,V1_main,1.692598280977229,V2,72550,1551676,V2,2.4456237077877327,,
case_099,4,1622999,869011,True,869011,13303320,0,13303320,True,official_reeval(regen),408104,True,408104,4616192,2711552,1904640,True,official_reeval,1.867639189837643,3.976924999509929,2.109285809672286,2.129386136867073,V2,V2,,,869011,13303320,V1_main,1.867639189837643,V2,408104,4616192,V2,3.976924999509929,,
case_100,4,151223,77441,True,77441,2775926,0,2775926,True,official_reeval(regen),54829,True,54829,745454,0,745454,True,official_reeval,1.9527511266641702,2.7580842255011033,0.8053330988369332,1.4124094913275822,V2,V2,,,77441,2775926,V1_main,1.9527511266641702,V2,54829,745454,V2,2.7580842255011033,,
case_001,5,233110,54727,True,54727,281088,0,281088,True,official_reeval(regen),47502,True,47502,4608,0,4608,True,official_reeval,4.259506276609351,4.9073723211654245,0.6478660445560731,1.1520988589954106,V2,V2,,,54727,281088,V1_main,4.259506276609351,V2,47502,4608,V2,4.9073723211654245,,
case_002,5,261945,79320,True,79320,995328,0,995328,True,official_reeval(regen),62955,True,62955,500736,0,500736,True,official_reeval,3.3023827534039336,4.160829163688349,0.8584464102844152,1.259947581605909,V2,V2,,,79320,995328,V1_main,3.3023827534039336,V2,62955,500736,V2,4.160829163688349,,
case_003,5,602212,530004,True,530004,5232074,0,5232074,True,official_reeval(regen),222886,True,222886,7738016,0,7738016,True,official_reeval,1.1362404812039155,2.701883474062974,1.5656429928590583,2.377915167394991,V2,V2,,,530004,5232074,V1_main,1.1362404812039155,V2,222886,7738016,V2,2.701883474062974,,
case_004,5,392357,112501,True,112501,2896896,0,2896896,True,official_reeval(regen),88497,True,88497,442368,0,442368,True,official_reeval,3.4875867770064266,4.433562719640213,0.9459759426337868,1.2712408330225884,V2,V2,,,112501,2896896,V1_main,3.4875867770064266,V2,88497,442368,V2,4.433562719640213,,
case_005,5,95618,79171,True,79171,2294260,0,2294260,True,official_reeval(regen),50203,True,50203,1956274,0,1956274,True,official_reeval,1.2077402079044095,1.9046272135131366,0.6968870056087271,1.5770173097225266,V2,V2,,,79171,2294260,V1_main,1.2077402079044095,V2,50203,1956274,V2,1.9046272135131366,,
case_006,5,82837,31097,True,31097,1019780,0,1019780,True,official_reeval(regen),31151,True,31151,3456,0,3456,True,official_reeval,2.6638260925491206,2.6592083721228854,-0.004617720426235206,0.998266508298289,V1,V1,,,31097,1019780,V1_main,2.6638260925491206,V1,31097,1019780,V1_main,2.6638260925491206,,
case_007,5,1012562,234947,True,234947,5560320,0,5560320,True,official_reeval(regen),203834,True,203834,110592,0,110592,True,official_reeval,4.30974645345546,4.967581463347626,0.6578350098921657,1.1526389120558886,V2,V2,,,234947,5560320,V1_main,4.30974645345546,V2,203834,110592,V2,4.967581463347626,,
case_008,5,487605,122080,True,122080,775296,0,775296,True,official_reeval(regen),100603,True,100603,0,0,0,True,official_reeval,3.9941431847968545,4.846823653370178,0.8526804685733236,1.2134826993230818,V2,V2,,,122080,775296,V1_main,3.9941431847968545,V2,100603,0,V2,4.846823653370178,,
case_009,5,153261,113037,True,113037,682428,0,682428,True,official_reeval(regen),70899,True,70899,1627082,0,1627082,True,official_reeval,1.355848085140264,2.1616807007151015,0.8058326155748377,1.5943384250835695,V2,V2,,,113037,682428,V1_main,1.355848085140264,V2,70899,1627082,V2,2.1616807007151015,,
case_010,5,86969,30802,True,30802,962198,0,962198,True,official_reeval(regen),29611,True,29611,65664,0,65664,True,official_reeval,2.8234854879553275,2.9370504204518593,0.11356493249653177,1.0402215392928305,V2,V2,,,30802,962198,V1_main,2.8234854879553275,V2,29611,65664,V2,2.9370504204518593,,
case_011,5,184697,92646,True,92646,360448,0,360448,True,official_reeval(regen),46880,True,46880,540672,0,540672,True,official_reeval,1.9935777043801135,3.9397824232081913,1.9462047188280778,1.9762372013651877,V2,V2,,,92646,360448,V1_main,1.9935777043801135,V2,46880,540672,V2,3.9397824232081913,,
case_012,5,59088,20224,True,20224,456074,0,456074,True,official_reeval(regen),13794,True,13794,58200,0,58200,True,official_reeval,2.9216772151898733,4.283601565898216,1.361924350708343,1.4661447005944614,V2,V2,,,20224,456074,V1_main,2.9216772151898733,V2,13794,58200,V2,4.283601565898216,,
case_013,5,263949,99973,True,99973,3158016,0,3158016,True,official_reeval(regen),54468,True,54468,32768,0,32768,True,official_reeval,2.6402028547707883,4.845946243666006,2.205743388895218,1.8354446647572886,V2,V2,101680,full,99973,3158016,V1_main,2.6402028547707883,V2,54468,32768,V2,4.845946243666006,,
case_014,5,17698626,8313553,True,8313553,171913916,8486304,163427612,True,official_reeval(regen),3523383,True,3523383,55237536,16221600,39015936,True,official_reeval,2.1288883345063176,5.0231910638156565,2.894302729309339,2.3595371266762655,V2,V2,4934508,no_critical_path,4934508,181114260,V1_supp57,3.5867053007108307,V2,3523383,55237536,V2,5.0231910638156565,181114260,4934508
case_015,5,177362,59551,True,59551,1834802,0,1834802,True,official_reeval(regen),39096,True,39096,379090,0,379090,True,official_reeval,2.978321102920186,4.536576631880499,1.5582555289603133,1.5231993042766523,V2,V2,,,59551,1834802,V1_main,2.978321102920186,V2,39096,379090,V2,4.536576631880499,,
case_016,5,7715523,7715523,True,7715523,0,0,0,True,official_reeval(regen),4206296,True,4206296,179072372,0,179072372,True,official_reeval,1.0,1.8342796132274095,0.8342796132274095,1.8342796132274095,V2,V2,,,7715523,0,V1_main,1.0,V2,4206296,179072372,V2,1.8342796132274095,,
case_017,5,162810,55360,True,55360,1687298,0,1687298,True,official_reeval(regen),37554,True,37554,858868,0,858868,True,official_reeval,2.9409320809248554,4.335357085796453,1.3944250048715974,1.4741438994514566,V2,V2,,,55360,1687298,V1_main,2.9409320809248554,V2,37554,858868,V2,4.335357085796453,,
case_018,5,1004367,362183,True,362183,9537164,0,9537164,True,official_reeval(regen),203149,True,203149,2555904,0,2555904,True,official_reeval,2.7730926078805465,4.943991848347764,2.1708992404672176,1.7828441193409763,V2,V2,,,362183,9537164,V1_main,2.7730926078805465,V2,203149,2555904,V2,4.943991848347764,,
case_019,5,81144,25295,True,25295,375352,0,375352,True,official_reeval(regen),19714,True,19714,157716,0,157716,True,official_reeval,3.2079067009290374,4.11605965303845,0.9081529521094125,1.2830983057725474,V2,V2,,,25295,375352,V1_main,3.2079067009290374,V2,19714,157716,V2,4.11605965303845,,
case_020,5,532746,126411,True,126411,1290240,0,1290240,True,official_reeval(regen),107726,True,107726,0,0,0,True,official_reeval,4.21439589909106,4.945379945417077,0.7309840463260171,1.173449306574086,V2,V2,,,126411,1290240,V1_main,4.21439589909106,V2,107726,0,V2,4.945379945417077,,
case_021,5,6567937,1731982,True,1731982,49264640,0,49264640,True,official_reeval(regen),1243902,True,1243902,7372800,0,7372800,True,official_reeval,3.7921508422142955,5.280108079253832,1.4879572370395366,1.392378177702102,V2,V2,,,1731982,49264640,V1_main,3.7921508422142955,V2,1243902,7372800,V2,5.280108079253832,,
case_022,5,56780,20410,True,20410,735414,0,735414,True,official_reeval(regen),12161,True,12161,13824,0,13824,True,official_reeval,2.781969622733954,4.669023928953211,1.8870543062192575,1.6783159279664501,V2,V2,,,20410,735414,V1_main,2.781969622733954,V2,12161,13824,V2,4.669023928953211,,
case_023,5,122614,32515,True,32515,630580,0,630580,True,official_reeval(regen),26562,True,26562,379012,0,379012,True,official_reeval,3.770998000922651,4.616143362698592,0.8451453617759412,1.2241171598524208,V2,V2,32515,full,32515,630580,V1_main,3.770998000922651,V2,26562,379012,V2,4.616143362698592,,
case_024,5,2555343,2555343,True,2555343,0,0,0,True,official_reeval(regen),1389719,True,1389719,58795048,0,58795048,True,official_reeval,1.0,1.8387479771090414,0.8387479771090414,1.8387479771090414,V2,V2,,,2555343,0,V1_main,1.0,V2,1389719,58795048,V2,1.8387479771090414,,
case_025,5,4863026,1056634,True,1056634,21204480,0,21204480,True,official_reeval(regen),975360,True,975360,110592,0,110592,True,official_reeval,4.6023750891983415,4.985878034776903,0.38350294557856124,1.0833271817585302,V2,V2,1056634,full,1056634,21204480,V1_main,4.6023750891983415,V2,975360,110592,V2,4.985878034776903,,
case_026,5,99203,51622,True,51622,1666942,0,1666942,True,official_reeval(regen),39848,True,39848,261036,0,261036,True,official_reeval,1.921719421951881,2.4895352338887773,0.5678158119368963,1.2954727966271833,V2,V2,,,51622,1666942,V1_main,1.921719421951881,V2,39848,261036,V2,2.4895352338887773,,
case_027,5,2363952,2072453,True,2072453,5361664,0,5361664,True,official_reeval(regen),559196,True,559196,2211840,0,2211840,True,official_reeval,1.1406540944474977,4.227412213249022,3.0867581188015247,3.7061298721736207,V2,V2,,,2072453,5361664,V1_main,1.1406540944474977,V2,559196,2211840,V2,4.227412213249022,,
case_028,5,43836040,11656403,True,11656403,277787184,156747816,121039368,True,official_reeval(regen),10109465,True,10109465,324098928,10052208,314046720,True,official_reeval,3.7606832914064485,4.336138460343846,0.5754551689373972,1.153018779925545,V2,V2,,,11656403,277787184,V1_main,3.7606832914064485,V2,10109465,324098928,V2,4.336138460343846,,
case_029,5,37555,20952,True,20952,543306,0,543306,True,official_reeval(regen),9488,True,9488,0,0,0,True,official_reeval,1.792430316914853,3.9581576728499157,2.1657273559350627,2.2082630691399663,V2,V2,,,20952,543306,V1_main,1.792430316914853,V2,9488,0,V2,3.9581576728499157,,
case_030,5,2808034,1058587,True,1058587,38417092,0,38417092,True,official_reeval(regen),564152,True,564152,2258944,687104,1571840,True,official_reeval,2.6526246779905667,4.977442249606489,2.3248175716159225,1.8764216026886371,V2,V2,,,1058587,38417092,V1_main,2.6526246779905667,V2,564152,2258944,V2,4.977442249606489,,
case_031,5,1414369,432365,True,432365,14501032,0,14501032,True,official_reeval(regen),282077,True,282077,5245440,0,5245440,True,official_reeval,3.2712384212413124,5.014123803075047,1.7428853818337346,1.5327906919032745,V2,V2,,,432365,14501032,V1_main,3.2712384212413124,V2,282077,5245440,V2,5.014123803075047,,
case_032,5,41443,16851,True,16851,553678,0,553678,True,official_reeval(regen),10517,True,10517,30720,0,30720,True,official_reeval,2.4593792653255,3.940572406579823,1.481193141254323,1.6022630027574403,V2,V2,,,16851,553678,V1_main,2.4593792653255,V2,10517,30720,V2,3.940572406579823,,
case_033,5,1774196,522816,True,522816,17306384,0,17306384,True,official_reeval(regen),358218,True,358218,4704768,781824,3922944,True,official_reeval,3.3935380707552945,4.952838774154286,1.5593007033989918,1.4594911478485169,V2,V2,,,522816,17306384,V1_main,3.3935380707552945,V2,358218,4704768,V2,4.952838774154286,,
case_034,5,842996,373864,True,373864,10707842,16384,10691458,True,official_reeval(regen),172575,True,172575,3902976,57344,3845632,True,official_reeval,2.2548199345216444,4.884809503114588,2.6299895685929435,2.1663856294364767,V2,V2,,,373864,10707842,V1_main,2.2548199345216444,V2,172575,3902976,V2,4.884809503114588,,
case_035,5,169571,133784,True,133784,1471482,0,1471482,True,official_reeval(regen),74280,True,74280,1072650,0,1072650,True,official_reeval,1.2674983555582133,2.282862143241788,1.0153637876835746,1.8010770059235326,V2,V2,,,133784,1471482,V1_main,1.2674983555582133,V2,74280,1072650,V2,2.282862143241788,,
case_036,5,931510,194407,True,194407,281088,0,281088,True,official_reeval(regen),187182,True,187182,4608,0,4608,True,official_reeval,4.791545571918706,4.976493466252097,0.18494789433339065,1.0385987968928636,V2,V2,,,194407,281088,V1_main,4.791545571918706,V2,187182,4608,V2,4.976493466252097,,
case_037,5,210001,79157,True,79157,3149824,0,3149824,True,official_reeval(regen),43013,True,43013,819200,0,819200,True,official_reeval,2.652968151900653,4.882268151489085,2.229299999588432,1.8403040941110826,V2,V2,,,79157,3149824,V1_main,2.652968151900653,V2,43013,819200,V2,4.882268151489085,,
case_038,5,1364555,348541,True,348541,13799748,0,13799748,True,official_reeval(regen),275545,True,275545,6321664,233472,6088192,True,official_reeval,3.915048731713055,4.952203814259014,1.0371550825459588,1.2649149866627956,V2,V2,,,348541,13799748,V1_main,3.915048731713055,V2,275545,6321664,V2,4.952203814259014,,
case_039,5,1435262,545908,True,545908,22466560,0,22466560,True,official_reeval(regen),316542,True,316542,9805824,0,9805824,True,official_reeval,2.6291279849351907,4.534191355333573,1.9050633703983824,1.7245989473750718,V2,V2,,,545908,22466560,V1_main,2.6291279849351907,V2,316542,9805824,V2,4.534191355333573,,
case_040,5,253454,148309,True,148309,1586732,0,1586732,True,official_reeval(regen),110105,True,110105,0,0,0,True,official_reeval,1.7089589977681732,2.301929975932065,0.5929709781638917,1.3469778847463785,V2,V2,,,148309,1586732,V1_main,1.7089589977681732,V2,110105,0,V2,2.301929975932065,,
case_041,5,6003957,2450387,True,2450387,59581460,0,59581460,True,official_reeval(regen),1193899,True,1193899,19200004,1658880,17541124,True,official_reeval,2.450207661075577,5.028865088252859,2.5786574271772817,2.0524240325186636,V2,V2,,,2450387,59581460,V1_main,2.450207661075577,V2,1193899,19200004,V2,5.028865088252859,,
case_042,5,1686740,1100331,True,1100331,18082320,0,18082320,True,official_reeval(regen),339578,True,339578,4184064,651264,3532800,True,official_reeval,1.5329387248019004,4.967165128483,3.4342264036810994,3.240289418042394,V2,V2,551601,no_critical_path,551601,17609168,V1_supp57,3.0578987347738673,V2,339578,4184064,V2,4.967165128483,17609168,551601
case_043,5,677656,509854,True,509854,1473446,16384,1457062,True,official_reeval(regen),263773,True,263773,8961944,0,8961944,True,official_reeval,1.3291177474335791,2.569087814143222,1.2399700667096427,1.9329271760187736,V2,V2,576480,no_critical_path,509854,1473446,V1_main,1.3291177474335791,V2,263773,8961944,V2,2.569087814143222,,
case_044,5,154407,149098,True,149098,7341792,81664,7260128,True,official_reeval(regen),90788,True,90788,1077920,52800,1025120,True,official_reeval,1.0356074528162684,1.7007423888619642,0.6651349360456957,1.6422654976428603,V2,V2,,,149098,7341792,V1_main,1.0356074528162684,V2,90788,1077920,V2,1.7007423888619642,,
case_045,5,125614,35465,True,35465,380928,0,380928,True,official_reeval(regen),26330,True,26330,0,0,0,True,official_reeval,3.541914563654307,4.770755791872389,1.2288412282180823,1.346942650968477,V2,V2,,,35465,380928,V1_main,3.541914563654307,V2,26330,0,V2,4.770755791872389,,
case_046,5,276455,143292,True,143292,6209696,0,6209696,True,official_reeval(regen),106198,True,106198,3061536,0,3061536,True,official_reeval,1.929312173743126,2.603203450159137,0.6738912764160108,1.3492909470988155,V2,V2,,,143292,6209696,V1_main,1.929312173743126,V2,106198,3061536,V2,2.603203450159137,,
case_047,5,326508,322846,True,322846,2042114,0,2042114,True,official_reeval(regen),128972,True,128972,3143382,0,3143382,True,official_reeval,1.011342869355668,2.531619266197314,1.520276396841646,2.5032255063114475,V2,V2,,,322846,2042114,V1_main,1.011342869355668,V2,128972,3143382,V2,2.531619266197314,,
case_048,5,222220,212669,True,212669,1154104,0,1154104,True,official_reeval(regen),117281,True,117281,1446458,0,1446458,True,official_reeval,1.0449101655624469,1.8947655630494282,0.8498553974869814,1.8133286721634365,V2,V2,,,212669,1154104,V1_main,1.0449101655624469,V2,117281,1446458,V2,1.8947655630494282,,
case_049,5,196276,175765,True,175765,2299830,0,2299830,True,official_reeval(regen),73366,True,73366,1386064,0,1386064,True,official_reeval,1.1166955878587888,2.675299184908541,1.558603597049752,2.3957282664994684,V2,V2,,,175765,2299830,V1_main,1.1166955878587888,V2,73366,1386064,V2,2.675299184908541,,
case_050,5,149690,124050,True,124050,1490208,0,1490208,True,official_reeval(regen),57137,True,57137,1125538,0,1125538,True,official_reeval,1.2066908504635228,2.6198435339622312,1.4131526834987085,2.1710975374975936,V2,V2,,,124050,1490208,V1_main,1.2066908504635228,V2,57137,1125538,V2,2.6198435339622312,,
case_051,5,607628,607628,True,607628,0,0,0,True,official_reeval(regen),326580,True,326580,13502606,0,13502606,True,official_reeval,1.0,1.860579337375222,0.860579337375222,1.860579337375222,V2,V2,,,607628,0,V1_main,1.0,V2,326580,13502606,V2,1.860579337375222,,
case_052,5,180301,54289,True,54289,1849418,0,1849418,True,official_reeval(regen),39289,True,39289,227328,0,227328,True,official_reeval,3.321133194569802,4.589096184682735,1.2679629901129332,1.381786250604495,V2,V2,,,54289,1849418,V1_main,3.321133194569802,V2,39289,227328,V2,4.589096184682735,,
case_053,5,1472686,551818,True,551818,15188420,0,15188420,True,official_reeval(regen),410881,True,410881,13812690,3337824,10474866,True,official_reeval,2.6687893472123054,3.584215381095743,0.9154260338834375,1.3430117235890684,V2,V2,,,551818,15188420,V1_main,2.6687893472123054,V2,410881,13812690,V2,3.584215381095743,,
case_054,5,815051,519883,True,519883,5209258,0,5209258,True,official_reeval(regen),270530,True,270530,7080320,0,7080320,True,official_reeval,1.5677585148966209,3.0127934055372787,1.4450348906406578,1.921720326765978,V2,V2,,,519883,5209258,V1_main,1.5677585148966209,V2,270530,7080320,V2,3.0127934055372787,,
case_055,5,118835,43985,True,43985,772910,0,772910,True,official_reeval(regen),28199,True,28199,247808,0,247808,True,official_reeval,2.7017164942594065,4.214156530373417,1.5124400361140107,1.559807085357637,V2,V2,,,43985,772910,V1_main,2.7017164942594065,V2,28199,247808,V2,4.214156530373417,,
case_056,5,277285,277285,True,277285,0,0,0,True,official_reeval(regen),103976,True,103976,2327268,0,2327268,True,official_reeval,1.0,2.6668173424636454,1.6668173424636454,2.6668173424636454,V2,V2,,,277285,0,V1_main,1.0,V2,103976,2327268,V2,2.6668173424636454,,
case_057,5,59726,26769,True,26769,1062860,0,1062860,True,official_reeval(regen),14276,True,14276,0,0,0,True,official_reeval,2.2311629123239567,4.183664892126646,1.952501979802689,1.875105071448585,V2,V2,,,26769,1062860,V1_main,2.2311629123239567,V2,14276,0,V2,4.183664892126646,,
case_058,5,4539717,1648953,True,1648953,70205440,0,70205440,True,official_reeval(regen),948121,True,948121,30142464,20951040,9191424,True,official_reeval,2.7530905974882245,4.788119870775987,2.035029273287763,1.7391799147999043,V2,V2,,,1648953,70205440,V1_main,2.7530905974882245,V2,948121,30142464,V2,4.788119870775987,,
case_059,5,829473,471889,True,471889,11728896,0,11728896,True,official_reeval(regen),150736,True,150736,1576960,0,1576960,True,official_reeval,1.7577714250597067,5.502819498991615,3.7450480739319083,3.1305660227152106,V2,V2,,,471889,11728896,V1_main,1.7577714250597067,V2,150736,1576960,V2,5.502819498991615,,
case_060,5,888789,297761,True,297761,12274272,0,12274272,True,official_reeval(regen),174729,True,174729,3612672,122880,3489792,True,official_reeval,2.984907358586249,5.08667135964837,2.101764001062121,1.704130396213565,V2,V2,,,297761,12274272,V1_main,2.984907358586249,V2,174729,3612672,V2,5.08667135964837,,
case_061,5,77191,28121,True,28121,909004,0,909004,True,official_reeval(regen),22417,True,22417,59904,0,59904,True,official_reeval,2.7449592830980407,3.4434134808404337,0.698454197742393,1.254449747959138,V2,V2,,,28121,909004,V1_main,2.7449592830980407,V2,22417,59904,V2,3.4434134808404337,,
case_062,5,2854809,2230318,True,2230318,6778368,0,6778368,True,official_reeval(regen),663510,True,663510,5243904,0,5243904,True,official_reeval,1.2800008787984494,4.302586245874214,3.0225853670757648,3.3613931967867856,V2,V2,,,2230318,6778368,V1_main,1.2800008787984494,V2,663510,5243904,V2,4.302586245874214,,
case_063,5,1070397,536942,True,536942,2876928,0,2876928,True,official_reeval(regen),253129,True,253129,2027520,0,2027520,True,official_reeval,1.9935058162706587,4.228662065587112,2.2351562493164527,2.121218825183997,V2,V2,,,536942,2876928,V1_main,1.9935058162706587,V2,253129,2027520,V2,4.228662065587112,,
case_064,5,19116,19116,True,19116,0,0,0,True,official_reeval(regen),11843,True,11843,146770,0,146770,True,official_reeval,1.0,1.614118044414422,0.6141180444144221,1.614118044414422,V2,V2,,,19116,0,V1_main,1.0,V2,11843,146770,V2,1.614118044414422,,
case_065,5,53068,17562,True,17562,491150,0,491150,True,official_reeval(regen),11853,True,11853,55440,0,55440,True,official_reeval,3.021751508939756,4.477178773306336,1.4554272643665795,1.4816502151354087,V2,V2,,,17562,491150,V1_main,3.021751508939756,V2,11853,55440,V2,4.477178773306336,,
case_066,5,359070,170546,True,170546,3103792,0,3103792,True,official_reeval(regen),127899,True,127899,3482622,0,3482622,True,official_reeval,2.1054143750073293,2.807449628222269,0.7020352532149396,1.333442794705197,V2,V2,,,170546,3103792,V1_main,2.1054143750073293,V2,127899,3482622,V2,2.807449628222269,,
case_067,5,63834834,14756134,True,14756134,259315968,57922176,201393792,True,official_reeval(regen),13989496,True,13989496,298598912,294912,298304000,True,official_reeval,4.3259863321924295,4.563054594675891,0.23706826248346147,1.054800973530426,V2,V2,,,14756134,259315968,V1_main,4.3259863321924295,V2,13989496,298598912,V2,4.563054594675891,,
case_068,5,362095,278558,True,278558,3295048,0,3295048,True,official_reeval(regen),145010,True,145010,3866818,0,3866818,True,official_reeval,1.2998908665340791,2.497034687262947,1.197143820728868,1.920957175367216,V2,V2,,,278558,3295048,V1_main,1.2998908665340791,V2,145010,3866818,V2,2.497034687262947,,
case_069,5,25144,20522,True,20522,518602,0,518602,True,official_reeval(regen),12606,True,12606,277940,0,277940,True,official_reeval,1.2252217132833056,1.9946057432968427,0.7693840300135371,1.6279549420910677,V2,V2,,,20522,518602,V1_main,1.2252217132833056,V2,12606,277940,V2,1.9946057432968427,,
case_070,5,117300,44945,True,44945,1863390,0,1863390,True,official_reeval(regen),25522,True,25522,283678,0,283678,True,official_reeval,2.609856491267104,4.59603479351148,1.986178302244376,1.7610296998667816,V2,V2,,,44945,1863390,V1_main,2.609856491267104,V2,25522,283678,V2,4.59603479351148,,
case_071,5,18919,16934,True,16934,449414,0,449414,True,official_reeval(regen),10902,True,10902,195664,0,195664,True,official_reeval,1.1172197944962796,1.73536965694368,0.6181498624474004,1.5532929737662815,V2,V2,,,16934,449414,V1_main,1.1172197944962796,V2,10902,195664,V2,1.73536965694368,,
case_072,5,23897828,6976818,True,6976818,179877044,3158064,176718980,True,official_reeval(regen),4687700,True,4687700,105435188,5926960,99508228,True,official_reeval,3.425319106790517,5.097985792606182,1.6726666858156651,1.4883243381615718,V2,V2,,,6976818,179877044,V1_main,3.425319106790517,V2,4687700,105435188,V2,5.097985792606182,,
case_073,5,10081626,3368847,True,3368847,135584256,0,135584256,True,official_reeval(regen),2699402,True,2699402,87690752,294912,87395840,True,official_reeval,2.9926042945850613,3.734762736339382,0.7421584417543206,1.2479975194506043,V2,V2,3130497,no_wait,3130497,140442240,V1_supp57,3.220455410115391,V2,2699402,87690752,V2,3.734762736339382,140442240,3130497
case_074,5,1682239,1124392,True,1124392,13943146,0,13943146,True,official_reeval(regen),340560,True,340560,5472272,311296,5160976,True,official_reeval,1.496132131854371,4.939625910265445,3.4434937784110735,3.3015973690392295,V2,V2,,,1124392,13943146,V1_main,1.496132131854371,V2,340560,5472272,V2,4.939625910265445,,
case_075,5,1441809,1389801,True,1389801,5719308,0,5719308,True,official_reeval(regen),451806,True,451806,7902146,0,7902146,True,official_reeval,1.0374211847595447,3.191212600098272,2.1537914153387274,3.0761012469953917,V2,V2,,,1389801,5719308,V1_main,1.0374211847595447,V2,451806,7902146,V2,3.191212600098272,,
case_076,5,6185113,1920754,True,1920754,90043408,0,90043408,True,official_reeval(regen),1236845,True,1236845,20646916,250880,20396036,True,official_reeval,3.2201484417057054,5.000717955766486,1.780569514060781,1.5529464079977686,V2,V2,,,1920754,90043408,V1_main,3.2201484417057054,V2,1236845,20646916,V2,5.000717955766486,,
case_077,5,495320,160375,True,160375,3751680,0,3751680,True,official_reeval(regen),115927,True,115927,172032,0,172032,True,official_reeval,3.088511301636789,4.27268884729183,1.1841775456550412,1.3834137000008626,V2,V2,,,160375,3751680,V1_main,3.088511301636789,V2,115927,172032,V2,4.27268884729183,,
case_078,5,2296143,616934,True,616934,14128176,0,14128176,True,official_reeval(regen),536747,True,536747,13927968,1990656,11937312,True,official_reeval,3.721861657811046,4.277886974682672,0.5560253168716258,1.149394407421001,V2,V2,,,616934,14128176,V1_main,3.721861657811046,V2,536747,13927968,V2,4.277886974682672,,
case_079,5,31052251,8326783,True,8326783,228214784,0,228214784,True,official_reeval(regen),5930504,True,5930504,62238720,0,62238720,True,official_reeval,3.729201421485344,5.236022267247438,1.5068208457620935,1.4040599247551304,V2,V2,,,8326783,228214784,V1_main,3.729201421485344,V2,5930504,62238720,V2,5.236022267247438,,
case_080,5,292138,124211,True,124211,4874240,0,4874240,True,official_reeval(regen),83701,True,83701,2031616,0,2031616,True,official_reeval,2.3519495052773105,3.490256986176987,1.1383074808996767,1.4839846596814852,V2,V2,,,124211,4874240,V1_main,2.3519495052773105,V2,83701,2031616,V2,3.490256986176987,,
case_081,5,151795,71876,True,71876,1263632,0,1263632,True,official_reeval(regen),30943,True,30943,0,0,0,True,official_reeval,2.111901051811453,4.905632937982743,2.79373188617129,2.3228516950521927,V2,V2,,,71876,1263632,V1_main,2.111901051811453,V2,30943,0,V2,4.905632937982743,,
case_082,5,721041,490610,True,490610,3854460,0,3854460,True,official_reeval(regen),230587,True,230587,4046504,0,4046504,True,official_reeval,1.4696826399788019,3.1269802720881925,1.6572976321093906,2.127656806324728,V2,V2,,,490610,3854460,V1_main,1.4696826399788019,V2,230587,4046504,V2,3.1269802720881925,,
case_083,5,1057993,441647,True,441647,19157408,3317760,15839648,True,official_reeval(regen),357797,True,357797,12791872,0,12791872,True,official_reeval,2.395562519387656,2.956964423961073,0.5614019045734171,1.2343507631422288,V2,V2,,,441647,19157408,V1_main,2.395562519387656,V2,357797,12791872,V2,2.956964423961073,,
case_084,5,2507412,506216,True,506216,0,0,0,True,official_reeval(regen),393772,True,393772,9925632,0,9925632,True,official_reeval,4.953245254989965,6.367674695001168,1.4144294400112027,1.2855561086110745,V2,V2,,,506216,0,V1_main,4.953245254989965,V2,393772,9925632,V2,6.367674695001168,,
case_085,5,3187899,3186515,True,3186515,223878,0,223878,True,official_reeval(regen),934442,True,934442,17050508,0,17050508,True,official_reeval,1.0004343302950087,3.4115536330772804,2.4111193027822715,3.4100725352670365,V2,V2,,,3186515,223878,V1_main,1.0004343302950087,V2,934442,17050508,V2,3.4115536330772804,,
case_086,5,118403,88630,True,88630,2765788,0,2765788,True,official_reeval(regen),55807,True,55807,2211814,0,2211814,True,official_reeval,1.3359246304862913,2.1216514057376314,0.7857267752513402,1.5881520239396492,V2,V2,,,88630,2765788,V1_main,1.3359246304862913,V2,55807,2211814,V2,2.1216514057376314,,
case_087,5,3974071,3066633,True,3066633,34262630,27648,34234982,True,official_reeval(regen),802779,True,802779,17634820,0,17634820,True,official_reeval,1.2959069441958004,4.950392324662205,3.6544853804664044,3.8200214504863728,V2,V2,,,3066633,34262630,V1_main,1.2959069441958004,V2,802779,17634820,V2,4.950392324662205,,
case_088,5,243623,137297,True,137297,2118382,0,2118382,True,official_reeval(regen),100376,True,100376,2641604,0,2641604,True,official_reeval,1.7744233304442194,2.427104088626763,0.6526807581825438,1.3678269705905794,V2,V2,,,137297,2118382,V1_main,1.7744233304442194,V2,100376,2641604,V2,2.427104088626763,,
case_089,5,693092,180200,True,180200,5110200,0,5110200,True,official_reeval(regen),147432,True,147432,954880,0,954880,True,official_reeval,3.846237513873474,4.701096098540344,0.8548585846668697,1.2222583970915406,V2,V2,,,180200,5110200,V1_main,3.846237513873474,V2,147432,954880,V2,4.701096098540344,,
case_090,5,1178363,535731,True,535731,24394560,0,24394560,True,official_reeval(regen),416935,True,416935,19957344,8471808,11485536,True,official_reeval,2.199542307613336,2.826251094295274,0.6267087866819381,1.2849269070718456,V2,V2,,,535731,24394560,V1_main,2.199542307613336,V2,416935,19957344,V2,2.826251094295274,,
case_091,5,9186769,2335687,True,2335687,90356176,1322304,89033872,True,official_reeval(regen),1849705,True,1849705,37516416,23084160,14432256,True,official_reeval,3.9332192198697857,4.966613054514098,1.0333938346443121,1.2627348685330904,V2,V2,,,2335687,90356176,V1_main,3.9332192198697857,V2,1849705,37516416,V2,4.966613054514098,,
case_092,5,4815554,1965329,True,1965329,88021248,33542592,54478656,True,official_reeval(regen),1194245,True,1194245,34848928,0,34848928,True,official_reeval,2.4502533672479263,4.032299904960875,1.582046537712949,1.6456665089659157,V2,V2,,,1965329,88021248,V1_main,2.4502533672479263,V2,1194245,34848928,V2,4.032299904960875,,
case_093,5,74205,30010,True,30010,874496,0,874496,True,official_reeval(regen),15876,True,15876,32768,0,32768,True,official_reeval,2.4726757747417527,4.674036281179139,2.201360506437386,1.8902746283698664,V2,V2,30010,full,30010,874496,V1_main,2.4726757747417527,V2,15876,32768,V2,4.674036281179139,,
case_094,5,94892,32362,True,32362,843780,0,843780,True,official_reeval(regen),21661,True,21661,202752,0,202752,True,official_reeval,2.93220443730301,4.380776510779742,1.4485720734767322,1.4940215133188681,V2,V2,,,32362,843780,V1_main,2.93220443730301,V2,21661,202752,V2,4.380776510779742,,
case_095,5,2084853,452071,True,452071,0,0,0,True,official_reeval(regen),419418,True,419418,73728,0,73728,True,official_reeval,4.6117822200495056,4.970823855914625,0.35904163586511917,1.0778531202761923,V2,V2,,,452071,0,V1_main,4.6117822200495056,V2,419418,73728,V2,4.970823855914625,,
case_096,5,84194,33131,True,33131,1013508,0,1013508,True,official_reeval(regen),26984,True,26984,131328,0,131328,True,official_reeval,2.54124535933114,3.120145271271865,0.578899911940725,1.227801660243107,V2,V2,,,33131,1013508,V1_main,2.54124535933114,V2,26984,131328,V2,3.120145271271865,,
case_097,5,11491509,9694962,True,9694962,24545280,0,24545280,True,official_reeval(regen),2111039,True,2111039,28831744,0,28831744,True,official_reeval,1.1853072760883436,5.4435323080246265,4.258225031936282,4.592507291433271,V2,V2,,,9694962,24545280,V1_main,1.1853072760883436,V2,2111039,28831744,V2,5.4435323080246265,,
case_098,5,177430,76174,True,76174,2258588,0,2258588,True,official_reeval(regen),72456,True,72456,1220892,0,1220892,True,official_reeval,2.32927245516843,2.4487965109859777,0.11952405581754766,1.051313900850171,V2,V2,,,76174,2258588,V1_main,2.32927245516843,V2,72456,1220892,V2,2.4487965109859777,,
case_099,5,1622999,764798,True,764798,14072592,0,14072592,True,official_reeval(regen),334806,True,334806,4718592,1769472,2949120,True,official_reeval,2.122127672928015,4.847580389837697,2.725452716909682,2.2843019539673723,V2,V2,,,764798,14072592,V1_main,2.122127672928015,V2,334806,4718592,V2,4.847580389837697,,
case_100,5,151223,75463,True,75463,3070208,0,3070208,True,official_reeval(regen),54829,True,54829,745454,0,745454,True,official_reeval,2.0039357035898386,2.7580842255011033,0.7541485219112647,1.3763336920242937,V2,V2,,,75463,3070208,V1_main,2.0039357035898386,V2,54829,745454,V2,2.7580842255011033,,
