case,cores,T1,v1_reported_makespan,v1_valid,v1_makespan,v1_added,v1_spill,v1_partition,v1_xfers,v1_matches_report,v1_source,v2_reported_makespan,v2_valid,v2_makespan,v2_added,v2_spill,v2_partition,v2_xfers,v2_matches_report,v2_source,v1_speedup,v2_speedup,speedup_diff_v2_minus_v1,makespan_ratio_v1_over_v2,winner,winner_lex,v1_supp_best_reported,v1_supp_best_variant,v1best_makespan,v1best_added,v1best_source,v1best_speedup,winner_vs_v1best,merged_makespan,merged_added,merged_source,merged_speedup,v1_supp57_added,v1_supp57_makespan
case_001,2,233110,117407,True,117407,50304,0,50304,4,True,official_reeval(package seeds),116868,True,116868,1152,0,1152,0,True,official_reeval,1.9854863849685283,1.9946435294520313,0.009157144483503021,1.004612040935072,V2,V2,,,117407,50304,V1_main,1.9854863849685283,V2,116868,1152,V2,1.9946435294520313,,
case_002,2,261945,132532,True,132532,52224,0,52224,17,True,official_reeval(package seeds),126098,True,126098,3895296,649728,3245568,758,True,official_reeval,1.9764660610267708,2.077312883630192,0.10084682260342137,1.0510238068803628,V2,V2,,,132532,52224,V1_main,1.9764660610267708,V2,126098,3895296,V2,2.077312883630192,,
case_003,2,602212,517051,True,517051,1389322,0,1389322,1165,True,official_reeval(package seeds),308747,True,308747,6608170,0,6608170,4652,True,official_reeval,1.164705222502229,1.950503162783768,0.7857979402815389,1.6746753814611963,V2,V2,,,517051,1389322,V1_main,1.164705222502229,V2,308747,6608170,V2,1.950503162783768,,
case_004,2,392357,198998,True,198998,1425408,393216,1032192,64,True,official_reeval(package seeds),198622,True,198622,125952,0,125952,1,True,official_reeval,1.9716630317892643,1.9753954748215203,0.003732443032256061,1.0018930430667297,V2,V2,,,198998,1425408,V1_main,1.9716630317892643,V2,198622,125952,V2,1.9753954748215203,,
case_005,2,95618,79979,True,79979,727942,0,727942,354,True,official_reeval(package seeds),54161,True,54161,1318726,0,1318726,743,True,official_reeval,1.1955388289425974,1.7654400768080354,0.5699012478654379,1.4766898690939976,V2,V2,,,79979,727942,V1_main,1.1955388289425974,V2,54161,1318726,V2,1.7654400768080354,,
case_006,2,82837,41877,True,41877,550016,0,550016,74,True,official_reeval(package seeds),38822,True,38822,16256,0,16256,0,True,official_reeval,1.9781025383862263,2.1337643604141983,0.15566182202797196,1.0786924939467313,V2,V2,,,41877,550016,V1_main,1.9781025383862263,V2,38822,16256,V2,2.1337643604141983,,
case_007,2,1012562,545786,True,545786,3139584,1112064,2027520,264,True,official_reeval(package seeds),507494,True,507494,27648,0,27648,0,True,official_reeval,1.8552363014075113,1.9952196479170197,0.1399833465095084,1.0754531088052273,V2,V2,,,545786,3139584,V1_main,1.8552363014075113,V2,507494,27648,V2,1.9952196479170197,,
case_008,2,487605,218873,True,218873,626688,0,626688,17,True,official_reeval(package seeds),136244,True,136244,3538944,3538944,0,0,True,official_reeval,2.2277987691492327,3.5789098969495905,1.3511111278003578,1.6064780834385368,V2,V2,,,218873,626688,V1_main,2.2277987691492327,V2,136244,3538944,V2,3.5789098969495905,,
case_009,2,153261,110278,True,110278,211526,0,211526,124,True,official_reeval(package seeds),86836,True,86836,406648,0,406648,353,True,official_reeval,1.3897694916483796,1.7649477175365056,0.375178225888126,1.2699571606246258,V2,V2,,,110278,211526,V1_main,1.3897694916483796,V2,86836,406648,V2,1.7649477175365056,,
case_010,2,86969,36096,True,36096,583036,0,583036,64,True,official_reeval(package seeds),40671,True,40671,357408,0,357408,42,True,official_reeval,2.4093805407801416,2.1383541098079712,-0.2710264309721704,0.8875119864276757,V1,V1,,,36096,583036,V1_main,2.4093805407801416,V1,36096,583036,V1_main,2.4093805407801416,,
case_011,2,184697,92646,True,92646,360448,0,360448,0,True,official_reeval(package seeds),92646,True,92646,180224,0,180224,0,True,official_reeval,1.9935777043801135,1.9935777043801135,0.0,1.0,tie,V2,,,92646,360448,V1_main,1.9935777043801135,tie,92646,180224,V2,1.9935777043801135,,
case_012,2,59088,27150,True,27150,274140,0,274140,76,True,official_reeval(package seeds),26568,True,26568,357188,0,357188,111,True,official_reeval,2.176353591160221,2.2240289069557364,0.04767531579551543,1.0219060523938572,V2,V2,,,27150,274140,V1_main,2.176353591160221,V2,26568,357188,V2,2.2240289069557364,,
case_013,2,263949,133543,True,133543,1990656,0,1990656,484,True,official_reeval(package seeds),132198,True,132198,8192,0,8192,0,True,official_reeval,1.9765094389073183,1.9966187083011846,0.020109269393866258,1.0101741327402836,V2,V2,132865,no_shared_input,132865,24576,V1_supp57,1.9865954164001054,V2,132198,8192,V2,1.9966187083011846,24576,132865
case_014,2,17698626,11046663,True,11046663,115650152,79338912,36311240,2829,True,official_reeval(package seeds),8810639,True,8810639,57265056,51783072,5481984,0,True,official_reeval,1.602169451534821,2.008778931925369,0.4066094803905478,1.2537868138735453,V2,V2,9020579,no_shared_input,9020579,114423556,V1_supp57,1.962027714628961,V2,8810639,57265056,V2,2.008778931925369,114423556,9020579
case_015,2,177362,83674,True,83674,982064,0,982064,78,True,official_reeval(package seeds),86830,True,86830,151816,0,151816,4,True,official_reeval,2.1196787532566868,2.042635033974433,-0.07704371928225395,0.9636531152827363,V1,V1,,,83674,982064,V1_main,2.1196787532566868,V1,83674,982064,V1_main,2.1196787532566868,,
case_016,2,7715523,7715523,True,7715523,0,0,0,0,True,official_reeval(package seeds),4799766,True,4799766,20196052,0,20196052,3043,True,official_reeval,1.0,1.607478989600743,0.6074789896007431,1.607478989600743,V2,V2,,,7715523,0,V1_main,1.0,V2,4799766,20196052,V2,1.607478989600743,,
case_017,2,162810,72979,True,72979,330014,0,330014,31,True,official_reeval(package seeds),75942,True,75942,82944,0,82944,0,True,official_reeval,2.2309157428849393,2.1438729556767004,-0.08704278720823888,0.960983382054726,V1,V1,,,72979,330014,V1_main,2.2309157428849393,V1,72979,330014,V1_main,2.2309157428849393,,
case_018,2,1004367,520488,True,520488,4312432,0,4312432,389,True,official_reeval(package seeds),500574,True,500574,2748416,1495040,1253376,4,True,official_reeval,1.92966408447457,2.0064306176509366,0.0767665331763665,1.0397823298852917,V2,V2,,,520488,4312432,V1_main,1.92966408447457,V2,500574,2748416,V2,2.0064306176509366,,
case_019,2,81144,39129,True,39129,454192,0,454192,68,True,official_reeval(package seeds),27791,True,27791,772144,0,772144,118,True,official_reeval,2.0737560377213833,2.9197941779712857,0.8460381402499024,1.4079738044690728,V2,V2,,,39129,454192,V1_main,2.0737560377213833,V2,27791,772144,V2,2.9197941779712857,,
case_020,2,532746,267225,True,267225,204800,0,204800,21,True,official_reeval(package seeds),266580,True,266580,0,0,0,0,True,official_reeval,1.9936233511086163,1.9984469952734638,0.004823644164847485,1.0024195363493136,V2,V2,,,267225,204800,V1_main,1.9936233511086163,V2,266580,0,V2,1.9984469952734638,,
case_021,2,6567937,3810175,True,3810175,33665024,20469760,13195264,529,True,official_reeval(package seeds),3148331,True,3148331,5222400,3481600,1740800,0,True,official_reeval,1.723788802351598,2.086164701233765,0.36237589888216704,1.2102205898935023,V2,V2,,,3810175,33665024,V1_main,1.723788802351598,V2,3148331,5222400,V2,2.086164701233765,,
case_022,2,56780,29683,True,29683,150888,0,150888,40,True,official_reeval(package seeds),28463,True,28463,32572,0,32572,15,True,official_reeval,1.9128794259340363,1.9948705336752977,0.0819911077412614,1.0428626638091558,V2,V2,,,29683,150888,V1_main,1.9128794259340363,V2,28463,32572,V2,1.9948705336752977,,
case_023,2,122614,49037,True,49037,847364,0,847364,111,True,official_reeval(package seeds),50632,True,50632,1713202,141312,1571890,243,True,official_reeval,2.500438444439913,2.421670090061621,-0.07876835437829177,0.9684981829672934,V1,V1,49037,cold_full,49037,847364,V1_main,2.500438444439913,V1,49037,847364,V1_main,2.500438444439913,,
case_024,2,2555343,2555343,True,2555343,0,0,0,0,True,official_reeval(package seeds),1574826,True,1574826,7147020,0,7147020,1002,True,official_reeval,1.0,1.6226192607945258,0.6226192607945258,1.6226192607945258,V2,V2,,,2555343,0,V1_main,1.0,V2,1574826,7147020,V2,1.6226192607945258,,
case_025,2,4863026,2541014,True,2541014,13452288,7956480,5495808,720,True,official_reeval(package seeds),2431840,True,2431840,27648,0,27648,0,True,official_reeval,1.9138131470350026,1.9997310678334101,0.08591792079840754,1.044893578524903,V2,V2,2449978,no_shared_input,2449978,18889728,V1_supp57,1.9849263952574268,V2,2431840,27648,V2,1.9997310678334101,18889728,2449978
case_026,2,99203,46336,True,46336,495364,0,495364,62,True,official_reeval(package seeds),51705,True,51705,147856,0,147856,6,True,official_reeval,2.1409487223756907,1.9186345614544047,-0.22231416092128597,0.8961609128710957,V1,V1,,,46336,495364,V1_main,2.1409487223756907,V1,46336,495364,V1_main,2.1409487223756907,,
case_027,2,2363952,1129219,True,1129219,3293184,0,3293184,104,True,official_reeval(package seeds),1115722,True,1115722,1105920,0,1105920,0,True,official_reeval,2.0934398021995735,2.118764351693343,0.0253245494937695,1.0120970994566747,V2,V2,,,1129219,3293184,V1_main,2.0934398021995735,V2,1115722,1105920,V2,2.118764351693343,,
case_028,2,43836040,21956686,True,21956686,249210552,245046840,4163712,248,True,official_reeval(package seeds),20199999,True,20199999,104818224,22579200,82239024,8413,True,official_reeval,1.996477974863784,2.1701010975297574,0.17362312266597346,1.0869647072754807,V2,V2,,,21956686,249210552,V1_main,1.996477974863784,V2,20199999,104818224,V2,2.1701010975297574,,
case_029,2,37555,19390,True,19390,217152,0,217152,64,True,official_reeval(package seeds),19740,True,19740,0,0,0,0,True,official_reeval,1.9368231046931408,1.9024822695035462,-0.03434083518959463,0.9822695035460993,V1,V1,,,19390,217152,V1_main,1.9368231046931408,V1,19390,217152,V1_main,1.9368231046931408,,
case_030,2,2808034,1530248,True,1530248,12101056,6832128,5268928,281,True,official_reeval(package seeds),1402905,True,1402905,2588672,1742848,845824,0,True,official_reeval,1.8350188988974336,2.0015852819684867,0.1665663830710531,1.09077093602204,V2,V2,,,1530248,12101056,V1_main,1.8350188988974336,V2,1402905,2588672,V2,2.0015852819684867,,
case_031,2,1414369,801486,True,801486,5941126,366080,5575046,697,True,official_reeval(package seeds),700900,True,700900,3840004,2285568,1554436,1,True,official_reeval,1.764683350676119,2.0179326580111288,0.2532493073350097,1.1435097731488086,V2,V2,,,801486,5941126,V1_main,1.764683350676119,V2,700900,3840004,V2,2.0179326580111288,,
case_032,2,41443,18703,True,18703,208980,0,208980,53,True,official_reeval(package seeds),18904,True,18904,6144,0,6144,0,True,official_reeval,2.2158477249639095,2.1922873465933135,-0.02356037837059599,0.9893673296656792,V1,V1,,,18703,208980,V1_main,2.2158477249639095,V1,18703,208980,V1_main,2.2158477249639095,,
case_033,2,1774196,1048471,True,1048471,7339912,2288128,5051784,394,True,official_reeval(package seeds),884621,True,884621,5427208,3503616,1923592,8,True,official_reeval,1.6921746047339412,2.005600138364339,0.3134255336303977,1.1852205633825108,V2,V2,,,1048471,7339912,V1_main,1.6921746047339412,V2,884621,5427208,V2,2.005600138364339,,
case_034,2,842996,465902,True,465902,3444220,286782,3157438,246,True,official_reeval(package seeds),416960,True,416960,3957344,813064,3144280,210,True,official_reeval,1.8093848062468072,2.021767075978511,0.21238226973170393,1.1173781657712971,V2,V2,,,465902,3444220,V1_main,1.8093848062468072,V2,416960,3957344,V2,2.021767075978511,,
case_035,2,169571,140505,True,140505,491372,0,491372,116,True,official_reeval(package seeds),95406,True,95406,0,0,0,0,True,official_reeval,1.2068680829863705,1.7773620107750037,0.5704939277886332,1.4727061191120054,V2,V2,,,140505,491372,V1_main,1.2068680829863705,V2,95406,0,V2,1.7773620107750037,,
case_036,2,931510,466699,True,466699,50304,0,50304,4,True,official_reeval(package seeds),466068,True,466068,1152,0,1152,0,True,official_reeval,1.9959545660050697,1.998656848356892,0.0027022823518223493,1.0013538796913755,V2,V2,,,466699,50304,V1_main,1.9959545660050697,V2,466068,1152,V2,1.998656848356892,,
case_037,2,210001,119613,True,119613,1941504,0,1941504,237,True,official_reeval(package seeds),105374,True,105374,204800,0,204800,0,True,official_reeval,1.7556703702774783,1.992910964754114,0.2372405944766356,1.1351282099948754,V2,V2,,,119613,1941504,V1_main,1.7556703702774783,V2,105374,204800,V2,1.992910964754114,,
case_038,2,1364555,795284,True,795284,6848520,1695744,5152776,473,True,official_reeval(package seeds),670314,True,670314,5136384,3025920,2110464,0,True,official_reeval,1.71580844075827,2.0356952114978952,0.3198867707396251,1.186435014038197,V2,V2,,,795284,6848520,V1_main,1.71580844075827,V2,670314,5136384,V2,2.0356952114978952,,
case_039,2,1435262,739747,True,739747,11485184,4042752,7442432,622,True,official_reeval(package seeds),716933,True,716933,13004800,4706304,8298496,500,True,official_reeval,1.940206584142957,2.001947183349072,0.061740599206114855,1.0318216625542416,V2,V2,,,739747,11485184,V1_main,1.940206584142957,V2,716933,13004800,V2,2.001947183349072,,
case_040,2,253454,176685,True,176685,702044,32768,669276,115,True,official_reeval(package seeds),122362,True,122362,0,0,0,0,True,official_reeval,1.4344964201828112,2.071345679214135,0.6368492590313239,1.443953188081267,V2,V2,,,176685,702044,V1_main,1.4344964201828112,V2,122362,0,V2,2.071345679214135,,
case_041,2,6003957,3060861,True,3060861,28883332,19708928,9174404,539,True,official_reeval(package seeds),2987390,True,2987390,16864256,12990464,3873792,9,True,official_reeval,1.9615255315416154,2.0097667194440634,0.048241187902448024,1.0245937088896997,V2,V2,,,3060861,28883332,V1_main,1.9615255315416154,V2,2987390,16864256,V2,2.0097667194440634,,
case_042,2,1686740,959074,True,959074,9560608,245760,9314848,1030,True,official_reeval(package seeds),828101,True,828101,4945920,2949120,1996800,0,True,official_reeval,1.7587172626929726,2.036877144213085,0.2781598815201125,1.15816065914665,V2,V2,894230,no_shared_input,894230,7522728,V1_supp57,1.8862485042997887,V2,828101,4945920,V2,2.036877144213085,7522728,894230
case_043,2,677656,460657,True,460657,2271712,16676,2255036,659,True,official_reeval(package seeds),333725,True,333725,417800,49160,368640,0,True,official_reeval,1.4710641540234926,2.030582066072365,0.5595179120488722,1.3803490898194621,V2,V2,451962,no_dual_pipe,451962,3904052,V1_supp57,1.4993649908620637,V2,333725,417800,V2,2.030582066072365,3904052,451962
case_044,2,154407,53185,True,53185,525152,0,525152,85,True,official_reeval(package seeds),44055,True,44055,930400,0,930400,0,True,official_reeval,2.9032057911065148,3.504868913857678,0.6016631227511633,1.2072409488139826,V2,V2,,,53185,525152,V1_main,2.9032057911065148,V2,44055,930400,V2,3.504868913857678,,
case_045,2,125614,63849,True,63849,90112,0,90112,9,True,official_reeval(package seeds),63059,True,63059,0,0,0,0,True,official_reeval,1.9673604911588278,1.99200748505368,0.024646993894852143,1.0125279500150652,V2,V2,,,63849,90112,V1_main,1.9673604911588278,V2,63059,0,V2,1.99200748505368,,
case_046,2,276455,116379,True,116379,1282656,0,1282656,53,True,official_reeval(package seeds),107387,True,107387,930400,0,930400,0,True,official_reeval,2.3754715197759046,2.57438051160755,0.19890899183164557,1.0837345302504027,V2,V2,,,116379,1282656,V1_main,2.3754715197759046,V2,107387,930400,V2,2.57438051160755,,
case_047,2,326508,296476,True,296476,409382,0,409382,501,True,official_reeval(package seeds),192864,True,192864,2513638,0,2513638,3443,True,official_reeval,1.1012965636341558,1.6929442508710801,0.5916476872369243,1.537228305956529,V2,V2,,,296476,409382,V1_main,1.1012965636341558,V2,192864,2513638,V2,1.6929442508710801,,
case_048,2,222220,212998,True,212998,161670,0,161670,74,True,official_reeval(package seeds),135551,True,135551,955238,0,955238,322,True,official_reeval,1.0432961811847998,1.6393829628700636,0.5960867816852637,1.5713495289595798,V2,V2,,,212998,161670,V1_main,1.0432961811847998,V2,135551,955238,V2,1.6393829628700636,,
case_049,2,196276,168816,True,168816,628774,0,628774,326,True,official_reeval(package seeds),111154,True,111154,2724434,0,2724434,1124,True,official_reeval,1.1626623068903421,1.7658024002734944,0.6031400933831523,1.5187577595048312,V2,V2,,,168816,628774,V1_main,1.1626623068903421,V2,111154,2724434,V2,1.7658024002734944,,
case_050,2,149690,112367,True,112367,234748,0,234748,198,True,official_reeval(package seeds),80644,True,80644,350010,0,350010,225,True,official_reeval,1.3321526782774302,1.856182729031298,0.5240300507538678,1.3933708645404494,V2,V2,,,112367,234748,V1_main,1.3321526782774302,V2,80644,350010,V2,1.856182729031298,,
case_051,2,607628,477896,True,477896,2392400,327704,2064696,104,True,official_reeval(package seeds),357152,True,357152,1966904,0,1966904,230,True,official_reeval,1.2714649212380937,1.7013148463399337,0.42984992510183995,1.3380745452916405,V2,V2,,,477896,2392400,V1_main,1.2714649212380937,V2,357152,1966904,V2,1.7013148463399337,,
case_052,2,180301,92426,True,92426,578212,0,578212,64,True,official_reeval(package seeds),79211,True,79211,1769384,0,1769384,245,True,official_reeval,1.9507606084867894,2.276211637272601,0.32545102878581145,1.1668328893714257,V2,V2,,,92426,578212,V1_main,1.9507606084867894,V2,79211,1769384,V2,2.276211637272601,,
case_053,2,1472686,817873,True,817873,7436164,5972576,1463588,36,True,official_reeval(package seeds),706592,True,706592,10380850,0,10380850,3401,True,official_reeval,1.8006291930409735,2.084209841039808,0.28358064799883453,1.1574897536343463,V2,V2,,,817873,7436164,V1_main,1.8006291930409735,V2,706592,10380850,V2,2.084209841039808,,
case_054,2,815051,499678,True,499678,490090,184416,305674,106,True,official_reeval(package seeds),437905,True,437905,1557930,0,1557930,532,True,official_reeval,1.6311524621856475,1.8612507278976034,0.2300982657119559,1.1410648428312078,V2,V2,,,499678,490090,V1_main,1.6311524621856475,V2,437905,1557930,V2,1.8612507278976034,,
case_055,2,118835,56299,True,56299,560964,0,560964,122,True,official_reeval(package seeds),56523,True,56523,389272,0,389272,57,True,official_reeval,2.110783495266346,2.1024184845107303,-0.008365010755615465,0.9960370114820516,V1,V1,,,56299,560964,V1_main,2.110783495266346,V1,56299,560964,V1_main,2.110783495266346,,
case_056,2,277285,264921,True,264921,842896,0,842896,501,True,official_reeval(package seeds),151976,True,151976,467270,0,467270,324,True,official_reeval,1.0466705168710673,1.8245315049744697,0.7778609881034024,1.7431765541927673,V2,V2,,,264921,842896,V1_main,1.0466705168710673,V2,151976,467270,V2,1.8245315049744697,,
case_057,2,59726,30618,True,30618,244728,0,244728,52,True,official_reeval(package seeds),29738,True,29738,4096,4096,0,0,True,official_reeval,1.9506826050035926,2.00840675230345,0.05772414729985753,1.0295917681081446,V2,V2,,,30618,244728,V1_main,1.9506826050035926,V2,29738,4096,V2,2.00840675230345,,
case_058,2,4539717,2260405,True,2260405,36814848,28143616,8671232,266,True,official_reeval(package seeds),2225815,True,2225815,35303424,30466048,4837376,13,True,official_reeval,2.0083644302680272,2.039575166848997,0.031210736580969733,1.0155403750985594,V2,V2,,,2260405,36814848,V1_main,2.0083644302680272,V2,2225815,35303424,V2,2.039575166848997,,
case_059,2,829473,422627,True,422627,4583424,0,4583424,507,True,official_reeval(package seeds),369318,True,369318,360448,0,360448,0,True,official_reeval,1.9626597448814203,2.2459587672412393,0.2832990223598191,1.1443444402926475,V2,V2,,,422627,4583424,V1_main,1.9626597448814203,V2,369318,360448,V2,2.2459587672412393,,
case_060,2,888789,457925,True,457925,2266984,526380,1740604,291,True,official_reeval(package seeds),423348,True,423348,4615584,1235484,3380100,328,True,official_reeval,1.9409051700605995,2.099428838685904,0.15852366862530443,1.0816751230666024,V2,V2,,,457925,2266984,V1_main,1.9409051700605995,V2,423348,4615584,V2,2.099428838685904,,
case_061,2,77191,46874,True,46874,240612,0,240612,55,True,official_reeval(package seeds),42926,True,42926,19200,0,19200,0,True,official_reeval,1.6467764645645773,1.798234170432838,0.15145770586826068,1.0919722312817406,V2,V2,,,46874,240612,V1_main,1.6467764645645773,V2,42926,19200,V2,1.798234170432838,,
case_062,2,2854809,1429456,True,1429456,113664,0,113664,31,True,official_reeval(package seeds),1429109,True,1429109,3396096,0,3396096,1104,True,official_reeval,1.9971296773038134,1.997614597626913,0.00048492032309965794,1.0002428086311121,V2,V2,,,1429456,113664,V1_main,1.9971296773038134,V2,1429109,3396096,V2,1.997614597626913,,
case_063,2,1070397,538221,True,538221,218112,0,218112,59,True,official_reeval(package seeds),537534,True,537534,1250304,0,1250304,407,True,official_reeval,1.988768554181275,1.9913103171148243,0.002541762933549352,1.001278058690241,V2,V2,,,538221,218112,V1_main,1.988768554181275,V2,537534,1250304,V2,1.9913103171148243,,
case_064,2,19116,15863,True,15863,28966,0,28966,43,True,official_reeval(package seeds),12692,True,12692,53862,0,53862,70,True,official_reeval,1.2050683981592385,1.5061456035297824,0.30107720537054394,1.2498424204223133,V2,V2,,,15863,28966,V1_main,1.2050683981592385,V2,12692,53862,V2,1.5061456035297824,,
case_065,2,53068,21117,True,21117,179728,0,179728,26,True,official_reeval(package seeds),24941,True,24941,290792,0,290792,83,True,official_reeval,2.513046360752001,2.127741469868891,-0.38530489088311004,0.8466781604586825,V1,V1,,,21117,179728,V1_main,2.513046360752001,V1,21117,179728,V1_main,2.513046360752001,,
case_066,2,359070,275259,True,275259,1093850,0,1093850,271,True,official_reeval(package seeds),190639,True,190639,1031824,0,1031824,276,True,official_reeval,1.3044805074493477,1.883507571902916,0.5790270644535682,1.4438755973331794,V2,V2,,,275259,1093850,V1_main,1.3044805074493477,V2,190639,1031824,V2,1.883507571902916,,
case_067,2,63834834,32415349,True,32415349,247899520,241665024,6234496,202,True,official_reeval(package seeds),29820253,True,29820253,55386496,9142272,46244224,3504,True,official_reeval,1.9692780108583745,2.140653669169071,0.17137565831069668,1.0870246137750743,V2,V2,,,32415349,247899520,V1_main,1.9692780108583745,V2,29820253,55386496,V2,2.140653669169071,,
case_068,2,362095,236348,True,236348,1419878,0,1419878,457,True,official_reeval(package seeds),194361,True,194361,1319350,0,1319350,290,True,official_reeval,1.5320417350686275,1.8630023512947556,0.33096061622612805,1.2160258488071167,V2,V2,,,236348,1419878,V1_main,1.5320417350686275,V2,194361,1319350,V2,1.8630023512947556,,
case_069,2,25144,16521,True,16521,159910,0,159910,68,True,official_reeval(package seeds),14279,True,14279,202950,0,202950,104,True,official_reeval,1.5219417710792325,1.7609076265844947,0.23896585550526228,1.1570137964843477,V2,V2,,,16521,159910,V1_main,1.5219417710792325,V2,14279,202950,V2,1.7609076265844947,,
case_070,2,117300,66303,True,66303,325632,0,325632,44,True,official_reeval(package seeds),58006,True,58006,330804,0,330804,114,True,official_reeval,1.7691507171621195,2.022204599524187,0.2530538823620676,1.143036927214426,V2,V2,,,66303,325632,V1_main,1.7691507171621195,V2,58006,330804,V2,2.022204599524187,,
case_071,2,18919,11193,True,11193,134502,0,134502,59,True,official_reeval(package seeds),11272,True,11272,112228,0,112228,61,True,official_reeval,1.6902528365943,1.6784066713981547,-0.01184616519614523,0.9929914833215047,V1,V1,,,11193,134502,V1_main,1.6902528365943,V1,11193,134502,V1_main,1.6902528365943,,
case_072,2,23897828,12696087,True,12696087,174407422,124164800,50242622,2575,True,official_reeval(package seeds),11846159,True,11846159,101208112,92532784,8675328,12,True,official_reeval,1.8822986956532355,2.0173482392056363,0.13504954355240084,1.071747137616505,V2,V2,,,12696087,174407422,V1_main,1.8822986956532355,V2,11846159,101208112,V2,2.0173482392056363,,
case_073,2,10081626,5337338,True,5337338,144865792,140714112,4151680,94,True,official_reeval(package seeds),4142348,True,4142348,9525120,0,9525120,1945,True,official_reeval,1.8888865573062827,2.433795036052017,0.5449084787457341,1.2884813154278685,V2,V2,5254990,no_memory_priority,5254990,144367488,V1_supp57,1.9184862387939843,V2,4142348,9525120,V2,2.433795036052017,144367488,5254990
case_074,2,1682239,964622,True,964622,10063904,3280896,6783008,677,True,official_reeval(package seeds),811193,True,811193,14999356,663564,14335792,1349,True,official_reeval,1.7439359666273422,2.073783920719237,0.3298479540918948,1.1891399457342458,V2,V2,,,964622,10063904,V1_main,1.7439359666273422,V2,811193,14999356,V2,2.073783920719237,,
case_075,2,1441809,1230023,True,1230023,1231846,0,1231846,390,True,official_reeval(package seeds),742033,True,742033,8101734,0,8101734,2231,True,official_reeval,1.1721805202016549,1.9430523979391752,0.7708718777375203,1.657639215506588,V2,V2,,,1230023,1231846,V1_main,1.1721805202016549,V2,742033,8101734,V2,1.9430523979391752,,
case_076,2,6185113,3279077,True,3279077,51300360,34534400,16765960,2085,True,official_reeval(package seeds),3088208,True,3088208,22683648,20571136,2112512,0,True,official_reeval,1.8862359743305814,2.0028161963183826,0.11658022198780116,1.0618057462450716,V2,V2,,,3279077,51300360,V1_main,1.8862359743305814,V2,3088208,22683648,V2,2.0028161963183826,,
case_077,2,495320,263327,True,263327,1101612,0,1101612,131,True,official_reeval(package seeds),239218,True,239218,90112,0,90112,2,True,official_reeval,1.8810072647316833,2.070579973078949,0.18957270834726558,1.1007825498081247,V2,V2,,,263327,1101612,V1_main,1.8810072647316833,V2,239218,90112,V2,2.070579973078949,,
case_078,2,2296143,1094292,True,1094292,4996992,2290944,2706048,60,True,official_reeval(package seeds),1028424,True,1028424,3052080,0,3052080,88,True,official_reeval,2.0982909497647793,2.232681267648363,0.1343903178835837,1.0640475134769316,V2,V2,,,1094292,4996992,V1_main,2.0982909497647793,V2,1028424,3052080,V2,2.232681267648363,,
case_079,2,31052251,17728080,True,17728080,198557696,123033600,75524096,3017,True,official_reeval(package seeds),15161608,True,15161608,36143104,30085120,6057984,10,True,official_reeval,1.75158567650868,2.048084279714922,0.2964986032062422,1.169274393586749,V2,V2,,,17728080,198557696,V1_main,1.75158567650868,V2,15161608,36143104,V2,2.048084279714922,,
case_080,2,292138,158092,True,158092,1871872,0,1871872,218,True,official_reeval(package seeds),145926,True,145926,2191360,286720,1904640,0,True,official_reeval,1.8478986919009184,2.0019598974822856,0.15406120558136727,1.083371023669531,V2,V2,,,158092,1871872,V1_main,1.8478986919009184,V2,145926,2191360,V2,2.0019598974822856,,
case_081,2,151795,76282,True,76282,671744,0,671744,164,True,official_reeval(package seeds),76860,True,76860,0,0,0,0,True,official_reeval,1.9899189848194856,1.9749544626593807,-0.01496452216010491,0.99247983346344,V1,V1,,,76282,671744,V1_main,1.9899189848194856,V1,76282,671744,V1_main,1.9899189848194856,,
case_082,2,721041,547098,True,547098,2022086,0,2022086,539,True,official_reeval(package seeds),382501,True,382501,3975878,0,3975878,1466,True,official_reeval,1.317937554149348,1.8850695815174339,0.5671320273680858,1.4303178292344334,V2,V2,,,547098,2022086,V1_main,1.317937554149348,V2,382501,3975878,V2,1.8850695815174339,,
case_083,2,1057993,554589,True,554589,13568064,11949536,1618528,97,True,official_reeval(package seeds),417531,True,417531,8084064,0,8084064,1280,True,official_reeval,1.907706427642813,2.533926822200028,0.6262203945572151,1.3282582610632503,V2,V2,,,554589,13568064,V1_main,1.907706427642813,V2,417531,8084064,V2,2.533926822200028,,
case_084,2,2507412,1225721,True,1225721,460800,0,460800,50,True,official_reeval(package seeds),686504,True,686504,9427968,9418752,9216,1,True,official_reeval,2.0456629200282936,3.652436111078741,1.6067731910504475,1.7854535443347745,V2,V2,,,1225721,460800,V1_main,2.0456629200282936,V2,686504,9427968,V2,3.652436111078741,,
case_085,2,3187899,2914761,True,2914761,4361398,2328880,2032518,713,True,official_reeval(package seeds),1623518,True,1623518,22091822,1011240,21080582,7818,True,official_reeval,1.0937085407688658,1.963574780199542,0.8698662394306762,1.7953364237415292,V2,V2,,,2914761,4361398,V1_main,1.0937085407688658,V2,1623518,22091822,V2,1.963574780199542,,
case_086,2,118403,90982,True,90982,1053190,0,1053190,579,True,official_reeval(package seeds),65072,True,65072,530694,0,530694,183,True,official_reeval,1.3013892857927942,1.8195690926973198,0.5181798069045256,1.398174329972953,V2,V2,,,90982,1053190,V1_main,1.3013892857927942,V2,65072,530694,V2,1.8195690926973198,,
case_087,2,3974071,2590762,True,2590762,24727306,12277536,12449770,1599,True,official_reeval(package seeds),1985537,True,1985537,7934976,5912064,2022912,2,True,official_reeval,1.5339390495923593,2.0015094153370097,0.4675703657446504,1.3048167825631052,V2,V2,,,2590762,24727306,V1_main,1.5339390495923593,V2,1985537,7934976,V2,2.0015094153370097,,
case_088,2,243623,168097,True,168097,763182,0,763182,226,True,official_reeval(package seeds),136015,True,136015,2465742,19584,2446158,771,True,official_reeval,1.449300106486136,1.7911480351431828,0.34184792865704683,1.2358710436348932,V2,V2,,,168097,763182,V1_main,1.449300106486136,V2,136015,2465742,V2,1.7911480351431828,,
case_089,2,693092,347577,True,347577,304256,0,304256,8,True,official_reeval(package seeds),303669,True,303669,3898496,0,3898496,894,True,official_reeval,1.994067501589576,2.282393000273324,0.288325498683748,1.1445916441915376,V2,V2,,,347577,304256,V1_main,1.994067501589576,V2,303669,3898496,V2,2.282393000273324,,
case_090,2,1178363,620563,True,620563,17596320,15303456,2292864,48,True,official_reeval(package seeds),424812,True,424812,3643584,0,3643584,706,True,official_reeval,1.898861195398372,2.773845842396166,0.8749846469977938,1.460794422003145,V2,V2,,,620563,17596320,V1_main,1.898861195398372,V2,424812,3643584,V2,2.773845842396166,,
case_091,2,9186769,5348573,True,5348573,87569544,43570304,43999240,7014,True,official_reeval(package seeds),4577547,True,4577547,38449120,33039840,5409280,0,True,official_reeval,1.7176112207873016,2.0069196449539457,0.28930842416664415,1.1684365010342876,V2,V2,,,5348573,87569544,V1_main,1.7176112207873016,V2,4577547,38449120,V2,2.0069196449539457,,
case_092,2,4815554,2316054,True,2316054,46789568,44646752,2142816,186,True,official_reeval(package seeds),2088398,True,2088398,14648928,13718528,930400,0,True,official_reeval,2.079206270665537,2.3058602814214533,0.22665401075591607,1.1090098726392192,V2,V2,,,2316054,46789568,V1_main,2.079206270665537,V2,2088398,14648928,V2,2.3058602814214533,,
case_093,2,74205,38804,True,38804,563200,0,563200,136,True,official_reeval(package seeds),37827,True,37827,8192,0,8192,0,True,official_reeval,1.9123028553757344,1.9616940280751844,0.04939117269945004,1.025828112194993,V2,V2,37765,no_dual_pipe,37765,294912,V1_supp57,1.9649146034688203,V1,37765,294912,V1_supp57,1.9649146034688203,294912,37765
case_094,2,94892,41278,True,41278,314596,0,314596,32,True,official_reeval(package seeds),43233,True,43233,735540,118784,616756,66,True,official_reeval,2.2988516885508017,2.194897416325492,-0.10395427222530973,0.9547799134920084,V1,V1,,,41278,314596,V1_main,2.2988516885508017,V1,41278,314596,V1_main,2.2988516885508017,,
case_095,2,2084853,985487,True,985487,2064384,368640,1695744,46,True,official_reeval(package seeds),573788,True,573788,16588800,16588800,0,0,True,official_reeval,2.1155560651738683,3.633490069503022,1.5179340043291538,1.7175106485322105,V2,V2,,,985487,2064384,V1_main,2.1155560651738683,V2,573788,16588800,V2,3.633490069503022,,
case_096,2,84194,38487,True,38487,391084,0,391084,91,True,official_reeval(package seeds),31728,True,31728,624192,0,624192,156,True,official_reeval,2.1875958115727387,2.653618255168936,0.46602244359619727,1.2130295007564296,V2,V2,,,38487,391084,V1_main,2.1875958115727387,V2,31728,624192,V2,2.653618255168936,,
case_097,2,11491509,6138236,True,6138236,22736896,3883008,18853888,680,True,official_reeval(package seeds),5152906,True,5152906,2555904,0,2555904,0,True,official_reeval,1.8721191234745618,2.2301025867733664,0.3579834632988046,1.1912183144811879,V2,V2,,,6138236,22736896,V1_main,1.8721191234745618,V2,5152906,2555904,V2,2.2301025867733664,,
case_098,2,177430,106947,True,106947,1096000,0,1096000,111,True,official_reeval(package seeds),89620,True,89620,0,0,0,0,True,official_reeval,1.659046069548468,1.9798036152644498,0.3207575457159819,1.1933385405043517,V2,V2,,,106947,1096000,V1_main,1.659046069548468,V2,89620,0,V2,1.9798036152644498,,
case_099,2,1622999,915116,True,915116,9848972,3722240,6126732,1251,True,official_reeval(package seeds),808685,True,808685,4911104,4296704,614400,0,True,official_reeval,1.7735445560999916,2.0069606830842663,0.23341612698427472,1.1316099593784972,V2,V2,,,915116,9848972,V1_main,1.7735445560999916,V2,808685,4911104,V2,2.0069606830842663,,
case_100,2,151223,66617,True,66617,864674,0,864674,98,True,official_reeval(package seeds),75418,True,75418,174864,0,174864,5,True,official_reeval,2.270036176951829,2.0051314009918055,-0.2649047759600234,0.883303720597205,V1,V1,,,66617,864674,V1_main,2.270036176951829,V1,66617,864674,V1_main,2.270036176951829,,
case_001,3,233110,80464,True,80464,100608,0,100608,8,True,official_reeval(package seeds),78545,True,78545,2304,0,2304,0,True,official_reeval,2.8970719825014912,2.9678528232223567,0.07078084072086543,1.024431854351009,V2,V2,,,80464,100608,V1_main,2.8970719825014912,V2,78545,2304,V2,2.9678528232223567,,
case_002,3,261945,89704,True,89704,150528,0,150528,37,True,official_reeval(package seeds),90394,True,90394,3558912,69120,3489792,734,True,official_reeval,2.9201038972621065,2.897814014204483,-0.022289883057623694,0.9923667500055313,V1,V1,,,89704,150528,V1_main,2.9201038972621065,V1,89704,150528,V1_main,2.9201038972621065,,
case_003,3,602212,508905,True,508905,1531790,0,1531790,1211,True,official_reeval(package seeds),237087,True,237087,2609832,0,2609832,886,True,official_reeval,1.1833485621088415,2.540046480827713,1.3566979187188715,2.146490528793228,V2,V2,,,508905,1531790,V1_main,1.1833485621088415,V2,237087,2609832,V2,2.540046480827713,,
case_004,3,392357,137733,True,137733,1643520,0,1643520,97,True,official_reeval(package seeds),130926,True,130926,2101248,1880064,221184,0,True,official_reeval,2.848678239782768,2.9967844431205415,0.14810620333777358,1.0519912011365198,V2,V2,,,137733,1643520,V1_main,2.848678239782768,V2,130926,2101248,V2,2.9967844431205415,,
case_005,3,95618,73404,True,73404,685450,0,685450,329,True,official_reeval(package seeds),45710,True,45710,783372,0,783372,278,True,official_reeval,1.302626559860498,2.091839859986874,0.7892133001263759,1.6058630496609057,V2,V2,,,73404,685450,V1_main,1.302626559860498,V2,45710,783372,V2,2.091839859986874,,
case_006,3,82837,29710,True,29710,716630,0,716630,66,True,official_reeval(package seeds),31151,True,31151,0,0,0,0,True,official_reeval,2.7881857960282734,2.6592083721228854,-0.12897742390538802,0.9537414529228596,V1,V1,,,29710,716630,V1_main,2.7881857960282734,V1,29710,716630,V1_main,2.7881857960282734,,
case_007,3,1012562,344306,True,344306,2829312,67584,2761728,367,True,official_reeval(package seeds),338094,True,338094,55296,0,55296,0,True,official_reeval,2.9408781723234565,2.994912657426633,0.05403448510317643,1.0183735884103238,V2,V2,,,344306,2829312,V1_main,2.9408781723234565,V2,338094,55296,V2,2.994912657426633,,
case_008,3,487605,112870,True,112870,3347712,1261824,2085888,112,True,official_reeval(package seeds),110229,True,110229,3317760,3317760,0,0,True,official_reeval,4.320058474351023,4.4235636719919444,0.10350519764092159,1.023959212185541,V2,V2,,,112870,3347712,V1_main,4.320058474351023,V2,110229,3317760,V2,4.4235636719919444,,
case_009,3,153261,104095,True,104095,244684,0,244684,281,True,official_reeval(package seeds),63206,True,63206,601300,0,601300,508,True,official_reeval,1.4723185551659541,2.424785621618201,0.9524670664522468,1.6469164319843053,V2,V2,,,104095,244684,V1_main,1.4723185551659541,V2,63206,601300,V2,2.424785621618201,,
case_010,3,86969,27182,True,27182,625832,0,625832,79,True,official_reeval(package seeds),29268,True,29268,669640,0,669640,97,True,official_reeval,3.1995070267088512,2.971470548038814,-0.2280364786700373,0.9287276206095394,V1,V1,,,27182,625832,V1_main,3.1995070267088512,V1,27182,625832,V1_main,3.1995070267088512,,
case_011,3,184697,70908,True,70908,2129920,0,2129920,168,True,official_reeval(package seeds),64014,True,64014,692224,0,692224,4,True,official_reeval,2.604741354995205,2.8852594744899553,0.28051811949475036,1.1076951916768207,V2,V2,,,70908,2129920,V1_main,2.604741354995205,V2,64014,692224,V2,2.8852594744899553,,
case_012,3,59088,22067,True,22067,147300,0,147300,31,True,official_reeval(package seeds),19596,True,19596,9216,0,9216,0,True,official_reeval,2.6776634794036345,3.015309246785058,0.3376457673814235,1.1260971626862626,V2,V2,,,22067,147300,V1_main,2.6776634794036345,V2,19596,9216,V2,3.015309246785058,,
case_013,3,263949,92296,True,92296,606208,0,606208,144,True,official_reeval(package seeds),88351,True,88351,16384,0,16384,0,True,official_reeval,2.859809742567392,2.98750438591527,0.12769464334787806,1.0446514470690766,V2,V2,89241,no_shared_input,89241,114688,V1_supp57,2.957710021178606,V2,88351,16384,V2,2.98750438591527,114688,89241
case_014,3,17698626,8667105,True,8667105,162683340,91548912,71134428,6295,True,official_reeval(package seeds),5936316,True,5936316,53581560,39347616,14233944,11,True,official_reeval,2.042045873449093,2.981415746735854,0.9393698732867612,1.460014089546446,V2,V2,7981478,no_shared_input,7981478,113126704,V1_supp57,2.21746222942668,V2,5936316,53581560,V2,2.981415746735854,113126704,7981478
case_015,3,177362,63274,True,63274,714864,0,714864,46,True,official_reeval(package seeds),60250,True,60250,258568,57352,201216,0,True,official_reeval,2.803078673704839,2.9437676348547717,0.14068896114993246,1.0501908713692947,V2,V2,,,63274,714864,V1_main,2.803078673704839,V2,60250,258568,V2,2.9437676348547717,,
case_016,3,7715523,7715523,True,7715523,0,0,0,0,True,official_reeval(package seeds),3683160,True,3683160,39991560,0,39991560,4255,True,official_reeval,1.0,2.094810706024175,1.094810706024175,2.094810706024175,V2,V2,,,7715523,0,V1_main,1.0,V2,3683160,39991560,V2,2.094810706024175,,
case_017,3,162810,58082,True,58082,623662,0,623662,93,True,official_reeval(package seeds),48286,True,48286,164736,0,164736,0,True,official_reeval,2.8031059536517335,3.371784782338566,0.5686788286868323,1.20287453920391,V2,V2,,,58082,623662,V1_main,2.8031059536517335,V2,48286,164736,V2,3.371784782338566,,
case_018,3,1004367,388272,True,388272,6342604,483328,5859276,571,True,official_reeval(package seeds),338555,True,338555,1822720,331776,1490944,0,True,official_reeval,2.586761342563976,2.96662876046728,0.3798674179033039,1.1468505855769373,V2,V2,,,388272,6342604,V1_main,2.586761342563976,V2,338555,1822720,V2,2.96662876046728,,
case_019,3,81144,27286,True,27286,296076,0,296076,40,True,official_reeval(package seeds),22003,True,22003,789608,0,789608,144,True,official_reeval,2.973832734735762,3.6878607462618733,0.7140280115261115,1.240103622233332,V2,V2,,,27286,296076,V1_main,2.973832734735762,V2,22003,789608,V2,3.6878607462618733,,
case_020,3,532746,178919,True,178919,344064,0,344064,36,True,official_reeval(package seeds),177950,True,177950,0,0,0,0,True,official_reeval,2.977582034328383,2.993796010115201,0.016213975786817603,1.0054453498173643,V2,V2,,,178919,344064,V1_main,2.977582034328383,V2,177950,0,V2,2.993796010115201,,
case_021,3,6567937,2281665,True,2281665,35147776,15972352,19175424,762,True,official_reeval(package seeds),2149858,True,2149858,37478400,0,37478400,1481,True,official_reeval,2.878572007722431,3.055056194409119,0.1764841866866882,1.0613096306825847,V2,V2,,,2281665,35147776,V1_main,2.878572007722431,V2,2149858,37478400,V2,3.055056194409119,,
case_022,3,56780,21111,True,21111,355292,0,355292,92,True,official_reeval(package seeds),19072,True,19072,0,0,0,0,True,official_reeval,2.689593103121595,2.9771392617449663,0.2875461586233712,1.106910654362416,V2,V2,,,21111,355292,V1_main,2.689593103121595,V2,19072,0,V2,2.9771392617449663,,
case_023,3,122614,32952,True,32952,595032,0,595032,78,True,official_reeval(package seeds),31979,True,31979,461448,0,461448,60,True,official_reeval,3.7209881039087156,3.8342036961756154,0.11321559226689981,1.030426217205041,V2,V2,32757,no_dual_pipe,32757,590490,V1_supp57,3.7431388710809905,V2,31979,461448,V2,3.8342036961756154,590490,32757
case_024,3,2555343,2555343,True,2555343,0,0,0,0,True,official_reeval(package seeds),1213129,True,1213129,13275864,0,13275864,1398,True,official_reeval,1.0,2.106406655846163,1.106406655846163,2.106406655846163,V2,V2,,,2555343,0,V1_main,1.0,V2,1213129,13275864,V2,2.106406655846163,,
case_025,3,4863026,1749582,True,1749582,18014208,5695488,12318720,1602,True,official_reeval(package seeds),1622164,True,1622164,55296,0,55296,0,True,official_reeval,2.7795359120064105,2.9978633479722148,0.21832743596580428,1.078548161591553,V2,V2,1641366,no_shared_input,1641366,18714624,V1_supp57,2.9627919671785574,V2,1622164,55296,V2,2.9978633479722148,18714624,1641366
case_026,3,99203,35627,True,35627,696884,0,696884,96,True,official_reeval(package seeds),39574,True,39574,1281696,401408,880288,106,True,official_reeval,2.7844892918292308,2.5067721231111335,-0.27771716871809726,0.9002627988072978,V1,V1,,,35627,696884,V1_main,2.7844892918292308,V1,35627,696884,V1_main,2.7844892918292308,,
case_027,3,2363952,875417,True,875417,9517056,0,9517056,319,True,official_reeval(package seeds),744685,True,744685,17143808,0,17143808,553,True,official_reeval,2.7003725081875265,3.174432142449492,0.4740596342619656,1.1755534219166492,V2,V2,,,875417,9517056,V1_main,2.7003725081875265,V2,744685,17143808,V2,3.174432142449492,,
case_028,3,43836040,15171444,True,15171444,274934328,269113656,5820672,134,True,official_reeval(package seeds),13486222,True,13486222,58892544,24428544,34464000,2568,True,official_reeval,2.8893782292575447,3.2504314403247996,0.36105321106725485,1.1249587912760148,V2,V2,,,15171444,274934328,V1_main,2.8893782292575447,V2,13486222,58892544,V2,3.2504314403247996,,
case_029,3,37555,12985,True,12985,170156,0,170156,70,True,official_reeval(package seeds),12743,True,12743,0,0,0,0,True,official_reeval,2.8921832884097034,2.9471082162756024,0.054924927865898976,1.0189908184885819,V2,V2,,,12985,170156,V1_main,2.8921832884097034,V2,12743,0,V2,2.9471082162756024,,
case_030,3,2808034,1259362,True,1259362,24784796,5539840,19244956,1997,True,official_reeval(package seeds),941995,True,941995,2366464,556032,1810432,0,True,official_reeval,2.2297274334146975,2.9809436355819297,0.7512162021672322,1.3369094315787238,V2,V2,,,1259362,24784796,V1_main,2.2297274334146975,V2,941995,2366464,V2,2.9809436355819297,,
case_031,3,1414369,614775,True,614775,5745424,163840,5581584,690,True,official_reeval(package seeds),474039,True,474039,4404736,1486848,2917888,20,True,official_reeval,2.300628685291367,2.9836553532515255,0.6830266679601587,1.2968869649965509,V2,V2,,,614775,5745424,V1_main,2.300628685291367,V2,474039,4404736,V2,2.9836553532515255,,
case_032,3,41443,13314,True,13314,192690,0,192690,67,True,official_reeval(package seeds),12830,True,12830,12288,0,12288,0,True,official_reeval,3.112738470782635,3.2301636788776307,0.11742520809499579,1.0377240841777085,V2,V2,,,13314,192690,V1_main,3.112738470782635,V2,12830,12288,V2,3.2301636788776307,,
case_033,3,1774196,643897,True,643897,10189828,118272,10071556,772,True,official_reeval(package seeds),602508,True,602508,4366848,2268672,2098176,0,True,official_reeval,2.7554034263243965,2.9446845519063647,0.1892811255819682,1.0686945235581935,V2,V2,,,643897,10189828,V1_main,2.7554034263243965,V2,602508,4366848,V2,2.9446845519063647,,
case_034,3,842996,341650,True,341650,5911360,793600,5117760,647,True,official_reeval(package seeds),276722,True,276722,1916424,106504,1809920,7,True,official_reeval,2.467425728084297,3.0463642211316775,0.5789384930473807,1.2346325915539784,V2,V2,,,341650,5911360,V1_main,2.467425728084297,V2,276722,1916424,V2,3.0463642211316775,,
case_035,3,169571,135383,True,135383,377850,0,377850,177,True,official_reeval(package seeds),88015,True,88015,644086,0,644086,360,True,official_reeval,1.2525280131183383,1.926614781571323,0.6740867684529848,1.5381809918763847,V2,V2,,,135383,377850,V1_main,1.2525280131183383,V2,88015,644086,V2,1.926614781571323,,
case_036,3,931510,313264,True,313264,100608,0,100608,8,True,official_reeval(package seeds),311345,True,311345,2304,0,2304,0,True,official_reeval,2.9735622350477553,2.991890025534375,0.01832779048661992,1.006163580593875,V2,V2,,,313264,100608,V1_main,2.9735622350477553,V2,311345,2304,V2,2.991890025534375,,
case_037,3,210001,98585,True,98585,1734656,0,1734656,182,True,official_reeval(package seeds),74038,True,74038,491520,0,491520,0,True,official_reeval,2.130151645787899,2.836394824279424,0.7062431784915253,1.3315459628839246,V2,V2,,,98585,1734656,V1_main,2.130151645787899,V2,74038,491520,V2,2.836394824279424,,
case_038,3,1364555,595649,True,595649,10858648,1277952,9580696,1635,True,official_reeval(package seeds),456035,True,456035,3649536,2548224,1101312,0,True,official_reeval,2.290870965954782,2.992215509774469,0.7013445438196872,1.3061475544640213,V2,V2,,,595649,10858648,V1_main,2.290870965954782,V2,456035,3649536,V2,2.992215509774469,,
case_039,3,1435262,537509,True,537509,14995456,2240512,12754944,834,True,official_reeval(package seeds),478401,True,478401,11722752,4575232,7147520,11,True,official_reeval,2.6702101732250063,3.000123327501406,0.32991315427639956,1.123553253442196,V2,V2,,,537509,14995456,V1_main,2.6702101732250063,V2,478401,11722752,V2,3.000123327501406,,
case_040,3,253454,117361,True,117361,401480,0,401480,59,True,official_reeval(package seeds),110105,True,110105,0,0,0,0,True,official_reeval,2.1596100919385486,2.301929975932065,0.14231988399351625,1.0659007311202942,V2,V2,,,117361,401480,V1_main,2.1596100919385486,V2,110105,0,V2,2.301929975932065,,
case_041,3,6003957,2453376,True,2453376,44470272,11866112,32604160,3848,True,official_reeval(package seeds),2006786,True,2006786,17716224,9577472,8138752,5,True,official_reeval,2.447222521130067,2.9918272302079045,0.5446047090778374,1.222539922044503,V2,V2,,,2453376,44470272,V1_main,2.447222521130067,V2,2006786,17716224,V2,2.9918272302079045,,
case_042,3,1686740,751410,True,751410,8838448,0,8838448,653,True,official_reeval(package seeds),565109,True,565109,3895296,2052096,1843200,0,True,official_reeval,2.244766505636071,2.9848047013938905,0.7400381957578195,1.3296726826152123,V2,V2,653863,no_shared_input,653863,12836676,V1_supp57,2.579653535985367,V2,565109,3895296,V2,2.9848047013938905,12836676,653863
case_043,3,677656,445665,True,445665,2333798,8196,2325602,668,True,official_reeval(package seeds),271072,True,271072,92160,0,92160,0,True,official_reeval,1.5205501890433397,2.499911462637233,0.9793612735938932,1.6440834907330895,V2,V2,353728,no_dual_pipe,353728,5505158,V1_supp57,1.9157544780170075,V2,271072,92160,V2,2.499911462637233,5505158,353728
case_044,3,154407,51219,True,51219,535872,0,535872,88,True,official_reeval(package seeds),44055,True,44055,930400,0,930400,0,True,official_reeval,3.014643003572893,3.504868913857678,0.490225910284785,1.162614913176711,V2,V2,,,51219,535872,V1_main,3.014643003572893,V2,44055,930400,V2,3.504868913857678,,
case_045,3,125614,44599,True,44599,655360,0,655360,70,True,official_reeval(package seeds),42304,True,42304,0,0,0,0,True,official_reeval,2.816520549788112,2.9693173222390317,0.1527967724509196,1.054250189107413,V2,V2,,,44599,655360,V1_main,2.816520549788112,V2,42304,0,V2,2.9693173222390317,,
case_046,3,276455,91278,True,91278,2174144,0,2174144,47,True,official_reeval(package seeds),80389,True,80389,1926336,0,1926336,4,True,official_reeval,3.028714476653739,3.438965530109841,0.4102510534561019,1.1354538556270137,V2,V2,,,91278,2174144,V1_main,3.028714476653739,V2,80389,1926336,V2,3.438965530109841,,
case_047,3,326508,293365,True,293365,507306,0,507306,586,True,official_reeval(package seeds),125363,True,125363,1305708,0,1305708,1163,True,official_reeval,1.1129753038024304,2.6045005304595454,1.491525226657115,2.3401242790935126,V2,V2,,,293365,507306,V1_main,1.1129753038024304,V2,125363,1305708,V2,2.6045005304595454,,
case_048,3,222220,187970,True,187970,218092,0,218092,83,True,official_reeval(package seeds),111394,True,111394,744588,0,744588,285,True,official_reeval,1.1822099271160291,1.9949009820995744,0.8126910549835453,1.6874337935615922,V2,V2,,,187970,218092,V1_main,1.1822099271160291,V2,111394,744588,V2,1.9949009820995744,,
case_049,3,196276,149644,True,149644,542378,0,542378,259,True,official_reeval(package seeds),79323,True,79323,614036,0,614036,335,True,official_reeval,1.3116195771297212,2.474389521324206,1.1627699441944848,1.886514630056856,V2,V2,,,149644,542378,V1_main,1.3116195771297212,V2,79323,614036,V2,2.474389521324206,,
case_050,3,149690,105131,True,105131,330244,0,330244,252,True,official_reeval(package seeds),59366,True,59366,489526,0,489526,326,True,official_reeval,1.4238426344275237,2.521476939662433,1.0976343052349093,1.7708957989421554,V2,V2,,,105131,330244,V1_main,1.4238426344275237,V2,59366,489526,V2,2.521476939662433,,
case_051,3,607628,459274,True,459274,3473980,196624,3277356,182,True,official_reeval(package seeds),278240,True,278240,3048568,0,3048568,324,True,official_reeval,1.323018503115787,2.1838269120184015,0.8608084089026145,1.650639735480161,V2,V2,,,459274,3473980,V1_main,1.323018503115787,V2,278240,3048568,V2,2.1838269120184015,,
case_052,3,180301,60877,True,60877,878914,0,878914,93,True,official_reeval(package seeds),57137,True,57137,894310,0,894310,139,True,official_reeval,2.961726103454507,3.1555909480721773,0.1938648446176705,1.0654567093127045,V2,V2,,,60877,878914,V1_main,2.961726103454507,V2,57137,894310,V2,3.1555909480721773,,
case_053,3,1472686,669113,True,669113,9002588,5167824,3834764,744,True,official_reeval(package seeds),533706,True,533706,14905648,0,14905648,4776,True,official_reeval,2.200952604418088,2.75935814849374,0.5584055440756521,1.2537108445473726,V2,V2,,,669113,9002588,V1_main,2.200952604418088,V2,533706,14905648,V2,2.75935814849374,,
case_054,3,815051,499676,True,499676,490090,184416,305674,106,True,official_reeval(package seeds),328935,True,328935,2335320,0,2335320,957,True,official_reeval,1.631158991026185,2.4778482070925865,0.8466892160664015,1.5190721571131074,V2,V2,,,499676,490090,V1_main,1.631158991026185,V2,328935,2335320,V2,2.4778482070925865,,
case_055,3,118835,39662,True,39662,609976,0,609976,97,True,official_reeval(package seeds),33935,True,33935,115712,0,115712,0,True,official_reeval,2.9961928294085016,3.5018417562988065,0.5056489268903048,1.168763813172241,V2,V2,,,39662,609976,V1_main,2.9961928294085016,V2,33935,115712,V2,3.5018417562988065,,
case_056,3,277285,260402,True,260402,735802,0,735802,425,True,official_reeval(package seeds),117846,True,117846,859392,0,859392,536,True,official_reeval,1.0648343714718014,2.352943672250225,1.2881093007784237,2.209680430392207,V2,V2,,,260402,735802,V1_main,1.0648343714718014,V2,117846,859392,V2,2.352943672250225,,
case_057,3,59726,27790,True,27790,502152,0,502152,117,True,official_reeval(package seeds),21014,True,21014,14976,0,14976,1,True,official_reeval,2.149190356243253,2.842200437803369,0.6930100815601161,1.3224516988674218,V2,V2,,,27790,502152,V1_main,2.149190356243253,V2,21014,14976,V2,2.842200437803369,,
case_058,3,4539717,1764998,True,1764998,42926080,14024704,28901376,3460,True,official_reeval(package seeds),1526307,True,1526307,29601792,25006080,4595712,0,True,official_reeval,2.5720805349354503,2.9743144727764466,0.40223393784099626,1.1563846591806235,V2,V2,,,1764998,42926080,V1_main,2.5720805349354503,V2,1526307,29601792,V2,2.9743144727764466,,
case_059,3,829473,403295,True,403295,7106560,0,7106560,741,True,official_reeval(package seeds),246737,True,246737,11788288,0,11788288,1175,True,official_reeval,2.056740103398257,3.3617698196865486,1.3050297162882916,1.6345136724528546,V2,V2,,,403295,7106560,V1_main,2.056740103398257,V2,246737,11788288,V2,3.3617698196865486,,
case_060,3,888789,321010,True,321010,7490608,495652,6994956,1064,True,official_reeval(package seeds),291799,True,291799,2512916,700436,1812480,3,True,official_reeval,2.7687268309398463,3.045894605533261,0.2771677745934147,1.1001065802144627,V2,V2,,,321010,7490608,V1_main,2.7687268309398463,V2,291799,2512916,V2,3.045894605533261,,
case_061,3,77191,32171,True,32171,355292,0,355292,87,True,official_reeval(package seeds),29137,True,29137,33288,0,33288,4,True,official_reeval,2.3993969724285846,2.6492432302570617,0.24984625782847703,1.104128770978481,V2,V2,,,32171,355292,V1_main,2.3993969724285846,V2,29137,33288,V2,2.6492432302570617,,
case_062,3,2854809,955175,True,955175,199680,0,199680,65,True,official_reeval(package seeds),954913,True,954913,1769472,0,1769472,576,True,official_reeval,2.9887811134085376,2.9896011469107657,0.0008200335022281457,1.0002743705447512,V2,V2,,,955175,199680,V1_main,2.9887811134085376,V2,954913,1769472,V2,2.9896011469107657,,
case_063,3,1070397,361679,True,361679,374784,0,374784,98,True,official_reeval(package seeds),361898,True,361898,721920,0,721920,235,True,official_reeval,2.959522117678936,2.957731183924752,-0.001790933754183932,0.9993948571144355,V1,V1,,,361679,374784,V1_main,2.959522117678936,V1,361679,374784,V1_main,2.959522117678936,,
case_064,3,19116,15607,True,15607,28966,0,28966,43,True,official_reeval(package seeds),9407,True,9407,90188,0,90188,112,True,official_reeval,1.2248350099314411,2.0321037525247156,0.8072687425932745,1.6590836611034336,V2,V2,,,15607,28966,V1_main,1.2248350099314411,V2,9407,90188,V2,2.0321037525247156,,
case_065,3,53068,17883,True,17883,270460,0,270460,57,True,official_reeval(package seeds),18213,True,18213,118974,0,118974,14,True,official_reeval,2.967511044008276,2.913742930873552,-0.05376811313472407,0.9818810739581617,V1,V1,,,17883,270460,V1_main,2.967511044008276,V1,17883,270460,V1_main,2.967511044008276,,
case_066,3,359070,226107,True,226107,1205490,0,1205490,517,True,official_reeval(package seeds),146597,True,146597,1644872,0,1644872,413,True,official_reeval,1.5880534437235467,2.4493679952522904,0.8613145515287437,1.5423712627134252,V2,V2,,,226107,1205490,V1_main,1.5880534437235467,V2,146597,1644872,V2,2.4493679952522904,,
case_067,3,63834834,21790051,True,21790051,239743360,228783744,10959616,244,True,official_reeval(package seeds),19835048,True,19835048,66739968,3924992,62814976,4602,True,official_reeval,2.929540366839894,3.218284825930343,0.2887444590904491,1.0985630586827921,V2,V2,,,21790051,239743360,V1_main,2.929540366839894,V2,19835048,66739968,V2,3.218284825930343,,
case_068,3,362095,232727,True,232727,1532518,0,1532518,465,True,official_reeval(package seeds),158977,True,158977,2091692,1024,2090668,515,True,official_reeval,1.5558787764204411,2.277656516351422,0.7217777399309808,1.4639035835372411,V2,V2,,,232727,1532518,V1_main,1.5558787764204411,V2,158977,2091692,V2,2.277656516351422,,
case_069,3,25144,15323,True,15323,264874,0,264874,150,True,official_reeval(package seeds),11542,True,11542,251912,0,251912,72,True,official_reeval,1.6409319323892189,2.178478599896032,0.5375466675068132,1.3275862068965518,V2,V2,,,15323,264874,V1_main,1.6409319323892189,V2,11542,251912,V2,2.178478599896032,,
case_070,3,117300,40500,True,40500,561036,0,561036,93,True,official_reeval(package seeds),39158,True,39158,161792,0,161792,0,True,official_reeval,2.8962962962962964,2.9955564635578935,0.09926016726159714,1.034271413248889,V2,V2,,,40500,561036,V1_main,2.8962962962962964,V2,39158,161792,V2,2.9955564635578935,,
case_071,3,18919,10255,True,10255,183754,0,183754,106,True,official_reeval(package seeds),9775,True,9775,209480,0,209480,67,True,official_reeval,1.844856167723062,1.9354475703324807,0.09059140260941878,1.0491048593350383,V2,V2,,,10255,183754,V1_main,1.844856167723062,V2,9775,209480,V2,1.9354475703324807,,
case_072,3,23897828,9328153,True,9328153,191652618,75875760,115776858,7010,True,official_reeval(package seeds),7934367,True,7934367,97554688,79206856,18347832,16,True,official_reeval,2.561903519378381,3.011938822592905,0.45003530321452434,1.1756644228833881,V2,V2,,,9328153,191652618,V1_main,2.561903519378381,V2,7934367,97554688,V2,3.011938822592905,,
case_073,3,10081626,4001567,True,4001567,146220032,138129664,8090368,144,True,official_reeval(package seeds),2828376,True,2828376,7582464,0,7582464,17,True,official_reeval,2.519419517404057,3.564457483729179,1.045037966325122,1.4147931533855471,V2,V2,3911108,no_dual_pipe,3911108,146270336,V1_supp57,2.577690516344729,V2,2828376,7582464,V2,3.564457483729179,146270336,3911108
case_074,3,1682239,652084,True,652084,10735744,1191936,9543808,939,True,official_reeval(package seeds),549730,True,549730,4849672,2260992,2588680,5,True,official_reeval,2.579788800215923,3.0601186036781693,0.4803298034622463,1.186189583977589,V2,V2,,,652084,10735744,V1_main,2.579788800215923,V2,549730,4849672,V2,3.0601186036781693,,
case_075,3,1441809,1170520,True,1170520,1587852,0,1587852,429,True,official_reeval(package seeds),584515,True,584515,13848140,0,13848140,4336,True,official_reeval,1.231767932201073,2.4666757910404353,1.2349078588393623,2.002549121921593,V2,V2,,,1170520,1587852,V1_main,1.231767932201073,V2,584515,13848140,V2,2.4666757910404353,,
case_076,3,6185113,2598031,True,2598031,77469704,16319488,61150216,9818,True,official_reeval(package seeds),2057851,True,2057851,19871744,16571392,3300352,0,True,official_reeval,2.3806925321522336,3.005617510694409,0.6249249785421753,1.262497139005691,V2,V2,,,2598031,77469704,V1_main,2.3806925321522336,V2,2057851,19871744,V2,3.005617510694409,,
case_077,3,495320,172554,True,172554,1553794,0,1553794,337,True,official_reeval(package seeds),165620,True,165620,57344,0,57344,0,True,official_reeval,2.8705216917602607,2.9907016060862213,0.12017991432596054,1.0418669242845067,V2,V2,,,172554,1553794,V1_main,2.8705216917602607,V2,165620,57344,V2,2.9907016060862213,,
case_078,3,2296143,718052,True,718052,6439032,122880,6316152,213,True,official_reeval(package seeds),691202,True,691202,9087744,0,9087744,538,True,official_reeval,3.1977391609521315,3.321956533690585,0.12421737273845368,1.0388453737113028,V2,V2,,,718052,6439032,V1_main,3.1977391609521315,V2,691202,9087744,V2,3.321956533690585,,
case_079,3,31052251,11216024,True,11216024,209657856,60323840,149334016,6013,True,official_reeval(package seeds),9994175,True,9994175,40810496,29794304,11016192,0,True,official_reeval,2.768561390382189,3.1070349478571266,0.3384735574749378,1.1222561141865137,V2,V2,,,11216024,209657856,V1_main,2.768561390382189,V2,9994175,40810496,V2,3.1070349478571266,,
case_080,3,292138,108930,True,108930,2945024,0,2945024,318,True,official_reeval(package seeds),101509,True,101509,786432,24576,761856,0,True,official_reeval,2.681887450656385,2.8779517087154836,0.19606425805909877,1.07310681811465,V2,V2,,,108930,2945024,V1_main,2.681887450656385,V2,101509,786432,V2,2.8779517087154836,,
case_081,3,151795,52708,True,52708,475236,0,475236,139,True,official_reeval(package seeds),51943,True,51943,0,0,0,0,True,official_reeval,2.8799233512939213,2.9223379473653814,0.04241459607146014,1.0147276822671005,V2,V2,,,52708,475236,V1_main,2.8799233512939213,V2,51943,0,V2,2.9223379473653814,,
case_082,3,721041,361943,True,361943,3114986,0,3114986,878,True,official_reeval(package seeds),277071,True,277071,1567692,0,1567692,350,True,official_reeval,1.9921396462978977,2.6023690678562534,0.6102294215583557,1.3063185970383042,V2,V2,,,361943,3114986,V1_main,1.9921396462978977,V2,277071,1567692,V2,2.6023690678562534,,
case_083,3,1057993,364623,True,364623,10404288,7314688,3089600,181,True,official_reeval(package seeds),309095,True,309095,10434752,0,10434752,1450,True,official_reeval,2.9016079621965702,3.4228732266778823,0.521265264481312,1.1796470340833725,V2,V2,,,364623,10404288,V1_main,2.9016079621965702,V2,309095,10434752,V2,3.4228732266778823,,
case_084,3,2507412,813406,True,813406,930816,0,930816,101,True,official_reeval(package seeds),563473,True,563473,9446400,6110208,3336192,362,True,official_reeval,3.0826081932024105,4.4499239537653095,1.367315760562899,1.4435580764295717,V2,V2,,,813406,930816,V1_main,3.0826081932024105,V2,563473,9446400,V2,4.4499239537653095,,
case_085,3,3187899,2681414,True,2681414,5972948,635080,5337868,1517,True,official_reeval(package seeds),1224127,True,1224127,34526746,79918,34446828,10637,True,official_reeval,1.1888872811136213,2.6042224377045846,1.4153351565909633,2.190470433214854,V2,V2,,,2681414,5972948,V1_main,1.1888872811136213,V2,1224127,34526746,V2,2.6042224377045846,,
case_086,3,118403,89407,True,89407,1189992,0,1189992,626,True,official_reeval(package seeds),53128,True,53128,1025196,0,1025196,370,True,official_reeval,1.3243146509781114,2.228636500527029,0.9043218495489176,1.6828602620087336,V2,V2,,,89407,1189992,V1_main,1.3243146509781114,V2,53128,1025196,V2,2.228636500527029,,
case_087,3,3974071,2091431,True,2091431,28867578,7830016,21037562,2891,True,official_reeval(package seeds),1321238,True,1321238,7939584,4400640,3538944,6,True,official_reeval,1.900168353629644,3.00783886022049,1.1076705065908459,1.5829328251231043,V2,V2,,,2091431,28867578,V1_main,1.900168353629644,V2,1321238,7939584,V2,3.00783886022049,,
case_088,3,243623,144218,True,144218,1084626,0,1084626,321,True,official_reeval(package seeds),105771,True,105771,1487504,0,1487504,300,True,official_reeval,1.6892690232841947,2.3033061992417583,0.6140371759575636,1.3634928288472266,V2,V2,,,144218,1084626,V1_main,1.6892690232841947,V2,105771,1487504,V2,2.3033061992417583,,
case_089,3,693092,232831,True,232831,1075456,0,1075456,140,True,official_reeval(package seeds),218795,True,218795,5136640,0,5136640,1708,True,official_reeval,2.9768029171373227,3.1677689161086864,0.19096599897136368,1.0641513745743734,V2,V2,,,232831,1075456,V1_main,2.9768029171373227,V2,218795,5136640,V2,3.1677689161086864,,
case_090,3,1178363,490952,True,490952,13858176,9063168,4795008,215,True,official_reeval(package seeds),313334,True,313334,6094464,0,6094464,753,True,official_reeval,2.400159282373837,3.7607249771808995,1.3605656948070624,1.566864751351593,V2,V2,,,490952,13858176,V1_main,2.400159282373837,V2,313334,6094464,V2,3.7607249771808995,,
case_091,3,9186769,3366702,True,3366702,78428772,23614432,54814340,8760,True,official_reeval(package seeds),3071845,True,3071845,37486048,29602272,7883776,4,True,official_reeval,2.728714629331613,2.990635595220462,0.26192096588884883,1.0959869394451869,V2,V2,,,3366702,78428772,V1_main,2.728714629331613,V2,3071845,37486048,V2,2.990635595220462,,
case_092,3,4815554,1908567,True,1908567,68361984,65714752,2647232,48,True,official_reeval(package seeds),1434907,True,1434907,19119168,524288,18594880,2693,True,official_reeval,2.523125465336035,3.356004256721864,0.8328787913858293,1.3300980481661877,V2,V2,,,1908567,68361984,V1_main,2.523125465336035,V2,1434907,19119168,V2,3.356004256721864,,
case_093,3,74205,25103,True,25103,573440,0,573440,138,True,official_reeval(package seeds),25103,True,25103,16384,0,16384,0,True,official_reeval,2.956021192686133,2.956021192686133,0.0,1.0,tie,V2,25103,cold_full,25103,573440,V1_main,2.956021192686133,tie,25103,16384,V2,2.956021192686133,,
case_094,3,94892,29960,True,29960,584748,0,584748,62,True,official_reeval(package seeds),31451,True,31451,715600,0,715600,63,True,official_reeval,3.1672897196261682,3.017137769864233,-0.15015194976193502,0.9525929223236145,V1,V1,,,29960,584748,V1_main,3.1672897196261682,V1,29960,584748,V1_main,3.1672897196261682,,
case_095,3,2084853,651824,True,651824,2985984,0,2985984,81,True,official_reeval(package seeds),474232,True,474232,16441344,10764288,5677056,154,True,official_reeval,3.19849069687523,4.396272288668837,1.197781591793607,1.374483375225628,V2,V2,,,651824,2985984,V1_main,3.19849069687523,V2,474232,16441344,V2,4.396272288668837,,
case_096,3,84194,27003,True,27003,845852,0,845852,166,True,official_reeval(package seeds),24646,True,24646,799276,0,799276,167,True,official_reeval,3.117949857423249,3.416132435283616,0.29818257786036684,1.095634179988639,V2,V2,,,27003,845852,V1_main,3.117949857423249,V2,24646,799276,V2,3.416132435283616,,
case_097,3,11491509,5684719,True,5684719,32604160,4497408,28106752,1021,True,official_reeval(package seeds),3437731,True,3437731,70254592,0,70254592,2512,True,official_reeval,2.0214735328166618,3.3427598029048813,1.3212862700882195,1.6536253127426201,V2,V2,,,5684719,32604160,V1_main,2.0214735328166618,V2,3437731,70254592,V2,3.3427598029048813,,
case_098,3,177430,70527,True,70527,882032,0,882032,111,True,official_reeval(package seeds),72316,True,72316,666020,143424,522596,86,True,official_reeval,2.515774100699023,2.4535372531666573,-0.06223684753236558,0.9752613529509375,V1,V1,,,70527,882032,V1_main,2.515774100699023,V1,70527,882032,V1_main,2.515774100699023,,
case_099,3,1622999,658717,True,658717,10389640,1941504,8448136,1635,True,official_reeval(package seeds),543987,True,543987,4882432,3469312,1413120,0,True,official_reeval,2.4638790254388456,2.9835253415982366,0.5196463161593909,1.2109057753218366,V2,V2,,,658717,10389640,V1_main,2.4638790254388456,V2,543987,4882432,V2,2.9835253415982366,,
case_100,3,151223,45237,True,45237,717150,0,717150,165,True,official_reeval(package seeds),54041,True,54041,1500110,354304,1145806,269,True,official_reeval,3.342905144019276,2.7983012897614774,-0.5446038542577987,0.8370866564275272,V1,V1,,,45237,717150,V1_main,3.342905144019276,V1,45237,717150,V1_main,3.342905144019276,,
case_001,4,233110,61630,True,61630,408960,0,408960,33,True,official_reeval(package seeds),58984,True,58984,3456,0,3456,0,True,official_reeval,3.7824111633944506,3.952088702020887,0.16967753862643642,1.0448596229485962,V2,V2,,,61630,408960,V1_main,3.7824111633944506,V2,58984,3456,V2,3.952088702020887,,
case_002,4,261945,68636,True,68636,1099776,0,1099776,229,True,official_reeval(package seeds),69692,True,69692,509952,0,509952,166,True,official_reeval,3.816437438079142,3.7586093095333752,-0.05782812854576669,0.9848476152212593,V1,V1,,,68636,1099776,V1_main,3.816437438079142,V1,68636,1099776,V1_main,3.816437438079142,,
case_003,4,602212,488356,True,488356,1143006,0,1143006,841,True,official_reeval(package seeds),201011,True,201011,3800574,0,3800574,1232,True,official_reeval,1.233141396849839,2.9959156464074104,1.7627742495575713,2.4294988831456985,V2,V2,,,488356,1143006,V1_main,1.233141396849839,V2,201011,3800574,V2,2.9959156464074104,,
case_004,4,392357,102092,True,102092,1714176,0,1714176,107,True,official_reeval(package seeds),104188,True,104188,331776,0,331776,0,True,official_reeval,3.8431708654938683,3.765855952700887,-0.07731491279298153,0.9798825200598917,V1,V1,,,102092,1714176,V1_main,3.8431708654938683,V1,102092,1714176,V1_main,3.8431708654938683,,
case_005,4,95618,62689,True,62689,1052658,0,1052658,454,True,official_reeval(package seeds),39085,True,39085,1169426,0,1169426,406,True,official_reeval,1.5252755666863405,2.446411666879877,0.9211361001935365,1.603914545221952,V2,V2,,,62689,1052658,V1_main,1.5252755666863405,V2,39085,1169426,V2,2.446411666879877,,
case_006,4,82837,26260,True,26260,447628,0,447628,77,True,official_reeval(package seeds),24772,True,24772,471148,0,471148,123,True,official_reeval,3.1544935262757043,3.343977070886485,0.18948354461078054,1.0600678185047634,V2,V2,,,26260,447628,V1_main,3.1544935262757043,V2,24772,471148,V2,3.343977070886485,,
case_007,4,1012562,271418,True,271418,3356160,18432,3337728,430,True,official_reeval(package seeds),254398,True,254398,82944,0,82944,0,True,official_reeval,3.7306368774362793,3.980227831979811,0.24959095454353175,1.0669030416905794,V2,V2,,,271418,3356160,V1_main,3.7306368774362793,V2,254398,82944,V2,3.980227831979811,,
case_008,4,487605,106053,True,106053,1527168,0,1527168,82,True,official_reeval(package seeds),104264,True,104264,3096576,3096576,0,0,True,official_reeval,4.597748295663489,4.676638149313281,0.07888985364979195,1.017158367221668,V2,V2,,,106053,1527168,V1_main,4.597748295663489,V2,104264,3096576,V2,4.676638149313281,,
case_009,4,153261,103827,True,103827,244684,0,244684,281,True,official_reeval(package seeds),55128,True,55128,784890,0,784890,684,True,official_reeval,1.4761189286023866,2.7800936003482803,1.3039746717458938,1.883380496299521,V2,V2,,,103827,244684,V1_main,1.4761189286023866,V2,55128,784890,V2,2.7800936003482803,,
case_010,4,86969,21907,True,21907,493096,0,493096,85,True,official_reeval(package seeds),24670,True,24670,635936,0,635936,105,True,official_reeval,3.9699182909572284,3.525293879205513,-0.4446244117517155,0.8880016214025132,V1,V1,,,21907,493096,V1_main,3.9699182909572284,V1,21907,493096,V1_main,3.9699182909572284,,
case_011,4,184697,49084,True,49084,892928,0,892928,46,True,official_reeval(package seeds),46880,True,46880,540672,0,540672,0,True,official_reeval,3.7628758862358405,3.9397824232081913,0.17690653697235081,1.0470136518771331,V2,V2,,,49084,892928,V1_main,3.7628758862358405,V2,46880,540672,V2,3.9397824232081913,,
case_012,4,59088,20950,True,20950,383064,0,383064,86,True,official_reeval(package seeds),14530,True,14530,28800,0,28800,0,True,official_reeval,2.8204295942720763,4.06662078458362,1.2461911903115435,1.441844459738472,V2,V2,,,20950,383064,V1_main,2.8204295942720763,V2,14530,28800,V2,4.06662078458362,,
case_013,4,263949,74211,True,74211,294912,0,294912,66,True,official_reeval(package seeds),67017,True,67017,24576,0,24576,0,True,official_reeval,3.556736871892307,3.9385379828998612,0.3818011110075541,1.107345897309638,V2,V2,67987,granularity_4,67987,167936,V1_supp57,3.8823451542206597,V2,67017,24576,V2,3.9385379828998612,167936,67987
case_014,4,17698626,5934108,True,5934108,116084372,63140448,52943924,3366,True,official_reeval(package seeds),4435855,True,4435855,55191456,41720736,13470720,10,True,official_reeval,2.982525090544358,3.989901834031996,1.007376743487638,1.3377596878166667,V2,V2,5692405,balance_weight_0.25,5692405,114945616,V1_supp57,3.109164931167055,V2,4435855,55191456,V2,3.989901834031996,114945616,5692405
case_015,4,177362,51129,True,51129,1233390,0,1233390,102,True,official_reeval(package seeds),48585,True,48585,361096,32776,328320,3,True,official_reeval,3.468911967767803,3.6505505814551817,0.18163861368737866,1.0523618400740968,V2,V2,,,51129,1233390,V1_main,3.468911967767803,V2,48585,361096,V2,3.6505505814551817,,
case_016,4,7715523,7715523,True,7715523,0,0,0,0,True,official_reeval(package seeds),2252262,True,2252262,572912,0,572912,3964,True,official_reeval,1.0,3.425677385668275,2.425677385668275,3.425677385668275,V2,V2,,,7715523,0,V1_main,1.0,V2,2252262,572912,V2,3.425677385668275,,
case_017,4,162810,45873,True,45873,721680,0,721680,120,True,official_reeval(package seeds),37456,True,37456,258844,0,258844,9,True,official_reeval,3.5491465567981164,4.346700128150363,0.797553571352247,1.2247170012815036,V2,V2,,,45873,721680,V1_main,3.5491465567981164,V2,37456,258844,V2,4.346700128150363,,
case_018,4,1004367,292653,True,292653,6941204,0,6941204,689,True,official_reeval(package seeds),252907,True,252907,3194240,151552,3042688,2,True,official_reeval,3.4319381656774404,3.9712898417204743,0.5393516760430339,1.1571565832499693,V2,V2,,,292653,6941204,V1_main,3.4319381656774404,V2,252907,3194240,V2,3.9712898417204743,,
case_019,4,81144,19056,True,19056,655688,0,655688,114,True,official_reeval(package seeds),17026,True,17026,577912,0,577912,117,True,official_reeval,4.258186397984887,4.765887466228122,0.507701068243235,1.11922941383766,V2,V2,,,19056,655688,V1_main,4.258186397984887,V2,17026,577912,V2,4.765887466228122,,
case_020,4,532746,135232,True,135232,303104,0,303104,31,True,official_reeval(package seeds),133704,True,133704,0,0,0,0,True,official_reeval,3.9394965688594414,3.984518039849219,0.0450214709897776,1.011428229521929,V2,V2,,,135232,303104,V1_main,3.9394965688594414,V2,133704,0,V2,3.984518039849219,,
case_021,4,6567937,1831195,True,1831195,37509120,2807808,34701312,1369,True,official_reeval(package seeds),1550324,True,1550324,4608000,0,4608000,0,True,official_reeval,3.5866944809263894,4.236493145948847,0.6497986650224576,1.1811692265616736,V2,V2,,,1831195,37509120,V1_main,3.5866944809263894,V2,1550324,4608000,V2,4.236493145948847,,
case_022,4,56780,18225,True,18225,356404,0,356404,120,True,official_reeval(package seeds),14631,True,14631,6912,0,6912,0,True,official_reeval,3.1155006858710563,3.880801038890028,0.7653003530189717,1.245642813204839,V2,V2,,,18225,356404,V1_main,3.1155006858710563,V2,14631,6912,V2,3.880801038890028,,
case_023,4,122614,31206,True,31206,1184420,0,1184420,148,True,official_reeval(package seeds),31367,True,31367,394222,0,394222,26,True,official_reeval,3.9291802858424663,3.9090126566136387,-0.020167629228827533,0.9948672171390315,V1,V1,29185,no_memory_priority,29185,1151652,V1_supp57,4.201267774541717,V1,29185,1151652,V1_supp57,4.201267774541717,1151652,29185
case_024,4,2555343,2555343,True,2555343,0,0,0,0,True,official_reeval(package seeds),753270,True,753270,562304,0,562304,1312,True,official_reeval,1.0,3.3923334262614997,2.3923334262614997,3.3923334262614997,V2,V2,,,2555343,0,V1_main,1.0,V2,753270,562304,V2,3.3923334262614997,,
case_025,4,4863026,1226882,True,1226882,18432000,4411392,14020608,1836,True,official_reeval(package seeds),1217470,True,1217470,82944,0,82944,0,True,official_reeval,3.9637275630419224,3.9943702924918068,0.03064272944988433,1.0077307859741924,V2,V2,1226882,cold_full,1226882,18432000,V1_main,3.9637275630419224,V2,1217470,82944,V2,3.9943702924918068,,
case_026,4,99203,31096,True,31096,748928,0,748928,115,True,official_reeval(package seeds),38976,True,38976,1455244,81920,1373324,135,True,official_reeval,3.1902173913043477,2.5452329638752054,-0.6449844274291423,0.797824302134647,V1,V1,,,31096,748928,V1_main,3.1902173913043477,V1,31096,748928,V1_main,3.1902173913043477,,
case_027,4,2363952,560418,True,560418,2457600,0,2457600,10,True,official_reeval(package seeds),559196,True,559196,2211840,0,2211840,0,True,official_reeval,4.218194276415105,4.227412213249022,0.009217936833917584,1.002185280295281,V2,V2,,,560418,2457600,V1_main,4.218194276415105,V2,559196,2211840,V2,4.227412213249022,,
case_028,4,43836040,11923530,True,11923530,252523536,243104400,9419136,370,True,official_reeval(package seeds),10176437,True,10176437,119581920,1892352,117689568,11807,True,official_reeval,3.676431392381283,4.3076019632411615,0.6311705708598785,1.1716802256035193,V2,V2,,,11923530,252523536,V1_main,3.676431392381283,V2,10176437,119581920,V2,4.3076019632411615,,
case_029,4,37555,12985,True,12985,170156,0,170156,70,True,official_reeval(package seeds),9886,True,9886,16412,0,16412,6,True,official_reeval,2.8921832884097034,3.7988063928788187,0.9066231044691153,1.31347359902893,V2,V2,,,12985,170156,V1_main,2.8921832884097034,V2,9886,16412,V2,3.7988063928788187,,
case_030,4,2808034,994752,True,994752,20986384,2134016,18852368,1958,True,official_reeval(package seeds),707133,True,707133,2580480,1341440,1239040,0,True,official_reeval,2.8228483079199638,3.971012525225099,1.1481642173051352,1.4067396090975814,V2,V2,,,994752,20986384,V1_main,2.8228483079199638,V2,707133,2580480,V2,3.971012525225099,,
case_031,4,1414369,503249,True,503249,6075526,0,6075526,776,True,official_reeval(package seeds),355562,True,355562,3531264,760320,2770944,0,True,official_reeval,2.8104755300060207,3.977840714137056,1.1673651841310355,1.415362159060867,V2,V2,,,503249,6075526,V1_main,2.8104755300060207,V2,355562,3531264,V2,3.977840714137056,,
case_032,4,41443,13159,True,13159,378790,0,378790,151,True,official_reeval(package seeds),10733,True,10733,18440,0,18440,3,True,official_reeval,3.149403450110191,3.8612689835088045,0.7118655333986137,1.2260318643436132,V2,V2,,,13159,378790,V1_main,3.149403450110191,V2,10733,18440,V2,3.8612689835088045,,
case_033,4,1774196,498128,True,498128,9769480,26112,9743368,695,True,official_reeval(package seeds),441529,True,441529,7902720,2064384,5838336,0,True,official_reeval,3.5617271062859346,4.018300043711738,0.4565729374258036,1.1281886354010722,V2,V2,,,498128,9769480,V1_main,3.5617271062859346,V2,441529,7902720,V2,4.018300043711738,,
case_034,4,842996,304751,True,304751,7841530,0,7841530,893,True,official_reeval(package seeds),210907,True,210907,2133504,155648,1977856,13,True,official_reeval,2.766179602363897,3.9970034185683736,1.2308238162044765,1.444954411185973,V2,V2,,,304751,7841530,V1_main,2.766179602363897,V2,210907,2133504,V2,3.9970034185683736,,
case_035,4,169571,123044,True,123044,503380,0,503380,132,True,official_reeval(package seeds),75009,True,75009,726662,0,726662,425,True,official_reeval,1.3781330255843438,2.260675385620392,0.8825423600360482,1.64038981988828,V2,V2,,,123044,503380,V1_main,1.3781330255843438,V2,75009,726662,V2,2.260675385620392,,
case_036,4,931510,235201,True,235201,150912,0,150912,12,True,official_reeval(package seeds),233584,True,233584,3456,0,3456,0,True,official_reeval,3.9604848618840904,3.987901568600589,0.027416706716498762,1.0069225631892595,V2,V2,,,235201,150912,V1_main,3.9604848618840904,V2,233584,3456,V2,3.987901568600589,,
case_037,4,210001,70628,True,70628,2007040,0,2007040,110,True,official_reeval(package seeds),53320,True,53320,614400,0,614400,0,True,official_reeval,2.9733391855921165,3.938503375843961,0.9651641902518446,1.3246061515378844,V2,V2,,,70628,2007040,V1_main,2.9733391855921165,V2,53320,614400,V2,3.938503375843961,,
case_038,4,1364555,465523,True,465523,11298448,288768,11009680,1789,True,official_reeval(package seeds),337197,True,337197,5270016,118272,5151744,15,True,official_reeval,2.9312300358951116,4.0467590162427305,1.115528980347619,1.380566849645756,V2,V2,,,465523,11298448,V1_main,2.9312300358951116,V2,337197,5270016,V2,4.0467590162427305,,
case_039,4,1435262,428844,True,428844,14200832,417792,13783040,846,True,official_reeval(package seeds),385929,True,385929,15843328,5103616,10739712,0,True,official_reeval,3.3468160916323884,3.718979397764874,0.3721633061324856,1.1111992102174235,V2,V2,,,428844,14200832,V1_main,3.3468160916323884,V2,385929,15843328,V2,3.718979397764874,,
case_040,4,253454,116921,True,116921,401480,0,401480,59,True,official_reeval(package seeds),110105,True,110105,0,0,0,0,True,official_reeval,2.167737190068508,2.301929975932065,0.13419278586355698,1.06190454566096,V2,V2,,,116921,401480,V1_main,2.167737190068508,V2,110105,0,V2,2.301929975932065,,
case_041,4,6003957,2119317,True,2119317,27320996,9899008,17421988,739,True,official_reeval(package seeds),1502089,True,1502089,15799296,10309632,5489664,0,True,official_reeval,2.832967885408365,3.997071411880388,1.1641035264720232,1.4109130684000748,V2,V2,,,2119317,27320996,V1_main,2.832967885408365,V2,1502089,15799296,V2,3.997071411880388,,
case_042,4,1686740,608752,True,608752,10180132,0,10180132,1034,True,official_reeval(package seeds),418795,True,418795,3753984,989184,2764800,0,True,official_reeval,2.770816358714222,4.027603003856302,1.2567866451420802,1.453579913800308,V2,V2,541359,no_dual_pipe,541359,11213216,V1_supp57,3.115751285191527,V2,418795,3753984,V2,4.027603003856302,11213216,541359
case_043,4,677656,434438,True,434438,2499560,8196,2491364,720,True,official_reeval(package seeds),235671,True,235671,5888914,0,5888914,1254,True,official_reeval,1.559845133252616,2.8754322763513542,1.3155871430987383,1.8434088199226888,V2,V2,341247,no_dual_pipe,341247,5325096,V1_supp57,1.9858225859861038,V2,235671,5888914,V2,2.8754322763513542,5325096,341247
case_044,4,154407,46362,True,46362,715168,0,715168,132,True,official_reeval(package seeds),43967,True,43967,93792,0,93792,72,True,official_reeval,3.3304646046331046,3.511883912934701,0.18141930830159625,1.054472672686333,V2,V2,,,46362,715168,V1_main,3.3304646046331046,V2,43967,93792,V2,3.511883912934701,,
case_045,4,125614,35790,True,35790,536576,0,536576,60,True,official_reeval(package seeds),32037,True,32037,0,0,0,0,True,official_reeval,3.5097513271863647,3.92090395480226,0.4111526276158952,1.117145800168555,V2,V2,,,35790,536576,V1_main,3.5097513271863647,V2,32037,0,V2,3.92090395480226,,
case_046,4,276455,77911,True,77911,2144032,0,2144032,37,True,official_reeval(package seeds),78779,True,78779,2791200,0,2791200,0,True,official_reeval,3.5483436228517156,3.5092473882633697,-0.03909623458834588,0.988981835260666,V1,V1,,,77911,2144032,V1_main,3.5483436228517156,V1,77911,2144032,V1_main,3.5483436228517156,,
case_047,4,326508,292061,True,292061,540462,0,540462,630,True,official_reeval(package seeds),113414,True,113414,1740658,0,1740658,1402,True,official_reeval,1.1179445389832945,2.878903839032218,1.7609593000489236,2.575175904209357,V2,V2,,,292061,540462,V1_main,1.1179445389832945,V2,113414,1740658,V2,2.878903839032218,,
case_048,4,222220,186427,True,186427,232402,0,232402,83,True,official_reeval(package seeds),102681,True,102681,812242,0,812242,305,True,official_reeval,1.1919947217945899,2.1641783776940233,0.9721836558994335,1.8155939268219048,V2,V2,,,186427,232402,V1_main,1.1919947217945899,V2,102681,812242,V2,2.1641783776940233,,
case_049,4,196276,148794,True,148794,598446,0,598446,291,True,official_reeval(package seeds),65351,True,65351,739406,0,739406,423,True,official_reeval,1.3191123297982446,3.0034123425808326,1.684300012782588,2.2768435066028063,V2,V2,,,148794,598446,V1_main,1.3191123297982446,V2,65351,739406,V2,3.0034123425808326,,
case_050,4,149690,105131,True,105131,330244,0,330244,252,True,official_reeval(package seeds),52315,True,52315,660890,0,660890,442,True,official_reeval,1.4238426344275237,2.861320844881965,1.4374782104544412,2.009576603268661,V2,V2,,,105131,330244,V1_main,1.4238426344275237,V2,52315,660890,V2,2.861320844881965,,
case_051,4,607628,356907,True,356907,6489024,327700,6161324,323,True,official_reeval(package seeds),187486,True,187486,558300,0,558300,311,True,official_reeval,1.702482719588016,3.240924655707626,1.5384419361196102,1.9036461389117054,V2,V2,,,356907,6489024,V1_main,1.702482719588016,V2,187486,558300,V2,3.240924655707626,,
case_052,4,180301,47777,True,47777,1136580,0,1136580,119,True,official_reeval(package seeds),45504,True,45504,1112794,0,1112794,176,True,official_reeval,3.7738032944722355,3.962311005625879,0.1885077111536435,1.049951652601969,V2,V2,,,47777,1136580,V1_main,3.7738032944722355,V2,45504,1112794,V2,3.962311005625879,,
case_053,4,1472686,608786,True,608786,8912512,3765696,5146816,841,True,official_reeval(package seeds),452294,True,452294,10384222,3905744,6478478,866,True,official_reeval,2.4190536576071064,3.2560370024806873,0.8369833448735808,1.3459961883199865,V2,V2,,,608786,8912512,V1_main,2.4190536576071064,V2,452294,10384222,V2,3.2560370024806873,,
case_054,4,815051,482312,True,482312,3293580,97792,3195788,1234,True,official_reeval(package seeds),266398,True,266398,3208926,0,3208926,1248,True,official_reeval,1.6898833120469738,3.059523720148049,1.3696404081010753,1.810494072778324,V2,V2,,,482312,3293580,V1_main,1.6898833120469738,V2,266398,3208926,V2,3.059523720148049,,
case_055,4,118835,39662,True,39662,609976,0,609976,97,True,official_reeval(package seeds),30337,True,30337,74240,0,74240,0,True,official_reeval,2.9961928294085016,3.9171638593137095,0.9209710299052078,1.3073804265418465,V2,V2,,,39662,609976,V1_main,2.9961928294085016,V2,30337,74240,V2,3.9171638593137095,,
case_056,4,277285,260402,True,260402,735802,0,735802,425,True,official_reeval(package seeds),106100,True,106100,1159682,0,1159682,710,True,official_reeval,1.0648343714718014,2.613430725730443,1.5485963542586416,2.45430725730443,V2,V2,,,260402,735802,V1_main,1.0648343714718014,V2,106100,1159682,V2,2.613430725730443,,
case_057,4,59726,20991,True,20991,721306,0,721306,132,True,official_reeval(package seeds),16122,True,16122,38408,0,38408,3,True,official_reeval,2.8453146586632365,3.7046272174668156,0.859312558803579,1.3020096762188313,V2,V2,,,20991,721306,V1_main,2.8453146586632365,V2,16122,38408,V2,3.7046272174668156,,
case_058,4,4539717,1161319,True,1161319,38621184,16310272,22310912,554,True,official_reeval(package seeds),1148398,True,1148398,39604224,23248896,16355328,0,True,official_reeval,3.90910421684309,3.95308682181613,0.043982604973040296,1.0112513257598847,V2,V2,,,1161319,38621184,V1_main,3.90910421684309,V2,1148398,39604224,V2,3.95308682181613,,
case_059,4,829473,239003,True,239003,8794112,0,8794112,949,True,official_reeval(package seeds),185216,True,185216,1081344,0,1081344,0,True,official_reeval,3.470554762910926,4.478408992743607,1.0078542298326814,1.290401477194195,V2,V2,,,239003,8794112,V1_main,3.470554762910926,V2,185216,1081344,V2,4.478408992743607,,
case_060,4,888789,265551,True,265551,6685372,90120,6595252,1045,True,official_reeval(package seeds),215692,True,215692,3467284,491520,2975764,21,True,official_reeval,3.3469616005964955,4.120639615748382,0.7736780151518863,1.231158318342822,V2,V2,,,265551,6685372,V1_main,3.3469616005964955,V2,215692,3467284,V2,4.120639615748382,,
case_061,4,77191,27935,True,27935,350084,0,350084,94,True,official_reeval(package seeds),23376,True,23376,48640,0,48640,1,True,official_reeval,2.763236083765885,3.302147501711157,0.5389114179452719,1.1950290896646132,V2,V2,,,27935,350084,V1_main,2.763236083765885,V2,23376,48640,V2,3.302147501711157,,
case_062,4,2854809,721386,True,721386,632832,0,632832,170,True,official_reeval(package seeds),736761,True,736761,2448384,0,2448384,797,True,official_reeval,3.9573945155575516,3.8748101487456585,-0.08258436681189307,0.9791316315603025,V1,V1,,,721386,632832,V1_main,3.9573945155575516,V1,721386,632832,V1_main,3.9573945155575516,,
case_063,4,1070397,272313,True,272313,513024,0,513024,131,True,official_reeval(package seeds),278870,True,278870,887808,0,887808,289,True,official_reeval,3.9307598241729185,3.8383368594685696,-0.09242296470434885,0.9764872521246459,V1,V1,,,272313,513024,V1_main,3.9307598241729185,V1,272313,513024,V1_main,3.9307598241729185,,
case_064,4,19116,15607,True,15607,28966,0,28966,43,True,official_reeval(package seeds),8135,True,8135,105618,0,105618,116,True,official_reeval,1.2248350099314411,2.3498463429625076,1.1250113330310665,1.918500307314075,V2,V2,,,15607,28966,V1_main,1.2248350099314411,V2,8135,105618,V2,2.3498463429625076,,
case_065,4,53068,13497,True,13497,278724,0,278724,54,True,official_reeval(package seeds),13476,True,13476,65298,0,65298,7,True,official_reeval,3.9318367044528415,3.937963787474028,0.006127083021186586,1.0015583259127336,V2,V2,,,13497,278724,V1_main,3.9318367044528415,V2,13476,65298,V2,3.937963787474028,,
case_066,4,359070,180900,True,180900,1757672,0,1757672,589,True,official_reeval(package seeds),130286,True,130286,2100032,0,2100032,552,True,official_reeval,1.9849087893864013,2.7560136929524277,0.7711049035660265,1.3884837971846553,V2,V2,,,180900,1757672,V1_main,1.9849087893864013,V2,130286,2100032,V2,2.7560136929524277,,
case_067,4,63834834,16832414,True,16832414,244657024,229967616,14689408,304,True,official_reeval(package seeds),14915435,True,14915435,77440128,3219456,74220672,5181,True,official_reeval,3.792375472704034,4.279783593304519,0.48740812060048544,1.1285231707958903,V2,V2,,,16832414,244657024,V1_main,3.792375472704034,V2,14915435,77440128,V2,4.279783593304519,,
case_068,4,362095,231060,True,231060,1475174,0,1475174,462,True,official_reeval(package seeds),127589,True,127589,2616162,0,2616162,619,True,official_reeval,1.5671037825672984,2.8379797631457255,1.270875980578427,1.8109711652258424,V2,V2,,,231060,1475174,V1_main,1.5671037825672984,V2,127589,2616162,V2,2.8379797631457255,,
case_069,4,25144,13385,True,13385,387118,0,387118,224,True,official_reeval(package seeds),10806,True,10806,350220,0,350220,115,True,official_reeval,1.878520732162869,2.3268554506755508,0.4483347185126818,1.2386637053488803,V2,V2,,,13385,387118,V1_main,1.878520732162869,V2,10806,350220,V2,2.3268554506755508,,
case_070,4,117300,40500,True,40500,561036,0,561036,93,True,official_reeval(package seeds),29048,True,29048,360960,0,360960,0,True,official_reeval,2.8962962962962964,4.038143762049022,1.1418474657527256,1.394244009914624,V2,V2,,,40500,561036,V1_main,2.8962962962962964,V2,29048,360960,V2,4.038143762049022,,
case_071,4,18919,10255,True,10255,183754,0,183754,106,True,official_reeval(package seeds),9262,True,9262,232240,0,232240,79,True,official_reeval,1.844856167723062,2.0426473763765927,0.19779120865353073,1.1072122651695098,V2,V2,,,10255,183754,V1_main,1.844856167723062,V2,9262,232240,V2,2.0426473763765927,,
case_072,4,23897828,7084718,True,7084718,163842764,51868032,111974732,6663,True,official_reeval(package seeds),5921768,True,5921768,96170032,72241200,23928832,0,True,official_reeval,3.3731516201491716,4.035590046756306,0.6624384266071348,1.1963856064607732,V2,V2,,,7084718,163842764,V1_main,3.3731516201491716,V2,5921768,96170032,V2,4.035590046756306,,
case_073,4,10081626,3316248,True,3316248,144915712,133273728,11641984,127,True,official_reeval(package seeds),2168614,True,2168614,20030592,0,20030592,2850,True,official_reeval,3.0400699827033444,4.648879883649188,1.6088099009458432,1.5292016006536895,V2,V2,3270152,no_dual_pipe,3270152,141585664,V1_supp57,3.0829227509913912,V2,2168614,20030592,V2,4.648879883649188,141585664,3270152
case_074,4,1682239,521962,True,521962,11621564,172048,11449516,1085,True,official_reeval(package seeds),413409,True,413409,7745536,2060288,5685248,10,True,official_reeval,3.2229146949394782,4.06918814055814,0.8462734456186616,1.2625801566971209,V2,V2,,,521962,11621564,V1_main,3.2229146949394782,V2,413409,7745536,V2,4.06918814055814,,
case_075,4,1441809,1160494,True,1160494,1633550,0,1633550,437,True,official_reeval(package seeds),436934,True,436934,11645008,0,11645008,3172,True,official_reeval,1.2424096979389812,3.2998324689770078,2.0574227710380266,2.65599381142232,V2,V2,,,1160494,1633550,V1_main,1.2424096979389812,V2,436934,11645008,V2,3.2998324689770078,,
case_076,4,6185113,1954268,True,1954268,68203524,23582720,44620804,6974,True,official_reeval(package seeds),1553246,True,1553246,17539072,14193664,3345408,0,True,official_reeval,3.1649256908469052,3.9820562872848217,0.8171305964379165,1.2581831854065615,V2,V2,,,1954268,68203524,V1_main,3.1649256908469052,V2,1553246,17539072,V2,3.9820562872848217,,
case_077,4,495320,172554,True,172554,1553794,0,1553794,337,True,official_reeval(package seeds),123709,True,123709,237568,0,237568,6,True,official_reeval,2.8705216917602607,4.003912407343039,1.1333907155827783,1.3948378856833374,V2,V2,,,172554,1553794,V1_main,2.8705216917602607,V2,123709,237568,V2,4.003912407343039,,
case_078,4,2296143,608532,True,608532,6243072,0,6243072,160,True,official_reeval(package seeds),520213,True,520213,7688688,0,7688688,119,True,official_reeval,3.7732493936226854,4.413851633849981,0.6406022402272953,1.1697746884449254,V2,V2,,,608532,6243072,V1_main,3.7732493936226854,V2,520213,7688688,V2,4.413851633849981,,
case_079,4,31052251,9403631,True,9403631,147607552,82567168,65040384,2544,True,official_reeval(package seeds),7450249,True,7450249,42672128,25370624,17301504,0,True,official_reeval,3.3021554120956043,4.167948077976991,0.8657926658813868,1.2621901630401884,V2,V2,,,9403631,147607552,V1_main,3.3021554120956043,V2,7450249,42672128,V2,4.167948077976991,,
case_080,4,292138,93049,True,93049,3002368,0,3002368,329,True,official_reeval(package seeds),95154,True,95154,1675264,24576,1650688,0,True,official_reeval,3.1396146116562242,3.0701599512369424,-0.06945466041928183,0.9778779662441937,V1,V1,,,93049,3002368,V1_main,3.1396146116562242,V1,93049,3002368,V1_main,3.1396146116562242,,
case_081,4,151795,40858,True,40858,315484,0,315484,100,True,official_reeval(package seeds),39605,True,39605,32798,0,32798,9,True,official_reeval,3.7151842968329336,3.8327231410175484,0.1175388441846148,1.0316374195177376,V2,V2,,,40858,315484,V1_main,3.7151842968329336,V2,39605,32798,V2,3.8327231410175484,,
case_082,4,721041,355585,True,355585,3131370,0,3131370,880,True,official_reeval(package seeds),228475,True,228475,2371474,0,2371474,508,True,official_reeval,2.0277598886342223,3.155885764306817,1.1281258756725947,1.5563409563409563,V2,V2,,,355585,3131370,V1_main,2.0277598886342223,V2,228475,2371474,V2,3.155885764306817,,
case_083,4,1057993,240884,True,240884,5095200,163840,4931360,350,True,official_reeval(package seeds),258782,True,258782,5261024,0,5261024,715,True,official_reeval,4.392126500722339,4.088356222612083,-0.3037702781102567,0.9308375389323832,V1,V1,,,240884,5095200,V1_main,4.392126500722339,V1,240884,5095200,V1_main,4.392126500722339,,
case_084,4,2507412,588024,True,588024,1234944,0,1234944,134,True,official_reeval(package seeds),384094,True,384094,8939520,8921088,18432,2,True,official_reeval,4.264132076241786,6.52812072044864,2.2639886442068535,1.5309377391992585,V2,V2,,,588024,1234944,V1_main,4.264132076241786,V2,384094,8939520,V2,6.52812072044864,,
case_085,4,3187899,2650635,True,2650635,5436174,1906460,3529714,954,True,official_reeval(package seeds),986615,True,986615,8938546,0,8938546,1976,True,official_reeval,1.2026925623482674,3.231147914840135,2.028455352491868,2.686595075079945,V2,V2,,,2650635,5436174,V1_main,1.2026925623482674,V2,986615,8938546,V2,3.231147914840135,,
case_086,4,118403,77727,True,77727,1534480,0,1534480,745,True,official_reeval(package seeds),48045,True,48045,1425426,0,1425426,500,True,official_reeval,1.5233187952706266,2.46441877406598,0.9410999787953533,1.6177958164221042,V2,V2,,,77727,1534480,V1_main,1.5233187952706266,V2,48045,1425426,V2,2.46441877406598,,
case_087,4,3974071,1961743,True,1961743,29961646,5568320,24393326,3423,True,official_reeval(package seeds),1004535,True,1004535,7787520,3386880,4400640,8,True,official_reeval,2.0257857425768817,3.9561299506736947,1.930344208096813,1.9528866590014284,V2,V2,,,1961743,29961646,V1_main,2.0257857425768817,V2,1004535,7787520,V2,3.9561299506736947,,
case_088,4,243623,138953,True,138953,1145810,0,1145810,211,True,official_reeval(package seeds),88592,True,88592,1729498,0,1729498,384,True,official_reeval,1.7532762876656136,2.7499435614953947,0.996667273829781,1.5684599060863282,V2,V2,,,138953,1145810,V1_main,1.7532762876656136,V2,88592,1729498,V2,2.7499435614953947,,
case_089,4,693092,176794,True,176794,1043840,0,1043840,80,True,official_reeval(package seeds),165520,True,165520,2104704,0,2104704,507,True,official_reeval,3.920336663008926,4.1873610439826,0.2670243809736741,1.0681126147897535,V2,V2,,,176794,1043840,V1_main,3.920336663008926,V2,165520,2104704,V2,4.1873610439826,,
case_090,4,1178363,338741,True,338741,9817056,2798592,7018464,333,True,official_reeval(package seeds),282184,True,282184,8270424,0,8270424,784,True,official_reeval,3.478654783448121,4.175867519065574,0.6972127356174527,1.2004259632013154,V2,V2,,,338741,9817056,V1_main,3.478654783448121,V2,282184,8270424,V2,4.175867519065574,,
case_091,4,9186769,2959049,True,2959049,86123656,20016768,66106888,10557,True,official_reeval(package seeds),2305902,True,2305902,42209248,28828128,13381120,11,True,official_reeval,3.104635644762895,3.9840240391829314,0.8793883944200362,1.2832501121036366,V2,V2,,,2959049,86123656,V1_main,3.104635644762895,V2,2305902,42209248,V2,3.9840240391829314,,
case_092,4,4815554,1382688,True,1382688,48202016,43624960,4577056,318,True,official_reeval(package seeds),1114693,True,1114693,37627680,1703936,35923744,5925,True,official_reeval,3.4827480964613855,4.320071983945355,0.8373238874839695,1.240420456574142,V2,V2,,,1382688,48202016,V1_main,3.4827480964613855,V2,1114693,37627680,V2,4.320071983945355,,
case_093,4,74205,21505,True,21505,237568,0,237568,52,True,official_reeval(package seeds),19779,True,19779,57344,0,57344,8,True,official_reeval,3.450592885375494,3.751706355225239,0.30111346984974485,1.0872642701855504,V2,V2,20293,granularity_16,20293,262144,V1_supp57,3.6566796432267283,V2,19779,57344,V2,3.751706355225239,262144,20293
case_094,4,94892,24710,True,24710,495908,0,495908,48,True,official_reeval(package seeds),24935,True,24935,318528,0,318528,0,True,official_reeval,3.8402266288951843,3.805574493683577,-0.03465213521160715,0.9909765390014037,V1,V1,,,24710,495908,V1_main,3.8402266288951843,V1,24710,495908,V1_main,3.8402266288951843,,
case_095,4,2084853,481187,True,481187,5013504,0,5013504,136,True,official_reeval(package seeds),474232,True,474232,16441344,10764288,5677056,154,True,official_reeval,4.332729271572175,4.396272288668837,0.06354301709666199,1.0146658175745205,V2,V2,,,481187,5013504,V1_main,4.332729271572175,V2,474232,16441344,V2,4.396272288668837,,
case_096,4,84194,23608,True,23608,614460,0,614460,126,True,official_reeval(package seeds),22604,True,22604,707224,0,707224,166,True,official_reeval,3.5663334462893936,3.724738984250575,0.1584055379611815,1.0444169173597593,V2,V2,,,23608,614460,V1_main,3.5663334462893936,V2,22604,707224,V2,3.724738984250575,,
case_097,4,11491509,4072691,True,4072691,40949760,2088960,38860800,1390,True,official_reeval(package seeds),2577788,True,2577788,7667712,0,7667712,0,True,official_reeval,2.821601000419624,4.4578952962772735,1.6362942958576494,1.579916967570646,V2,V2,,,4072691,40949760,V1_main,2.821601000419624,V2,2577788,7667712,V2,4.4578952962772735,,
case_098,4,177430,62759,True,62759,1702852,0,1702852,200,True,official_reeval(package seeds),70969,True,70969,1270868,0,1270868,199,True,official_reeval,2.827164231424975,2.5001056799447645,-0.32705855148021046,0.8843156871310008,V1,V1,,,62759,1702852,V1_main,2.827164231424975,V1,62759,1702852,V1_main,2.827164231424975,,
case_099,4,1622999,480480,True,480480,12539940,126976,12412964,2184,True,official_reeval(package seeds),408104,True,408104,4616192,2711552,1904640,0,True,official_reeval,3.3778700466200466,3.976924999509929,0.5990549528898823,1.177346950777253,V2,V2,,,480480,12539940,V1_main,3.3778700466200466,V2,408104,4616192,V2,3.976924999509929,,
case_100,4,151223,45237,True,45237,717150,0,717150,165,True,official_reeval(package seeds),50076,True,50076,1598138,98304,1499834,303,True,official_reeval,3.342905144019276,3.019869797907181,-0.32303534611209495,0.903366882338845,V1,V1,,,45237,717150,V1_main,3.342905144019276,V1,45237,717150,V1_main,3.342905144019276,,
case_001,5,233110,49050,True,49050,201216,0,201216,16,True,official_reeval(package seeds),47502,True,47502,4608,0,4608,0,True,official_reeval,4.7524974515800205,4.9073723211654245,0.15487486958540408,1.0325881015536187,V2,V2,,,49050,201216,V1_main,4.7524974515800205,V2,47502,4608,V2,4.9073723211654245,,
case_002,5,261945,55789,True,55789,337920,0,337920,110,True,official_reeval(package seeds),55812,True,55812,242688,0,242688,79,True,official_reeval,4.695280431626307,4.693345517093098,-0.0019349145332085982,0.9995879022432452,V1,V1,,,55789,337920,V1_main,4.695280431626307,V1,55789,337920,V1_main,4.695280431626307,,
case_003,5,602212,469387,True,469387,2273366,0,2273366,1214,True,official_reeval(package seeds),182439,True,182439,4402364,0,4402364,1403,True,official_reeval,1.2829754552213846,3.3008950937025525,2.017919638481168,2.57284352578122,V2,V2,,,469387,2273366,V1_main,1.2829754552213846,V2,182439,4402364,V2,3.3008950937025525,,
case_004,5,392357,86990,True,86990,2577408,0,2577408,192,True,official_reeval(package seeds),85093,True,85093,3277824,0,3277824,204,True,official_reeval,4.5103690079319465,4.610919817141245,0.10055080920929882,1.0222932556144453,V2,V2,,,86990,2577408,V1_main,4.5103690079319465,V2,85093,3277824,V2,4.610919817141245,,
case_005,5,95618,60883,True,60883,1117522,0,1117522,548,True,official_reeval(package seeds),36477,True,36477,1554264,0,1554264,539,True,official_reeval,1.5705205065453411,2.621323025468103,1.0508025189227619,1.6690791457630836,V2,V2,,,60883,1117522,V1_main,1.5705205065453411,V2,36477,1554264,V2,2.621323025468103,,
case_006,5,82837,25447,True,25447,703010,0,703010,102,True,official_reeval(package seeds),22891,True,22891,447702,0,447702,82,True,official_reeval,3.255275671002476,3.618758464025163,0.36348279302268693,1.111659604211262,V2,V2,,,25447,703010,V1_main,3.255275671002476,V2,22891,447702,V2,3.618758464025163,,
case_007,5,1012562,205420,True,205420,3136512,165888,2970624,398,True,official_reeval(package seeds),203834,True,203834,110592,0,110592,0,True,official_reeval,4.929227923279136,4.967581463347626,0.03835354006849023,1.0077808412728004,V2,V2,,,205420,3136512,V1_main,4.929227923279136,V2,203834,110592,V2,4.967581463347626,,
case_008,5,487605,92896,True,92896,1042944,0,1042944,56,True,official_reeval(package seeds),100603,True,100603,0,0,0,0,True,official_reeval,5.248934292111609,4.846823653370178,-0.4021106387414308,0.9233919465622298,V1,V1,,,92896,1042944,V1_main,5.248934292111609,V1,92896,1042944,V1_main,5.248934292111609,,
case_009,5,153261,103827,True,103827,244684,0,244684,281,True,official_reeval(package seeds),46780,True,46780,902070,0,902070,796,True,official_reeval,1.4761189286023866,3.2762077811030355,1.8000888525006489,2.219474134245404,V2,V2,,,103827,244684,V1_main,1.4761189286023866,V2,46780,902070,V2,3.2762077811030355,,
case_010,5,86969,20897,True,20897,704884,0,704884,90,True,official_reeval(package seeds),24670,True,24670,635936,0,635936,105,True,official_reeval,4.1617935588840504,3.525293879205513,-0.6364996796785376,0.8470612079448723,V1,V1,,,20897,704884,V1_main,4.1617935588840504,V1,20897,704884,V1_main,4.1617935588840504,,
case_011,5,184697,49013,True,49013,888832,0,888832,44,True,official_reeval(package seeds),46880,True,46880,540672,0,540672,0,True,official_reeval,3.7683267704486565,3.9397824232081913,0.17145565275953478,1.045499146757679,V2,V2,,,49013,888832,V1_main,3.7683267704486565,V2,46880,540672,V2,3.9397824232081913,,
case_012,5,59088,18336,True,18336,342652,0,342652,110,True,official_reeval(package seeds),12351,True,12351,53656,0,53656,12,True,official_reeval,3.222513089005236,4.784066067524897,1.5615529785196611,1.4845761476803498,V2,V2,,,18336,342652,V1_main,3.222513089005236,V2,12351,53656,V2,4.784066067524897,,
case_013,5,263949,57919,True,57919,610304,0,610304,141,True,official_reeval(package seeds),54468,True,54468,32768,0,32768,0,True,official_reeval,4.5572092059600475,4.845946243666006,0.2887370377059586,1.0633583021223472,V2,V2,55786,no_shared_input,55786,217088,V1_supp57,4.731455920840355,V2,54468,32768,V2,4.845946243666006,217088,55786
case_014,5,17698626,5933799,True,5933799,115973780,63029856,52943924,3366,True,official_reeval(package seeds),3537471,True,3537471,54646176,35854752,18791424,12,True,official_reeval,2.982680404240184,5.00318617452977,2.0205057702895854,1.6774127618290016,V2,V2,5483286,no_shared_input,5483286,116062684,V1_supp57,3.227740810893322,V2,3537471,54646176,V2,5.00318617452977,116062684,5483286
case_015,5,177362,47896,True,47896,787800,0,787800,67,True,official_reeval(package seeds),37422,True,37422,372178,0,372178,6,True,official_reeval,3.703064974110573,4.739511517289295,1.0364465431787222,1.279888835444391,V2,V2,,,47896,787800,V1_main,3.703064974110573,V2,37422,372178,V2,4.739511517289295,,
case_016,5,7715523,7715523,True,7715523,0,0,0,0,True,official_reeval(package seeds),2242186,True,2242186,606908,0,606908,4271,True,official_reeval,1.0,3.441071793330259,2.441071793330259,3.441071793330259,V2,V2,,,7715523,0,V1_main,1.0,V2,2242186,606908,V2,3.441071793330259,,
case_017,5,162810,37290,True,37290,1053334,0,1053334,150,True,official_reeval(package seeds),31908,True,31908,322560,0,322560,0,True,official_reeval,4.3660498793242155,5.102482136141407,0.7364322568171913,1.1686724332455811,V2,V2,,,37290,1053334,V1_main,4.3660498793242155,V2,31908,322560,V2,5.102482136141407,,
case_018,5,1004367,253650,True,253650,6355444,0,6355444,678,True,official_reeval(package seeds),203149,True,203149,2555904,0,2555904,0,True,official_reeval,3.959657007687759,4.943991848347764,0.9843348406600052,1.2485909357171336,V2,V2,,,253650,6355444,V1_main,3.959657007687759,V2,203149,2555904,V2,4.943991848347764,,
case_019,5,81144,15900,True,15900,551360,0,551360,96,True,official_reeval(package seeds),14382,True,14382,499352,0,499352,98,True,official_reeval,5.103396226415095,5.642052565707134,0.5386563392920394,1.1055486024196912,V2,V2,,,15900,551360,V1_main,5.103396226415095,V2,14382,499352,V2,5.642052565707134,,
case_020,5,532746,109414,True,109414,311296,0,311296,31,True,official_reeval(package seeds),107726,True,107726,0,0,0,0,True,official_reeval,4.869084395049994,4.945379945417077,0.07629555036708346,1.0156693834357537,V2,V2,,,109414,311296,V1_main,4.869084395049994,V2,107726,0,V2,4.945379945417077,,
case_021,5,6567937,1641247,True,1641247,25939968,10889216,15050752,570,True,official_reeval(package seeds),1249068,True,1249068,11395072,1974272,9420800,0,True,official_reeval,4.001796804502917,5.2582701662359455,1.2564733617330281,1.3139773014759806,V2,V2,,,1641247,25939968,V1_main,4.001796804502917,V2,1249068,11395072,V2,5.2582701662359455,,
case_022,5,56780,14435,True,14435,408006,0,408006,151,True,official_reeval(package seeds),11810,True,11810,6912,0,6912,0,True,official_reeval,3.933494977485279,4.807790008467401,0.8742950309821218,1.2222692633361558,V2,V2,,,14435,408006,V1_main,3.933494977485279,V2,11810,6912,V2,4.807790008467401,,
case_023,5,122614,22742,True,22742,529284,0,529284,69,True,official_reeval(package seeds),25493,True,25493,305284,0,305284,1,True,official_reeval,5.391522293553777,4.809712470089829,-0.5818098234639484,0.8920880241634959,V1,V1,22715,cold_full,22715,562052,V1_supp57,5.397930882676645,V1,22715,562052,V1_supp57,5.397930882676645,562052,22715
case_024,5,2555343,2528073,True,2528073,4718784,2031616,2687168,65,True,official_reeval(package seeds),748498,True,748498,595484,0,595484,1415,True,official_reeval,1.0107868720563054,3.413961025947965,2.40317415389166,3.3775280628672353,V2,V2,,,2528073,4718784,V1_main,1.0107868720563054,V2,748498,595484,V2,3.413961025947965,,
case_025,5,4863026,1000532,True,1000532,18396672,4349952,14046720,1820,True,official_reeval(package seeds),975360,True,975360,110592,0,110592,0,True,official_reeval,4.86044024578924,4.985878034776903,0.12543778898766256,1.025807906824147,V2,V2,993410,no_shared_input,993410,18329088,V1_supp57,4.895285934307084,V2,975360,110592,V2,4.985878034776903,18329088,993410
case_026,5,99203,25218,True,25218,639396,0,639396,126,True,official_reeval(package seeds),38976,True,38976,1455244,81920,1373324,135,True,official_reeval,3.933817114759299,2.5452329638752054,-1.3885841508840935,0.6470135467980296,V1,V1,,,25218,639396,V1_main,3.933817114759299,V1,25218,639396,V1_main,3.933817114759299,,
case_027,5,2363952,560385,True,560385,2580480,0,2580480,15,True,official_reeval(package seeds),449751,True,449751,21239808,0,21239808,648,True,official_reeval,4.218442677801868,5.2561350614006415,1.037692383598773,1.24598944749428,V2,V2,,,560385,2580480,V1_main,4.218442677801868,V2,449751,21239808,V2,5.2561350614006415,,
case_028,5,43836040,10200165,True,10200165,261931944,251034024,10897920,273,True,official_reeval(package seeds),8280551,True,8280551,124546560,1388544,123158016,12213,True,official_reeval,4.297581460692057,5.29385544512678,0.9962739844347226,1.2318220128105002,V2,V2,,,10200165,261931944,V1_main,4.297581460692057,V2,8280551,124546560,V2,5.29385544512678,,
case_029,5,37555,11703,True,11703,190494,0,190494,33,True,official_reeval(package seeds),8364,True,8364,16406,0,16406,6,True,official_reeval,3.209006237716825,4.490076518412243,1.2810702806954182,1.3992109038737446,V2,V2,,,11703,190494,V1_main,3.209006237716825,V2,8364,16406,V2,4.490076518412243,,
case_030,5,2808034,867617,True,867617,25150240,1845248,23304992,2290,True,official_reeval(package seeds),564152,True,564152,2258944,687104,1571840,0,True,official_reeval,3.2364902946807175,4.977442249606489,1.7409519549257717,1.537913541031495,V2,V2,,,867617,25150240,V1_main,3.2364902946807175,V2,564152,2258944,V2,4.977442249606489,,
case_031,5,1414369,411444,True,411444,7365892,245760,7120132,736,True,official_reeval(package seeds),282234,True,282234,3973632,147456,3826176,0,True,official_reeval,3.4375735215484973,5.011334566352743,1.5737610448042458,1.4578116031378219,V2,V2,,,411444,7365892,V1_main,3.4375735215484973,V2,282234,3973632,V2,5.011334566352743,,
case_032,5,41443,12210,True,12210,369116,0,369116,162,True,official_reeval(package seeds),10733,True,10733,18440,0,18440,3,True,official_reeval,3.394185094185094,3.8612689835088045,0.46708388932371037,1.1376129693468742,V2,V2,,,12210,369116,V1_main,3.394185094185094,V2,10733,18440,V2,3.8612689835088045,,
case_033,5,1774196,411266,True,411266,9912920,0,9912920,323,True,official_reeval(package seeds),358218,True,358218,4704768,781824,3922944,0,True,official_reeval,4.313986568303726,4.952838774154286,0.6388522058505606,1.1480885940963323,V2,V2,,,411266,9912920,V1_main,4.313986568303726,V2,358218,4704768,V2,4.952838774154286,,
case_034,5,842996,261203,True,261203,7862504,49352,7813152,863,True,official_reeval(package seeds),162533,True,162533,3100672,0,3100672,0,True,official_reeval,3.2273595632515706,5.186614410611999,1.9592548473604285,1.607076716728295,V2,V2,,,261203,7862504,V1_main,3.2273595632515706,V2,162533,3100672,V2,5.186614410611999,,
case_035,5,169571,118653,True,118653,527874,0,527874,141,True,official_reeval(package seeds),60238,True,60238,687842,0,687842,405,True,official_reeval,1.4291336923634463,2.815017098841263,1.3858834064778165,1.9697367110461834,V2,V2,,,118653,527874,V1_main,1.4291336923634463,V2,60238,687842,V2,2.815017098841263,,
case_036,5,931510,189338,True,189338,201216,0,201216,16,True,official_reeval(package seeds),187182,True,187182,4608,0,4608,0,True,official_reeval,4.919825919783667,4.976493466252097,0.05666754646842964,1.0115182015364725,V2,V2,,,189338,201216,V1_main,4.919825919783667,V2,187182,4608,V2,4.976493466252097,,
case_037,5,210001,53950,True,53950,2310144,0,2310144,257,True,official_reeval(package seeds),43013,True,43013,819200,0,819200,0,True,official_reeval,3.8925115848007414,4.882268151489085,0.9897565666883437,1.2542719642898659,V2,V2,,,53950,2310144,V1_main,3.8925115848007414,V2,43013,819200,V2,4.882268151489085,,
case_038,5,1364555,333425,True,333425,7305924,0,7305924,1282,True,official_reeval(package seeds),276035,True,276035,6779904,0,6779904,0,True,official_reeval,4.092539551623304,4.943412972992555,0.8508734213692515,1.2079084174108357,V2,V2,,,333425,7305924,V1_main,4.092539551623304,V2,276035,6779904,V2,4.943412972992555,,
case_039,5,1435262,421348,True,421348,14503936,409600,14094336,876,True,official_reeval(package seeds),327297,True,327297,8065024,3706880,4358144,0,True,official_reeval,3.4063576900804087,4.385197542293391,0.9788398522129826,1.2873567432637636,V2,V2,,,421348,14503936,V1_main,3.4063576900804087,V2,327297,8065024,V2,4.385197542293391,,
case_040,5,253454,114730,True,114730,401480,0,401480,59,True,official_reeval(package seeds),107551,True,107551,2992794,237578,2755216,575,True,official_reeval,2.2091344896714022,2.3565936160519194,0.14745912638051717,1.0667497280360014,V2,V2,,,114730,401480,V1_main,2.2091344896714022,V2,107551,2992794,V2,2.3565936160519194,,
case_041,5,6003957,2070809,True,2070809,27462308,10132480,17329828,739,True,official_reeval(package seeds),1196457,True,1196457,16516100,6653952,9862148,21,True,official_reeval,2.899329199361216,5.0181134800498475,2.1187842806886317,1.7307843073340705,V2,V2,,,2070809,27462308,V1_main,2.899329199361216,V2,1196457,16516100,V2,5.0181134800498475,,
case_042,5,1686740,481100,True,481100,17517672,0,17517672,1661,True,official_reeval(package seeds),339578,True,339578,4184064,651264,3532800,0,True,official_reeval,3.5060070671378094,4.967165128483,1.4611580613451904,1.416758447249233,V2,V2,467851,no_memory_priority,467851,17534060,V1_supp57,3.6052931381999826,V2,339578,4184064,V2,4.967165128483,17534060,467851
case_043,5,677656,366330,True,366330,4059892,0,4059892,1091,True,official_reeval(package seeds),200001,True,200001,5505312,0,5505312,1169,True,official_reeval,1.8498512270357328,3.3882630586847067,1.5384118316489739,1.831640841795791,V2,V2,362825,no_dual_pipe,362825,5244444,V1_supp57,1.8677213532694825,V2,200001,5505312,V2,3.3882630586847067,5244444,362825
case_044,5,154407,43151,True,43151,423328,0,423328,138,True,official_reeval(package seeds),43967,True,43967,93792,0,93792,72,True,official_reeval,3.5782948251488955,3.511883912934701,-0.0664109122141947,0.9814406259239884,V1,V1,,,43151,423328,V1_main,3.5782948251488955,V1,43151,423328,V1_main,3.5782948251488955,,
case_045,5,125614,26235,True,26235,372736,0,372736,38,True,official_reeval(package seeds),25860,True,25860,0,0,0,0,True,official_reeval,4.788031255955784,4.857463263727765,0.06943200777198122,1.0145011600928073,V2,V2,,,26235,372736,V1_main,4.788031255955784,V2,25860,0,V2,4.857463263727765,,
case_046,5,276455,73761,True,73761,2184128,0,2184128,42,True,official_reeval(package seeds),78523,True,78523,2881920,0,2881920,20,True,official_reeval,3.747983351635688,3.5206882060033364,-0.22729514563235176,0.9393553481145651,V1,V1,,,73761,2184128,V1_main,3.747983351635688,V1,73761,2184128,V1_main,3.747983351635688,,
case_047,5,326508,291798,True,291798,584658,0,584658,732,True,official_reeval(package seeds),99915,True,99915,1966040,0,1966040,1608,True,official_reeval,1.1189521518310612,3.267857679027173,2.1489055271961117,2.920462393034079,V2,V2,,,291798,584658,V1_main,1.1189521518310612,V2,99915,1966040,V2,3.267857679027173,,
case_048,5,222220,186427,True,186427,232402,0,232402,83,True,official_reeval(package seeds),96482,True,96482,864276,0,864276,336,True,official_reeval,1.1919947217945899,2.3032275450343067,1.1112328232397168,1.9322464293857922,V2,V2,,,186427,232402,V1_main,1.1919947217945899,V2,96482,864276,V2,2.3032275450343067,,
case_049,5,196276,148794,True,148794,598446,0,598446,291,True,official_reeval(package seeds),60878,True,60878,925928,0,925928,503,True,official_reeval,1.3191123297982446,3.224087519300897,1.9049751895026523,2.4441341699793027,V2,V2,,,148794,598446,V1_main,1.3191123297982446,V2,60878,925928,V2,3.224087519300897,,
case_050,5,149690,103787,True,103787,1053040,0,1053040,441,True,official_reeval(package seeds),44764,True,44764,717736,0,717736,481,True,official_reeval,1.4422808251515122,3.3439817710660353,1.901700945914523,2.3185372174068446,V2,V2,,,103787,1053040,V1_main,1.4422808251515122,V2,44764,717736,V2,3.3439817710660353,,
case_051,5,607628,285519,True,285519,6521952,0,6521952,374,True,official_reeval(package seeds),184729,True,184729,591172,0,591172,337,True,official_reeval,2.1281525922968347,3.2892940469552694,1.1611414546584347,1.545610055811486,V2,V2,,,285519,6521952,V1_main,2.1281525922968347,V2,184729,591172,V2,3.2892940469552694,,
case_052,5,180301,44046,True,44046,1247254,0,1247254,135,True,official_reeval(package seeds),37894,True,37894,324096,0,324096,0,True,official_reeval,4.093470462698089,4.758035572913918,0.664565110215829,1.1623476012033567,V2,V2,,,44046,1247254,V1_main,4.093470462698089,V2,37894,324096,V2,4.758035572913918,,
case_053,5,1472686,526311,True,526311,7623144,3615680,4007464,274,True,official_reeval(package seeds),389130,True,389130,11114576,3412704,7701872,1014,True,official_reeval,2.798128862972653,3.784560429676458,0.9864315667038048,1.3525325726620923,V2,V2,,,526311,7623144,V1_main,2.798128862972653,V2,389130,11114576,V2,3.784560429676458,,
case_054,5,815051,482148,True,482148,3293580,97792,3195788,1234,True,official_reeval(package seeds),224433,True,224433,3844768,0,3844768,1634,True,official_reeval,1.6904581165949044,3.6316005222048453,1.941142405609941,2.1482937001243134,V2,V2,,,482148,3293580,V1_main,1.6904581165949044,V2,224433,3844768,V2,3.6316005222048453,,
case_055,5,118835,32306,True,32306,626516,0,626516,70,True,official_reeval(package seeds),21601,True,21601,173568,0,173568,0,True,official_reeval,3.678418869559834,5.50136567751493,1.8229468079550961,1.495578908383871,V2,V2,,,32306,626516,V1_main,3.678418869559834,V2,21601,173568,V2,5.50136567751493,,
case_056,5,277285,244757,True,244757,688236,0,688236,415,True,official_reeval(package seeds),82815,True,82815,1491462,0,1491462,914,True,official_reeval,1.1328991612088726,3.348246090684055,2.2153469294751824,2.9554670047696674,V2,V2,,,244757,688236,V1_main,1.1328991612088726,V2,82815,1491462,V2,3.348246090684055,,
case_057,5,59726,19904,True,19904,734864,0,734864,123,True,official_reeval(package seeds),14347,True,14347,0,0,0,0,True,official_reeval,3.000703376205788,4.1629608977486585,1.1622575215428705,1.3873283613298948,V2,V2,,,19904,734864,V1_main,3.000703376205788,V2,14347,0,V2,4.1629608977486585,,
case_058,5,4539717,1158064,True,1158064,38768640,15609856,23158784,601,True,official_reeval(package seeds),948121,True,948121,30142464,20951040,9191424,0,True,official_reeval,3.9200916356954365,4.788119870775987,0.8680282350805508,1.221430597993294,V2,V2,,,1158064,38768640,V1_main,3.9200916356954365,V2,948121,30142464,V2,4.788119870775987,,
case_059,5,829473,205018,True,205018,7708672,0,7708672,613,True,official_reeval(package seeds),150736,True,150736,1576960,0,1576960,0,True,official_reeval,4.045854510335678,5.502819498991615,1.4569649886559368,1.3601130453242756,V2,V2,,,205018,7708672,V1_main,4.045854510335678,V2,150736,1576960,V2,5.502819498991615,,
case_060,5,888789,265535,True,265535,6685372,90120,6595252,1045,True,official_reeval(package seeds),172689,True,172689,2856960,122880,2734080,0,True,official_reeval,3.3471632741446515,5.146760940187273,1.7995976660426218,1.5376486052962262,V2,V2,,,265535,6685372,V1_main,3.3471632741446515,V2,172689,2856960,V2,5.146760940187273,,
case_061,5,77191,20489,True,20489,584208,0,584208,167,True,official_reeval(package seeds),20879,True,20879,222824,0,222824,46,True,official_reeval,3.767436185270145,3.6970640356338906,-0.07037214963625438,0.9813209444896787,V1,V1,,,20489,584208,V1_main,3.767436185270145,V1,20489,584208,V1_main,3.767436185270145,,
case_062,5,2854809,576672,True,576672,823296,0,823296,220,True,official_reeval(package seeds),604983,True,604983,2617344,0,2617344,846,True,official_reeval,4.950490053271183,4.718825157070529,-0.23166489620065445,0.9532036437387497,V1,V1,,,576672,823296,V1_main,4.950490053271183,V1,576672,823296,V1_main,4.950490053271183,,
case_063,5,1070397,217915,True,217915,297984,0,297984,97,True,official_reeval(package seeds),226140,True,226140,976896,0,976896,318,True,official_reeval,4.911993208361058,4.733337755372778,-0.17865545298827978,0.9636287255682321,V1,V1,,,217915,297984,V1_main,4.911993208361058,V1,217915,297984,V1_main,4.911993208361058,,
case_064,5,19116,15607,True,15607,28966,0,28966,43,True,official_reeval(package seeds),8135,True,8135,105618,0,105618,116,True,official_reeval,1.2248350099314411,2.3498463429625076,1.1250113330310665,1.918500307314075,V2,V2,,,15607,28966,V1_main,1.2248350099314411,V2,8135,105618,V2,2.3498463429625076,,
case_065,5,53068,12936,True,12936,299424,0,299424,61,True,official_reeval(package seeds),10623,True,10623,55296,0,55296,0,True,official_reeval,4.10235003092146,4.995575637767109,0.8932256068456494,1.2177351030782264,V2,V2,,,12936,299424,V1_main,4.10235003092146,V2,10623,55296,V2,4.995575637767109,,
case_066,5,359070,151932,True,151932,1272378,0,1272378,234,True,official_reeval(package seeds),105103,True,105103,2356272,0,2356272,650,True,official_reeval,2.3633599241766055,3.4163629962988686,1.0530030721222632,1.4455534095125733,V2,V2,,,151932,1272378,V1_main,2.3633599241766055,V2,105103,2356272,V2,3.4163629962988686,,
case_067,5,63834834,13689832,True,13689832,268888576,247438336,21450240,364,True,official_reeval(package seeds),11980245,True,11980245,83254784,229376,83025408,5441,True,official_reeval,4.662937719031176,5.328341281835221,0.6654035628040447,1.142700504038106,V2,V2,,,13689832,268888576,V1_main,4.662937719031176,V2,11980245,83254784,V2,5.328341281835221,,
case_068,5,362095,231060,True,231060,1475174,0,1475174,462,True,official_reeval(package seeds),118362,True,118362,2892320,0,2892320,717,True,official_reeval,1.5671037825672984,3.0592166404758285,1.49211285790853,1.9521468038728647,V2,V2,,,231060,1475174,V1_main,1.5671037825672984,V2,118362,2892320,V2,3.0592166404758285,,
case_069,5,25144,12554,True,12554,322798,0,322798,153,True,official_reeval(package seeds),10806,True,10806,350220,0,350220,115,True,official_reeval,2.0028676119165207,2.3268554506755508,0.32398783875903003,1.161761984082917,V2,V2,,,12554,322798,V1_main,2.0028676119165207,V2,10806,350220,V2,2.3268554506755508,,
case_070,5,117300,29486,True,29486,895416,0,895416,128,True,official_reeval(package seeds),25289,True,25289,269342,0,269342,10,True,official_reeval,3.9781591263650546,4.638380323460793,0.6602211970957383,1.1659614852307327,V2,V2,,,29486,895416,V1_main,3.9781591263650546,V2,25289,269342,V2,4.638380323460793,,
case_071,5,18919,10255,True,10255,183754,0,183754,106,True,official_reeval(package seeds),7751,True,7751,283056,0,283056,92,True,official_reeval,1.844856167723062,2.4408463424074314,0.5959901746843694,1.3230550896658495,V2,V2,,,10255,183754,V1_main,1.844856167723062,V2,7751,283056,V2,2.4408463424074314,,
case_072,5,23897828,5136962,True,5136962,175867414,54090184,121777230,5784,True,official_reeval(package seeds),4812412,True,4812412,104296496,72388656,31907840,16,True,official_reeval,4.652132525021599,4.965873246097798,0.31374072107619977,1.067440194231084,V2,V2,,,5136962,175867414,V1_main,4.652132525021599,V2,4812412,104296496,V2,4.965873246097798,,
case_073,5,10081626,3020143,True,3020143,137874688,122450176,15424512,137,True,official_reeval(package seeds),1766730,True,1766730,21983744,0,21983744,2342,True,official_reeval,3.3381286912573347,5.706376186514069,2.368247495256734,1.709453623360672,V2,V2,2991480,no_shared_input,2991480,137480192,V1_supp57,3.370113121264391,V2,1766730,21983744,V2,5.706376186514069,137480192,2991480
case_074,5,1682239,443516,True,443516,13128094,0,13128094,1169,True,official_reeval(package seeds),332650,True,332650,5320704,487424,4833280,0,True,official_reeval,3.792961246042984,5.057084022245603,1.2641227762026195,1.3332812265143543,V2,V2,,,443516,13128094,V1_main,3.792961246042984,V2,332650,5320704,V2,5.057084022245603,,
case_075,5,1441809,1146885,True,1146885,1738388,0,1738388,454,True,official_reeval(package seeds),387938,True,387938,12093336,0,12093336,3239,True,official_reeval,1.2571521992178816,3.716596466445669,2.459444267227788,2.956361583552011,V2,V2,,,1146885,1738388,V1_main,1.2571521992178816,V2,387938,12093336,V2,3.716596466445669,,
case_076,5,6185113,1688893,True,1688893,51807640,16979968,34827672,3679,True,official_reeval(package seeds),1261918,True,1261918,19265540,9519104,9746436,2,True,official_reeval,3.6622290458898226,4.901358883857747,1.2391298379679245,1.3383539976448549,V2,V2,,,1688893,51807640,V1_main,3.6622290458898226,V2,1261918,19265540,V2,4.901358883857747,,
case_077,5,495320,154637,True,154637,1936752,0,1936752,240,True,official_reeval(package seeds),115927,True,115927,172032,0,172032,0,True,official_reeval,3.2031143904757595,4.27268884729183,1.0695744568160706,1.3339170339955317,V2,V2,,,154637,1936752,V1_main,3.2031143904757595,V2,115927,172032,V2,4.27268884729183,,
case_078,5,2296143,476288,True,476288,10563072,0,10563072,310,True,official_reeval(package seeds),477234,True,477234,14096640,0,14096640,575,True,official_reeval,4.820912977022306,4.811356692943084,-0.009556284079221378,0.9980177439159825,V1,V1,,,476288,10563072,V1_main,4.820912977022306,V1,476288,10563072,V1_main,4.820912977022306,,
case_079,5,31052251,8694651,True,8694651,209176576,62613504,146563072,5851,True,official_reeval(package seeds),6046572,True,6046572,45471744,22069248,23402496,42,True,official_reeval,3.5714200604486597,5.135513312336312,1.5640932518876522,1.4379471541891835,V2,V2,,,8694651,209176576,V1_main,3.5714200604486597,V2,6046572,45471744,V2,5.135513312336312,,
case_080,5,292138,89805,True,89805,2985984,0,2985984,333,True,official_reeval(package seeds),83701,True,83701,2031616,0,2031616,0,True,official_reeval,3.2530260007794665,3.490256986176987,0.23723098539752074,1.0729262493877014,V2,V2,,,89805,2985984,V1_main,3.2530260007794665,V2,83701,2031616,V2,3.490256986176987,,
case_081,5,151795,39405,True,39405,552960,0,552960,72,True,official_reeval(package seeds),30943,True,30943,0,0,0,0,True,official_reeval,3.8521761197817534,4.905632937982743,1.0534568182009894,1.2734705749280937,V2,V2,,,39405,552960,V1_main,3.8521761197817534,V2,30943,0,V2,4.905632937982743,,
case_082,5,721041,350685,True,350685,3129130,0,3129130,886,True,official_reeval(package seeds),200922,True,200922,2919832,0,2919832,616,True,official_reeval,2.0560930749818214,3.588661271538209,1.5325681965563875,1.7453788037148745,V2,V2,,,350685,3129130,V1_main,2.0560930749818214,V2,200922,2919832,V2,3.588661271538209,,
case_083,5,1057993,212668,True,212668,5991808,0,5991808,357,True,official_reeval(package seeds),258782,True,258782,5261024,0,5261024,715,True,official_reeval,4.974857524404236,4.088356222612083,-0.886501301792153,0.8218036803177965,V1,V1,,,212668,5991808,V1_main,4.974857524404236,V1,212668,5991808,V1_main,4.974857524404236,,
case_084,5,2507412,479208,True,479208,1880064,0,1880064,204,True,official_reeval(package seeds),384094,True,384094,8939520,8921088,18432,2,True,official_reeval,5.23240847398207,6.52812072044864,1.2957122464665698,1.2476320900612872,V2,V2,,,479208,1880064,V1_main,5.23240847398207,V2,384094,8939520,V2,6.52812072044864,,
case_085,5,3187899,2503042,True,2503042,6416214,268864,6147350,1776,True,official_reeval(package seeds),840985,True,840985,10661528,0,10661528,2273,True,official_reeval,1.2736098715083486,3.7906728419650766,2.517062970456728,2.9763218131120057,V2,V2,,,2503042,6416214,V1_main,1.2736098715083486,V2,840985,10661528,V2,3.7906728419650766,,
case_086,5,118403,71414,True,71414,1362968,0,1362968,685,True,official_reeval(package seeds),42472,True,42472,1685430,0,1685430,601,True,official_reeval,1.6579802279665052,2.7877896025616877,1.1298093745951825,1.6814371821435299,V2,V2,,,71414,1362968,V1_main,1.6579802279665052,V2,42472,1685430,V2,2.7877896025616877,,
case_087,5,3974071,1764699,True,1764699,25418904,2110464,23308440,3280,True,official_reeval(package seeds),807277,True,807277,9460228,3644928,5815300,22,True,official_reeval,2.2519823493978293,4.922809642786801,2.6708272933889714,2.185989443524342,V2,V2,,,1764699,25418904,V1_main,2.2519823493978293,V2,807277,9460228,V2,4.922809642786801,,
case_088,5,243623,121018,True,121018,1426080,0,1426080,382,True,official_reeval(package seeds),82140,True,82140,2076544,0,2076544,454,True,official_reeval,2.0131137516733046,2.965948380813246,0.9528346291399412,1.4733138543949356,V2,V2,,,121018,1426080,V1_main,2.0131137516733046,V2,82140,2076544,V2,2.965948380813246,,
case_089,5,693092,140773,True,140773,1430016,0,1430016,58,True,official_reeval(package seeds),135556,True,135556,954880,0,954880,0,True,official_reeval,4.923472540899178,5.1129570066983385,0.18948446579916034,1.0384859393903627,V2,V2,,,140773,1430016,V1_main,4.923472540899178,V2,135556,954880,V2,5.1129570066983385,,
case_090,5,1178363,268939,True,268939,7909536,0,7909536,463,True,official_reeval(package seeds),282184,True,282184,8270424,0,8270424,784,True,official_reeval,4.381525178572092,4.175867519065574,-0.20565765950651826,0.9530625407535509,V1,V1,,,268939,7909536,V1_main,4.381525178572092,V1,268939,7909536,V1_main,4.381525178572092,,
case_091,5,9186769,2432633,True,2432633,77110436,15358112,61752324,9845,True,official_reeval(package seeds),1876884,True,1876884,39116928,31856256,7260672,0,True,official_reeval,3.7764714200621303,4.894691946865123,1.1182205268029928,1.2961019434339043,V2,V2,,,2432633,77110436,V1_main,3.7764714200621303,V2,1876884,39116928,V2,4.894691946865123,,
case_092,5,4815554,1382688,True,1382688,48202016,43624960,4577056,318,True,official_reeval(package seeds),964953,True,964953,21855712,147456,21708256,3016,True,official_reeval,3.4827480964613855,4.9904544573673535,1.507706360905968,1.4329070949569565,V2,V2,,,1382688,48202016,V1_main,3.4827480964613855,V2,964953,21855712,V2,4.9904544573673535,,
case_093,5,74205,21505,True,21505,237568,0,237568,52,True,official_reeval(package seeds),15876,True,15876,32768,0,32768,0,True,official_reeval,3.450592885375494,4.674036281179139,1.2234433958036446,1.3545603426555808,V2,V2,17831,no_shared_input,17831,221184,V1_supp57,4.1615725422017835,V2,15876,32768,V2,4.674036281179139,221184,17831
case_094,5,94892,22408,True,22408,680484,0,680484,72,True,official_reeval(package seeds),19455,True,19455,251392,0,251392,9,True,official_reeval,4.23473759371653,4.877512207658699,0.6427746139421693,1.151786173220252,V2,V2,,,22408,680484,V1_main,4.23473759371653,V2,19455,251392,V2,4.877512207658699,,
case_095,5,2084853,406932,True,406932,3280896,0,3280896,89,True,official_reeval(package seeds),417954,True,417954,73728,0,73728,2,True,official_reeval,5.123344932322845,4.98823554745259,-0.1351093848702547,0.9736286768400351,V1,V1,,,406932,3280896,V1_main,5.123344932322845,V1,406932,3280896,V1_main,5.123344932322845,,
case_096,5,84194,18712,True,18712,711296,0,711296,169,True,official_reeval(package seeds),22604,True,22604,707224,0,707224,166,True,official_reeval,4.499465583582728,3.724738984250575,-0.7747265993321526,0.8278180852946381,V1,V1,,,18712,711296,V1_main,4.499465583582728,V1,18712,711296,V1_main,4.499465583582728,,
case_097,5,11491509,3059379,True,3059379,46796800,0,46796800,1635,True,official_reeval(package seeds),2065557,True,2065557,93175808,0,93175808,3098,True,official_reeval,3.75615737703632,5.563394764705113,1.8072373876687933,1.4811399540172456,V2,V2,,,3059379,46796800,V1_main,3.75615737703632,V2,2065557,93175808,V2,5.563394764705113,,
case_098,5,177430,48497,True,48497,1557528,0,1557528,262,True,official_reeval(package seeds),60739,True,60739,1433006,290816,1142190,171,True,official_reeval,3.6585768191846917,2.9211873754918587,-0.737389443692833,0.7984491018949933,V1,V1,,,48497,1557528,V1_main,3.6585768191846917,V1,48497,1557528,V1_main,3.6585768191846917,,
case_099,5,1622999,411763,True,411763,10250128,0,10250128,2035,True,official_reeval(package seeds),334806,True,334806,4718592,1769472,2949120,0,True,official_reeval,3.941585329424936,4.847580389837697,0.9059950604127609,1.2298554984080332,V2,V2,,,411763,10250128,V1_main,3.941585329424936,V2,334806,4718592,V2,4.847580389837697,,
case_100,5,151223,45237,True,45237,717150,0,717150,165,True,official_reeval(package seeds),46417,True,46417,1576642,8192,1568450,312,True,official_reeval,3.342905144019276,3.2579227438223066,-0.08498240019696945,0.9745782795096624,V1,V1,,,45237,717150,V1_main,3.342905144019276,V1,45237,717150,V1_main,3.342905144019276,,
