problem,case,cores,source,makespan,added_copy_bytes,speedup,official_record,plan_sha256
1,case_001,2,V2,116868,1152,1.9946435294520313,v2_p1,c555a2513526677cee69cd85c1d0629b5f9ee446979888c4c5f36ec4a59dcdc9
1,case_001,3,V2,78545,2304,2.9678528232223567,v2_p1,de7ebfc53441c2dbea98afe715478471af91c7339f71de3e719e6046c86752a2
1,case_001,4,V2,58984,3456,3.952088702020887,v2_p1,869cb369b6dcbfdf2b8c3a2d2baa1b007681877bc572e51e60a9d45e6c8993f4
1,case_001,5,V2,47502,4608,4.9073723211654245,v2_p1,ba539c68a02183592d4fd172fd5871a983a87afc33a60354f93c42a5f6c3262e
1,case_002,2,V2,136357,5614080,1.9210234898098375,v2_p1,58577a3a0d953c399dd2bd7457cf796ea7d2765367a1177e5033942bf62baf61
1,case_002,3,V2,97360,857088,2.69047863599014,v2_p1,7b8e63e749b959d1ed08f7ef9ea69e8ea3f00d5b075326bd4f0b2813731ff8ab
1,case_002,4,V2,74247,761856,3.528021334195321,v2_p1,b1e56d74ccd5a99a49e7a2c61641af4cd5988e13010d7066b89394099e513397
1,case_002,5,V2,62955,500736,4.160829163688349,v2_p1,4fe44c7701ded92622e3da8503865086f1ef2db2fa0224f60c4d24e53b85cdae
1,case_003,2,V2,370859,6737114,1.6238300809741708,v2_p1,349165218fd1b7d6cc63a5100d746c93b2c50b1ecf4f5d7b12691873ecfac826
1,case_003,3,V2,281467,7240138,2.1395474425065815,v2_p1,3c7116f2a03b78d3cec1391b3b17de4d8df2b9ff932af956918c89adf465332d
1,case_003,4,V2,235708,7043394,2.554906918729954,v2_p1,7ea65bc8108aa2c183feaf29d97fedb5ad3d7ad7bb90cc652ec452defe4eaa7c
1,case_003,5,V2,222886,7738016,2.701883474062974,v2_p1,d935f3ed10a7733951e84fc14d4f6359a7f36037f6f3bb21045a33341f85eb4f
1,case_004,2,V2,199074,110592,1.9709103147573264,v2_p1,43737743f627a0e3b32f8d152d54404685d2a07bf97094f1b2312a4a097147eb
1,case_004,3,V2,134043,221184,2.927098020784375,v2_p1,bd8fa819378c11c86fdf9597f7681108042988e55f07b5f0029b21e9fb904e7b
1,case_004,4,V2,104188,331776,3.765855952700887,v2_p1,68bed1a3d3744ba412b727a597bf620165013bd4488dafb45b926fa1cf27b053
1,case_004,5,V2,88497,442368,4.433562719640213,v2_p1,655ad02023ee148e56f2ff85f467042c861348640e116e81454af47edad73a4f
1,case_005,2,V2,72981,1374260,1.3101766213123964,v2_p1,7cfe6d7b7b56245eaa6a6f9b1e657dd813e6e5d9920331aabb82015e257eaac0
1,case_005,3,V2,54105,1428886,1.7672673505221328,v2_p1,4f711fde9b1133d5e989317f3013151202ac086722a46350fb5d754be7ae104f
1,case_005,4,V2,50203,1956274,1.9046272135131366,v2_p1,de07edfa5f2f98144c592ad0325f780b23fe913827850e4e8a8a3305616858b7
1,case_005,5,V2,50203,1956274,1.9046272135131366,v2_p1,483738e29126876fafef343dfb5a707c635ab83b76e4ccdd976b7abc66c40273
1,case_006,2,V2,43057,61960,1.923891585572613,v2_p1,f5b301286d26abe0074e19a6277164c8c9be4079d2825f63962b7ce797210570
1,case_006,3,V2,31151,3456,2.6592083721228854,v2_p1,7c20030fa938a58fcdc4470137a33a456e194198d2c189c5ab9097ce5ec05122
1,case_006,4,V2,31151,3456,2.6592083721228854,v2_p1,0f1ca3673b5ca5a02d9484860f5c960a45028060d543171e6334fecb71f3905e
1,case_006,5,V1_main,31097,1019780,2.6638260925491206,v1_p1,53f9cc2d84a5fc4e71c8b12f86d7559419c7c76f84f912cadfa42fb434499bcf
1,case_007,2,V2,507494,27648,1.9952196479170197,v2_p1,ca8b4509e489d56f2f1d519f2b004ecaee805ce1c3612575053297df843e9d86
1,case_007,3,V2,338094,55296,2.994912657426633,v2_p1,738af6f8ac9ad69da04b8fc50426f8260c6552b415e4d9a3cc501e59987ef0b1
1,case_007,4,V2,254398,82944,3.980227831979811,v2_p1,0d507d8a568f22c0ea58f1bd656062fcd6eb8f7422f5eb19e5441ba2f68e60f2
1,case_007,5,V2,203834,110592,4.967581463347626,v2_p1,f4088d9256137079e1cd179d1e6337bade9cce82541f9128a86c853fd18df1d1
1,case_008,2,V2,137478,3981312,3.546785667524986,v2_p1,adcf5f4e8d9127ba19de35a7e8cedbf1ed785b82d4107011c39b924f99ad33ea
1,case_008,3,V2,113080,3981312,4.312035726918995,v2_p1,7c17f6005b5f9112167b7f6176c5c32fee56f302b21b14d07bfecff5700b1343
1,case_008,4,V2,112880,3981312,4.3196757618710135,v2_p1,3957dfc55136191edad0e0688111cd16a2b31477f07726f014d5f8b793bcf1a5
1,case_008,5,V2,100603,0,4.846823653370178,v2_p1,960cd73d1b9c3856c5f9b9a24c4f39722a56d8b40c5d009f3d7b9bce2bc5f8d4
1,case_009,2,V2,92198,0,1.66230286991041,v2_p1,0c744c5c54c720115c1bf5754f4b1a0ff7c9c5bb3643cd82ccdae9aeed498252
1,case_009,3,V2,84543,1212204,1.8128171463042475,v2_p1,01d40e19943928647b7661aab1486031b6c501c695a2a7af97a0d941e597fef1
1,case_009,4,V2,75726,1384372,2.0238887568338484,v2_p1,4672b4ab6c773629903c2cecee52409c2dc2bb511e458049a7844ff2e4358a51
1,case_009,5,V2,70899,1627082,2.1616807007151015,v2_p1,1160d0fc676b4c0fb828072c22493977c0cd5adb5b49c0b43894bdcf7b85c718
1,case_010,2,V2,42513,795296,2.045703667113589,v2_p1,2b78f55e0cf57283c74a8c3487ff2d3ffc67ff4d36dc1362b42fe4f79448a861
1,case_010,3,V2,32578,180864,2.669562281294125,v2_p1,27e96fbd5e03e2e8435cabb53354c373a5d9314635d93f3da59475af28245e73
1,case_010,4,V2,29611,65664,2.9370504204518593,v2_p1,c6f40d8eb6d436feef5268a9e7c9a7b0cc857ccbfeb440109a6c516ee87efe66
1,case_010,5,V2,29611,65664,2.9370504204518593,v2_p1,d8e74b60160f429d8a8199a05f262ab05d36eff38b42d637c61d779bbea98cde
1,case_011,2,V2,92646,180224,1.9935777043801135,v2_p1,337bfa3cc62df1d2538eb7c1cd5b660554e80ce0c98838c434dfe6c1f6538500
1,case_011,3,V2,62631,903168,2.9489709568743914,v2_p1,68a9ee8ffc1acc79f05a02ea8e0e3e1038721e80265ff29cff602911c9b8904b
1,case_011,4,V2,46880,540672,3.9397824232081913,v2_p1,78d70b9190e58ec806ccca400495ac8fed30c0c595abc49683fc6e33aca54c73
1,case_011,5,V2,46880,540672,3.9397824232081913,v2_p1,d09567e7d726b53628f28288b05a9e5d3e7b48d022d222a39a80640b7d094638
1,case_012,2,V2,30606,25920,1.9306018427759264,v2_p1,cef4aa5b67b661d4b015fadd733f2febb442a91a730f4fb1e9073d79ca34d270
1,case_012,3,V2,21158,9216,2.7927025238680403,v2_p1,ce8b998e0e70a84a874af3042ee04467970f5944068eebf86fe428aaf85583d9
1,case_012,4,V2,16613,40914,3.5567326792271112,v2_p1,387cbba9394e9faa0435271eb69d50c0553e4649b584fc2296b26708d51f6934
1,case_012,5,V2,13794,58200,4.283601565898216,v2_p1,c48bff0b740b08a7f4411206c8b89e69017f3c5198e7a92d4c4c5226100ac00c
1,case_013,2,V2,132198,8192,1.9966187083011846,v2_p1,708396dea63a3a8d0a440feb3286502542a5c7d6a914f56b8a61de1e406fbe96
1,case_013,3,V2,88351,16384,2.98750438591527,v2_p1,6e010a07687918f4db6d856957ec82651a0d3a6624c9a08df1019ae49777df48
1,case_013,4,V2,67017,24576,3.9385379828998612,v2_p1,ba57eac9ddfb98425d77de1d049195f97e2b7e1cfda8ba8cf7bb2d3a595ac618
1,case_013,5,V2,54468,32768,4.845946243666006,v2_p1,f69cb4fac3bf3b4fc03452ae843857e6b32e13c26bdffc72c518d19b2cd03ac3
1,case_014,2,V2,8761285,60478368,2.020094769203376,v2_p1,6e970e885ef41330731ffc66a48345a56a36ce3afbd8291e9b0ec1d327ddf127
1,case_014,3,V2,5853188,67243840,3.0237583347741435,v2_p1,342f54e78454a7cd36073e8477303a8dabcf7e6929752fe25d9457be6ddf0514
1,case_014,4,V2,4407313,56332960,4.015740656495239,v2_p1,b8fc87e762598c552bead7dec61517637ae20ae56fcd78f42d9ef363d366adf3
1,case_014,5,V2,3523383,55237536,5.0231910638156565,v2_p1,e2e84903d937aa66728e293571013598a83fb906cc03bbb6119bfc13f3f79f34
1,case_015,2,V2,90201,180240,1.9662974911586346,v2_p1,a55be622fbbf2f62358c9f494474c3e69726fe87fe9da807300034e9fc6d95c1
1,case_015,3,V2,59585,623808,2.976621632961316,v2_p1,2b8a8a76b5781f975a223a0225d85db9d1013b12eaeae9435e4aa5c4071486c1
1,case_015,4,V2,48350,835968,3.6682936918304034,v2_p1,7d4fd869db1ee6ff0722ccf1c95d11de7e97025cf8ab37b9687fd586ee368d2e
1,case_015,5,V2,39096,379090,4.536576631880499,v2_p1,fb0470fd3be71090b6b7327687d725a7d35ed19d81ac3d57ac0adea0f2711b00
1,case_016,2,V2,5927539,178804716,1.3016401916545803,v2_p1,d7ac98a0183b117ef62d71008cac1672d0d71205593676cddf0d6ea00d1b4fbc
1,case_016,3,V2,5174542,178941220,1.491054280746006,v2_p1,6635525f015c2d8abc4a6653e0aaf93dafc0cc11a6fa2d69fdc79cf998ac2869
1,case_016,4,V2,4463893,179071776,1.7284291984597302,v2_p1,6fdf98bcb08fcd2686d0dcc447d397d02c3ca290b4cf7d1d3329dab3a75c8fc6
1,case_016,5,V2,4206296,179072372,1.8342796132274095,v2_p1,7bfe9d1012265b308bdb99fb5d6a311f5c382dfe8629bb9b499ed82ac82db994
1,case_017,2,V2,78762,82944,2.067113582692161,v2_p1,e130de0b1a5655adc719162d101b3704f1e2b5844c49049b1ab05770fdab2290
1,case_017,3,V2,54715,194304,2.975600840720095,v2_p1,f3a26e6c7638d0a25ca6be6902a27c85c560ba8e5d507ed3ea186f79cc437c77
1,case_017,4,V2,39206,349728,4.152680712135898,v2_p1,7c59cd8369b458bf82c283a774d0c4937e15dbf2ff3c998aa84d0afcc6736c5a
1,case_017,5,V2,37554,858868,4.335357085796453,v2_p1,052442d1273f4a5af5ef0fa0840e2fe7ff0e9019a4b253fcaa3cdf1b58a88ead
1,case_018,2,V2,498667,3612676,2.014103600198128,v2_p1,1d71b2f88cb3001fd9e378246f85078f071aaf43bebe0cb9a96b128aca507ba1
1,case_018,3,V2,338555,1822720,2.96662876046728,v2_p1,cb34ac0e71301087099dbd57836ae60c38388cf0b05db1e9b2528f008a1850a6
1,case_018,4,V2,251377,4173184,3.995461000807552,v2_p1,a788b1187aca47fb2b95f8a58e9d43a8e019909cafba6bcd616d15e16268df25
1,case_018,5,V2,203149,2555904,4.943991848347764,v2_p1,18e65fb31b32e0a3f93ac62a64e237a43979bd59536d531e81b4df5f8b96c8d8
1,case_019,2,V2,40818,49152,1.9879464941937381,v2_p1,c1e79a9fc9648d8ac9d8a6ea2bf3c77b0faec1270593dfd9960c7c2506e4cf74
1,case_019,3,V2,28030,187680,2.894898323225116,v2_p1,8d45770c7147b7bcaeb3855b7f509208edbda11a7c66e7a7b09bdba843f611b0
1,case_019,4,V2,24099,49152,3.3671106684924688,v2_p1,55af1fefc363b1c417c7e1ecace074cedfd80477ea3003ee0336d967f9d01a4d
1,case_019,5,V2,19714,157716,4.11605965303845,v2_p1,4d69c835428f4f3d29d3ea24a8f11eb29892e8a2215e0e2a2c4ddcea68d3ddd8
1,case_020,2,V2,266580,0,1.9984469952734638,v2_p1,c981e70649e79981ebe107b4c7477b1c73503efaaa943a94ca9ed2913c924073
1,case_020,3,V2,177950,0,2.993796010115201,v2_p1,159e73e659a29b161ce7aa8752b48f81f72b34b0be9cf6953983593b840afdc0
1,case_020,4,V2,133704,0,3.984518039849219,v2_p1,2ee6e1be07f20d587cab497abf85bed346775b495c1a6325f5f223b57ba92a18
1,case_020,5,V2,107726,0,4.945379945417077,v2_p1,8baa08d8b52ba3b89f139218acdbc9d53d2c65d8cbec0735880044119a8431d2
1,case_021,2,V2,3109260,8294400,2.11237947292925,v2_p1,96a8866277979c593f45b29883e0c2a9af88acdaf2bf0969efbf6ba1d7632792
1,case_021,3,V2,2108970,10768384,3.1142865948780685,v2_p1,5ec3a88262061e57322cdd342add4bf4676ec4c18d06b4572d98fb30660ccae6
1,case_021,4,V2,1555545,7936000,4.222273865429801,v2_p1,01906d1f7d400b4eaca35dfdae9fae489a2b5bcb1f4a94cb2a850e3a3d46a242
1,case_021,5,V2,1243902,7372800,5.280108079253832,v2_p1,e7fcc926cfc279deb3dbbe990138dde9ca276834518e82964dfddbdf30e956cf
1,case_022,2,V2,28961,0,1.9605676599564932,v2_p1,a452aef3f720b4d576cdfde43c33f59beaa8df5c3befd7a8bee7930d6bc0fc2c
1,case_022,3,V2,20053,109206,2.8314965341844114,v2_p1,beef59a30795895fb305bb4116617b72cd627fcf6e5e268b01ecead7a2b2ebe6
1,case_022,4,V2,14918,0,3.806140233275238,v2_p1,a5cc2086b93fc458790b5f88eeeb7adeb706d38c95a584a0f1ef342a52de8f4e
1,case_022,5,V2,12161,13824,4.669023928953211,v2_p1,9bb281b64710529bb622f0ff89d57250990575610ddb2862a127a042b6ca2278
1,case_023,2,V2,62929,181208,1.948449840296207,v2_p1,1748922c2672a7adc11a340dd8fb93fa2a5c1aa44febf45f8996b65baa35cf69
1,case_023,3,V2,39337,947388,3.117014515596004,v2_p1,34b6e7e6d7abfedffd67739337c9bc6d25351cb0832d1cad48845cc8de5a59d0
1,case_023,4,V2,33997,546286,3.606612348148366,v2_p1,0a7d843c0dc61a3f5d88e794959d5f6e5ed8b09d180ef3e5e805fb9abf7a86da
1,case_023,5,V2,26562,379012,4.616143362698592,v2_p1,bd04b21d3bf921d17f864752bb736be7872c466e07d89bde2b42942316a9312e
1,case_024,2,V2,1951984,58596620,1.309100381970344,v2_p1,20d454ef72208eadee0b3046685063e73dcabc1f8f2cee96c0ea93eb4dd4f5a8
1,case_024,3,V2,1704264,58598376,1.499382137978623,v2_p1,b1e959c38aa9b93cdbe9af5164e4480af31ef0e0f3d6e3d4d77a4eb306b3ba63
1,case_024,4,V2,1474020,58729346,1.733587739650751,v2_p1,349b19b42200bf8a9555af4bf03d7ac4fcfb158491767752a9ef2a248f6de33f
1,case_024,5,V2,1389719,58795048,1.8387479771090414,v2_p1,08e333699a63c1097d9f290ea36565c58effa0b0632102977e1703ef0f2a99bb
1,case_025,2,V2,2431840,27648,1.9997310678334101,v2_p1,1f08b7423748d2f390f297887a293f50c45b687978373d2ab45124afd49758bc
1,case_025,3,V2,1622164,55296,2.9978633479722148,v2_p1,b666052e9c94d109701947d97906a2678378299af1ebbe4dd5c409bb2c147800
1,case_025,4,V2,1217470,82944,3.9943702924918068,v2_p1,e5a2c0cf33a622fd129f716b7c8b1cc05a51be29378d0d788d914dcb37d26f18
1,case_025,5,V2,975360,110592,4.985878034776903,v2_p1,85a6c8590f195ff685bb5b26a6dda45889184c41d93ad0c83ccc7ecb40a0ecb8
1,case_026,2,V2,52762,193048,1.8801978696789357,v2_p1,88fc71f0c9dea6483abb5ced9ab8739a8d6ada9462f9e1f97c9ea020470f4bad
1,case_026,3,V2,42442,94080,2.33737806889402,v2_p1,14e4fad34370cf0e942acb03fc85169c81fa16eff3f67f5b5f10ea97622c68bb
1,case_026,4,V2,42442,94080,2.33737806889402,v2_p1,84a79c2912c6dd3f866c7c3d9496c3df1d99e9f9a23af13244f1c9e1c2f9944a
1,case_026,5,V2,39848,261036,2.4895352338887773,v2_p1,b2fd740ef3b5ea6825281e3a7d2333c94dd1b8d9362709db5a6ed451acd9ede3
1,case_027,2,V2,1116984,2211840,2.1163705120216583,v2_p1,0ee05c084eb0ea9466439c873b42fbe511348be36ec24753f35bdfc3d04fe43f
1,case_027,3,V2,830910,24918016,2.8450157056720946,v2_p1,98d91dca44d529c8e8b3be18d49cc04a0e02829c11888a4173156e56d123bfd0
1,case_027,4,V2,559196,2211840,4.227412213249022,v2_p1,a1f9710ef174a8237f0b55a235467230e564afab748e5e9615aefa1f62299baa
1,case_027,5,V2,559196,2211840,4.227412213249022,v2_p1,27d684715805a0b3306e5b2551382fab3f248b2f3a69b14f51630f10c2074a42
1,case_028,2,V2,21764618,76515912,2.0140964569192072,v2_p1,6ca02f66d51f827395dfc3c577a7fdbff8daa3a574d7172a4ab6a56434e3aedd
1,case_028,3,V2,15395381,87954000,2.847350124040451,v2_p1,90a3d24920d8381a5e28274768fad65569c2c1678cb37b7d25e5347ee9a8360a
1,case_028,4,V2,12541072,90149928,3.495398160540024,v2_p1,4488b94e20f3c99f113d11a22cda24c23e1206a567c05b8481bb453c7554d850
1,case_028,5,V2,10109465,324098928,4.336138460343846,v2_p1,f9f80c7bb6c85a3e0fc70888c74c1d1cc50721409b8d16f8545553ae0ac16e78
1,case_029,2,V2,19740,0,1.9024822695035462,v2_p1,788b537b942247de6c8142f3ad097bd209b2ffc31e2f5eba1db218f145ad5cf7
1,case_029,3,V2,12743,0,2.9471082162756024,v2_p1,9d89fbb7f30367d66b0c29f16b9d60d3bd6055598d5e530834ae5b64d8005ba8
1,case_029,4,V2,11098,0,3.383943052802307,v2_p1,361fafb73e47e563b5f49638de557413217a432101ad2ba36b5957069402fa35
1,case_029,5,V2,9488,0,3.9581576728499157,v2_p1,2a8e790c1cd4cd2a054c217715151b4ce244ce0544a50af1aa4b4e8c2606aac7
1,case_030,2,V2,1403531,2580480,2.0006925390319132,v2_p1,649d608ee09b1986ffe71b52650ebd077a1a16878adf8b97b72ae66223e4f36a
1,case_030,3,V2,938568,4349952,2.9918279762361384,v2_p1,1d6df5140a668c1b36348d47f1829da1e590374d2ccac4bcfe2733365a8d014f
1,case_030,4,V2,707133,2580480,3.971012525225099,v2_p1,b0a5b779c905e36f36980538e9a3f9346d033cd56c6452aa4f1ded75a381c198
1,case_030,5,V2,564152,2258944,4.977442249606489,v2_p1,16796b213bcf4c78adbde25d6356130cfc2a6bde5c5596068c9e2ee2948f1d89
1,case_031,2,V2,708600,3173376,1.9960047981936213,v2_p1,9a41fbb47679ccbb5e47e50df5ff628c68895e0c5c8543c98092fba0f87d0a61
1,case_031,3,V2,470731,5729792,3.004622597619447,v2_p1,6133f26e284bec28244baa8a59e949e885dccfd90e14769c460090e7a23f223b
1,case_031,4,V2,355389,4237348,3.979777089330283,v2_p1,f469bfebb14e2eb5c02816c5312406b12a27b10657a01816e27adb95041964bf
1,case_031,5,V2,282077,5245440,5.014123803075047,v2_p1,d6a8a40728a2e4827d0593af353388f71ff0996985a79a12331de6055c4796ec
1,case_032,2,V2,20428,6144,2.0287350695124338,v2_p1,bb5d8bc4090e2ad37c61557031b783453a821a5a33bd9705b33d3233c089fe1a
1,case_032,3,V2,14438,23568,2.8704114143233133,v2_p1,ed4f129be29d75f18d2aa5cd0429c50d765f4ff7ce930a9e0fbc0ac66acdc4b9
1,case_032,4,V2,11295,24584,3.6691456396635678,v2_p1,8e5123aa8674ad1c07eb2271df1ff161ce3e0032a0ef8a9c3235e399a56ca427
1,case_032,5,V2,10517,30720,3.940572406579823,v2_p1,13b425d3bf9b02037188fc699bed1ae5be28e091e988825293d9c34b4c405eb6
1,case_033,2,V2,882972,5415936,2.0093457097167295,v2_p1,c882cb01134b00b2a2c357753213d994c1e63d13b8df58d4b0a02d0002be0e3e
1,case_033,3,V2,589845,5772304,3.0079020759691106,v2_p1,a3d33d0a1299a95381d01650f6d4bf0dcaa7fabc689239244c9b17b4786e5945
1,case_033,4,V2,442430,5415936,4.010116854643672,v2_p1,dfaac9c7e789abf897d24c319516e9f3d6143e435ac01ae728e89ea12e961161
1,case_033,5,V2,358218,4704768,4.952838774154286,v2_p1,e967c716f59919cccc9ffec6fa01023cbcfad5e9374cbe29625ef9ff6a5b2d86
1,case_034,2,V2,428357,3448840,1.9679753103135935,v2_p1,810a4ec89b636f008b9a731dae9e7296cec19ababc37a0d006f0d484ca7dbe68
1,case_034,3,V2,279660,3152904,3.0143602946434958,v2_p1,407c6c0bf803fd4d2a3721b7995d85fea93490367212d5281875d87cc160621b
1,case_034,4,V2,212759,2270208,3.962210764291992,v2_p1,d4f2a66678ebb7a20644369ddf2fae9fbd4db5df2bef0bc9c70582c463346409
1,case_034,5,V2,172575,3902976,4.884809503114588,v2_p1,029a8ac58f9770c57c247f828569456a4e1e8d1de4b4fd4332459a1bc174db42
1,case_035,2,V2,95406,0,1.7773620107750037,v2_p1,f97bf2c00cd60cdc43123da86fb70b9314d47c20134ac06447d357e10dcf6970
1,case_035,3,V2,95406,0,1.7773620107750037,v2_p1,70732c1137e6bf7688f7bc716768c18fb959a1e6cfcb994c54ad97e7acfad10f
1,case_035,4,V2,89670,1146902,1.8910560945689752,v2_p1,189ed5d98907922c2a495cde34c274b42738e4aab29408de3332fa2b7682ff26
1,case_035,5,V2,74280,1072650,2.282862143241788,v2_p1,7d24d078a0eba41b704bec4a760814d8cce9b2d68680958bb87e7cda0e75087d
1,case_036,2,V2,466068,1152,1.998656848356892,v2_p1,41aec2e26816fa6930a5f04a2972a76b2af902757fae069e08c88f7537b236e7
1,case_036,3,V2,311345,2304,2.991890025534375,v2_p1,883ea195b1e48fe09e23143b61883138bb067914c7ac874bf90e4b3ae9a305df
1,case_036,4,V2,233584,3456,3.987901568600589,v2_p1,0fe95a02c723b15a2b2688165af19ed0ceccc7f476540d29b4f39c3d8620d60d
1,case_036,5,V2,187182,4608,4.976493466252097,v2_p1,885484a871cfab918600f2a99c236a04a0669b0b62a3c302b34b7fa971ca4f04
1,case_037,2,V2,105374,204800,1.992910964754114,v2_p1,f0f4dcad0e9d56551be4095dd3c04d1d95a5ff6105004aeb253d2fab5250f69b
1,case_037,3,V2,74038,491520,2.836394824279424,v2_p1,96c9e0abe6936505e96bc7201f32c9bb0f2abf8d5c74e4d209dbea62d692d533
1,case_037,4,V2,53320,614400,3.938503375843961,v2_p1,ccc0569ac49768254d7320e55e02bad731d04f2f6dfb335a705f4edb09fe9832
1,case_037,5,V2,43013,819200,4.882268151489085,v2_p1,f9695657c3c41d4d0e788b8c08a72fda92b0c36dbf66131cdedfabe94dfd827a
1,case_038,2,V2,671633,6901248,2.0316973704389154,v2_p1,58da06325fec5b7fc4fd9c2ee5336eb1ccdb38158fde340d10cf33740817ae55
1,case_038,3,V2,456035,3649536,2.992215509774469,v2_p1,8f741b2bfbca37e586742fd32e764ddbac527723dde1b6abcede7050dfd9b514
1,case_038,4,V2,342300,8024064,3.9864300321355537,v2_p1,3279daa0b80fc2fa87946b981351cb51f02f5a3d6fb06c6620662f48156413e0
1,case_038,5,V2,275545,6321664,4.952203814259014,v2_p1,675f41efa45e8a65bcb75d7665b2fc49d41540d36e4a78febfa3bdee1aed46bd
1,case_039,2,V2,696914,12148736,2.0594535337215207,v2_p1,a5e1ef482530f5a387ce8c53da15ab00d980d3c7ae59334f250b1d20d2f45e71
1,case_039,3,V2,475844,10604544,3.016244819730836,v2_p1,47a6e3c8ede17028f369037fb4d4c7a2382601a766219dfcee1b6ee063e4a760
1,case_039,4,V2,391944,9232384,3.6619057824587187,v2_p1,621b52257ff5fcf2c5ee3e9b5c594a38d1311d74fd6386463661290699a01e1d
1,case_039,5,V2,316542,9805824,4.534191355333573,v2_p1,d42c7c8e0bfbe2d123e1d8e463e2474e67a8c5e7b8a12bd52e25fabc7d073732
1,case_040,2,V2,130528,36864,1.9417596224564844,v2_p1,db7a8962e6a3f80c02ac6194d2c9a8dac826f74e2c1b7477244ebb605ccacd10
1,case_040,3,V2,110105,0,2.301929975932065,v2_p1,7e9bbaf7a1668ba9c429a02a8b39e492f1ac20b8e303658d80499f85b1d11490
1,case_040,4,V2,110105,0,2.301929975932065,v2_p1,68ec5262cdfb7bbc25a47a98390a25d9728dcbdf1ce62203c58f8cf5b9c68c03
1,case_040,5,V2,110105,0,2.301929975932065,v2_p1,3d9d935a87a73bb2a4a1cacc8f48298ce56d0ab2bf2a9669a7868bbb669f533a
1,case_041,2,V2,2969043,24426496,2.022185936680607,v2_p1,2317ea8fbff6331b62d4bda167f69cbde05b4116038bb5d61fafa8c9019ef52a
1,case_041,3,V2,1986182,27620352,3.0228634636704994,v2_p1,8945c5e5aa7b0ddc1410b5f065955c1a49b50c0b2fe1d495b0f86e867e4148b3
1,case_041,4,V2,1500761,15433728,4.000608358026361,v2_p1,ca95c5e5906eb45cf2f215f9034dceb4088c36f7125daae7c08443c66ed0183c
1,case_041,5,V2,1193899,19200004,5.028865088252859,v2_p1,25d08fb7ce9b200461690a606e78a86bd0fa92e5a4f65c499f64f2c133facac0
1,case_042,2,V2,836687,3753984,2.0159749105699025,v2_p1,855bb2559b69e8a53c1c267c1e0c38dba049dcc3371da3566e7adafe0f56ce89
1,case_042,3,V2,552854,4617216,3.0509682483983114,v2_p1,2e9654f1a56d5f2278f139ef6e23c06272faf5c3186b3f47279e4d686a4bf290
1,case_042,4,V2,418795,3753984,4.027603003856302,v2_p1,28505735f5ba1d5d2e6ce29c9e6855daff5874049d345d5effcad1a610879277
1,case_042,5,V2,339578,4184064,4.967165128483,v2_p1,aa0f5ceff2a277e96780a8e97fe15f43e46b13681a302e4529a5a8c1cec88769
1,case_043,2,V2,342489,1030144,1.9786212111921844,v2_p1,0f785e17a3a179ac8ef814defc4d90918fc026acc4bae1fe4d2b06848c366902
1,case_043,3,V2,271072,279560,2.499911462637233,v2_p1,ab7e9988e8f8ce2330c62221ef795a5471a305f3086687935d190815062c4618
1,case_043,4,V2,271072,279560,2.499911462637233,v2_p1,655359f6982fdff09ae2b3af2d5e31b058c96a54277aff48a5297d9199262d4c
1,case_043,5,V2,263773,8961944,2.569087814143222,v2_p1,771fe9019a2e9ba99603c3c3632aa6ac8c6071450cb1875b972973fbb2251801
1,case_044,2,V2,90788,1077920,1.7007423888619642,v2_p1,80ed2554d0851c23d450aef783bd2638692036bf42cb7991112e53f12cbc954f
1,case_044,3,V2,90788,1077920,1.7007423888619642,v2_p1,a9ae352f6ae98e81d44443251def020b4aaf880a2506510882e96034d473ffe3
1,case_044,4,V2,90788,1077920,1.7007423888619642,v2_p1,dc5a6b119e4db4abfe7ed2b52c0087c270dbd5378ab871360cce0d672a31551a
1,case_044,5,V2,90788,1077920,1.7007423888619642,v2_p1,cf5c89d0d4ee997ae6355227529a9baec47299ba10226b1e9ac0e445db96584d
1,case_045,2,V2,63059,0,1.99200748505368,v2_p1,e573c328c63faaa6d1e42547db8b53818b9da1e5fdb3b1be121f8d3e4775874e
1,case_045,3,V2,42304,0,2.9693173222390317,v2_p1,0ef24a4796eb66f0034c037b121e37cd3d327ad21825a08cd95fcece80e6537f
1,case_045,4,V2,32037,0,3.92090395480226,v2_p1,6ecb3b5dbb54c3a167ee3b8f76d9bd30f30ec4d39bd473ceeb2939a42eba8aa7
1,case_045,5,V2,26330,0,4.770755791872389,v2_p1,f9029e1c1bad115d6369f7be05f7f6754af4c101ff4c12813675a556207f9b05
1,case_046,2,V2,135950,1200736,2.033504965060684,v2_p1,f0e51c5c49ddeaec55f7a2847e9ef06b2cb272c8b9e9bfef14c322cff45ff806
1,case_046,3,V2,135950,1200736,2.033504965060684,v2_p1,7993f8fe575fd77df9e2740fe007d40208e1ed2689eda896ea305339b7b700b8
1,case_046,4,V2,106198,3061536,2.603203450159137,v2_p1,2603e9562195d7c12618a5686b6b1973698beb1490e6bfc13f937a91fdd2b72a
1,case_046,5,V2,106198,3061536,2.603203450159137,v2_p1,9b09cab64728ec61951d7ab9edff4a05c0a56fe899f24421e6f7cc464339532d
1,case_047,2,V2,228888,2505770,1.4264968019293278,v2_p1,09a75ae60f2643e26980842b7ba443bf0bd04fe42c8985cf6dc3ee6d1ce01aae
1,case_047,3,V2,152637,2791236,2.1391143693861907,v2_p1,553bd53a11ba83c664e18781d62eee43ffe7d29f6fe9906b7c3dc6e35e463cf8
1,case_047,4,V2,148685,3411506,2.1959713488246964,v2_p1,6c3137743b2ee814c25cc3892935d528f27db1a29d39fd43868a63a0736069b2
1,case_047,5,V2,128972,3143382,2.531619266197314,v2_p1,417fe0f7de81b3b1abc1fa5eac3206da58353d9ac6f17ae1891235b0153e496b
1,case_048,2,V2,163381,1136990,1.3601336752743587,v2_p1,2a35d94b320cb1cf9070a29f4c27943a658eee7c3d386c940c9ba9b878df7e18
1,case_048,3,V2,129515,1159680,1.7157858163147126,v2_p1,36ffd16ce34d04e98768e994651ab85306df3ae8aeba5099020a45df3449ecae
1,case_048,4,V2,119990,1232200,1.8519876656388032,v2_p1,f3ecd88310d658bffcb5eae282b4b36bfeff525b66c6c23cf2bfd5cd92e823f0
1,case_048,5,V2,117281,1446458,1.8947655630494282,v2_p1,1472c8f39ce0f539e04f8a414df9044a12630683b18af8fc631e474dd472739d
1,case_049,2,V2,121320,1006668,1.6178371249587866,v2_p1,ce50bfeed82786cf0a38b725375bd0a03830bb84f1ef6263bbac69ac79e6e3f6
1,case_049,3,V2,95205,1394368,2.061614411007825,v2_p1,7d0661de24fef8254b57436a950e0a66c1eeee6637eb5e7b5f179e72db51454f
1,case_049,4,V2,81727,1346092,2.401605344622952,v2_p1,cbcd11bc8264d525f137055cbaa0121994c2b83c2dd596288d024d64cdd8f949
1,case_049,5,V2,73366,1386064,2.675299184908541,v2_p1,b762b73f387a03d76d89bea5170bf7e9563850e881147ec0b9fb4d373afe01e3
1,case_050,2,V2,99247,1001482,1.5082571765393413,v2_p1,6ec9b9d2fd2747b8c6bb194af59fb9215ec7eef889f30de89f5e260e516d5a0b
1,case_050,3,V2,69460,977880,2.155053268067953,v2_p1,f0fbfd5ba1d4a7361acbc79a991661554072201c9a04f73209ccd94f955e7693
1,case_050,4,V2,62707,1064928,2.3871338128119666,v2_p1,f438a4f47fab4203031f8ad65f92b32eb126a48d29ff8d7282df7293f5500761
1,case_050,5,V2,57137,1125538,2.6198435339622312,v2_p1,85878a7b266b842cc40bc0c4356fc79d733370dfbfa176fd9fb75bbafa6f37fa
1,case_051,2,V2,450139,13108922,1.3498674853767392,v2_p1,794eecb98aca484e5fbfb7e6d1c71d8487ab90b069d3d3e5365cf4efd93f93e1
1,case_051,3,V2,395518,13240390,1.5362840629250756,v2_p1,1397418d95a678837f8c4d2dc9ab7ed4daae49b07b834af8d1eb47d03402a32f
1,case_051,4,V2,345200,13371492,1.7602201622247973,v2_p1,d9a3899df4ef9514d0197238ce127390909c08ff6bb60ea8ee2b0341db2743e2
1,case_051,5,V2,326580,13502606,1.860579337375222,v2_p1,a54d345f8411fcaa339750ff7c03ecfc9007190119aa53ccad3e6b90c4281350
1,case_052,2,V2,91999,149760,1.9598147805954413,v2_p1,18b82ee5b128c892e0629f0a7c6859b8aad6934e7b806ca692d4f23ce505c186
1,case_052,3,V2,61886,78336,2.9134376110913616,v2_p1,69f74bac9c434946044bddf8e98a408e41f4fdf677a3bb7fac4de6aae8aa221e
1,case_052,4,V2,48176,177408,3.742548156758552,v2_p1,5739a2d6f56aa0a0e8d4a9fc2a44ce0e4b2fdee665bed250cc2c410d1b5d326b
1,case_052,5,V2,39289,227328,4.589096184682735,v2_p1,eb2c59e11fb218a19ededb342af65b0b7bed7ac113b663aafad98097b54fd5f0
1,case_053,2,V2,707964,10528256,2.0801707431451315,v2_p1,96165ab806e5369a3a73c3a6022482aee51099ac728310168a1293702a722054
1,case_053,3,V2,491765,10577408,2.9946946203979543,v2_p1,f899c4b41872fe098ce98bcf46c17146931689379126aa88c3c14a1898482ff2
1,case_053,4,V2,491765,10577408,2.9946946203979543,v2_p1,b0cd816fa4d299c09a74d72eace266bb106fb942da61b62c292d706faf1dde1d
1,case_053,5,V2,410881,13812690,3.584215381095743,v2_p1,7e898ccd33067f0e2e333d348793f88c82ed8c9cd5e5d184c5be18c0144a7e0d
1,case_054,2,V2,499011,6012542,1.6333327321441813,v2_p1,129944f1ee4aeebd516ecaab6dd23b6a87cb56beb64e3f167817090be224b4bf
1,case_054,3,V2,370287,6591188,2.20113317507771,v2_p1,c26120529beaaf538bafd0e55a72784a1beba3b6e17024f2eed0d91e7bb5602c
1,case_054,4,V2,302634,6778160,2.693190454476364,v2_p1,66fd80789ef84abf9e699345503f8e53059015e31766c6b98f2cf4ecda3cbc96
1,case_054,5,V2,270530,7080320,3.0127934055372787,v2_p1,41b9f182cb422c259410b297181eed737d8f3dbfb14d5327c16687c42d7d2f8a
1,case_055,2,V2,61132,16384,1.9439082640842766,v2_p1,b532a6f2848c57ecca4baf118b6324538cab044d79b4bc3240700a960b78552f
1,case_055,3,V2,41834,80384,2.8406320218004493,v2_p1,cda8dd6d86b6e69b02ec18ed629d668e71aa623c445cc678631b7eeea69fc522
1,case_055,4,V2,31970,98828,3.71707851110416,v2_p1,08a95da1725a141a5255a897a0248211a6eaa30f5cbee1b77e16f55713704d88
1,case_055,5,V2,28199,247808,4.214156530373417,v2_p1,ceb16d45e275e983ff350a1d1b9e661353d9354c70bddb11db71649ca2971e10
1,case_056,2,V2,171985,1709602,1.6122626973282554,v2_p1,af13245702cb74575d601004c258ab72034047d94626810a3b03e3a88477697e
1,case_056,3,V2,142599,2148142,1.9445087272701773,v2_p1,6cf40f492666d822d69c822de4882ab634a64d25b6feb29c1ea9f343e1bd585d
1,case_056,4,V2,124393,2117848,2.229104531605476,v2_p1,16731e07f36a7d951222d18e7db3001d52612adb12202aaa11cc7ead34bbf508
1,case_056,5,V2,103976,2327268,2.6668173424636454,v2_p1,41cc1d63d3eefbec1a3787c2f07c7e38f42b0df9c2215a498672c489a92cb1e7
1,case_057,2,V2,29970,4096,1.9928595261928594,v2_p1,a4fa2cf030471629cd656ce661f0b35f4ce6d0bcf44509052f2350b42fa721f2
1,case_057,3,V2,21014,14976,2.842200437803369,v2_p1,c79f41a432d1792891a91736e14561a80fc7da4281220799132c17bb53f6e854
1,case_057,4,V2,16026,55176,3.7268189192562087,v2_p1,e966fb67a8c5dcefff5e77e1192ab8d18b137ad4d9ab95e2791c7918ac908d4f
1,case_057,5,V2,14276,0,4.183664892126646,v2_p1,0581292e4008805efd5093493b17fa5a58e9b860f6f250d9336165e099c23f8f
1,case_058,2,V2,2199011,42680320,2.064435784996073,v2_p1,f0e0c2079f50b5ce425d96d149cc3a6a553fd1f5c75d5f97ede2e949ef4b35c6
1,case_058,3,V2,1526307,29601792,2.9743144727764466,v2_p1,6d210ac70a9d494c6b54fde96d0712eff10cc8682f0eae5d70af2295efbacdf7
1,case_058,4,V2,1137685,31899648,3.9903110263385737,v2_p1,5d94fa234df9bf949af298c5b322d7c418267e84721e796214e8d04c96f115e1
1,case_058,5,V2,948121,30142464,4.788119870775987,v2_p1,9603802ade5b53bc3f0f9916d09a17b02ef134b30b74f5fe4328e70122517e66
1,case_059,2,V2,369318,360448,2.2459587672412393,v2_p1,31e1b084e8496756536f05aa2b3d1f842554fc03b715d973be1d9bd61b3c97a4
1,case_059,3,V2,254142,901120,3.2638170786410745,v2_p1,3f85fcc04895bdd9cdfa905c2f090015f2886eba35bfe8bfebc91bd4ea134555
1,case_059,4,V2,185216,1081344,4.478408992743607,v2_p1,d65cc62af23bdbc64fc378138bb51867959df78a101eb66dc3db276a327a9b3c
1,case_059,5,V2,150736,1576960,5.502819498991615,v2_p1,c2679014a8e48101cb5b4a4937c1dbb064ac9537b8bb4937f59ac866b0f24a04
1,case_060,2,V2,438781,4809728,2.025586796146597,v2_p1,717b87d1ffd232dfbd8e894c2643faf693e8baff9d2a9e4378cffbc62a0a8a19
1,case_060,3,V2,292085,2664468,3.0429121659790814,v2_p1,3d4512a44559b06e017f670e2f7ea63a7ef869f82ae82d7f7a8d1d6dfa9c732b
1,case_060,4,V2,225248,7342080,3.9458241582611167,v2_p1,2971ebe964d4818abafb8dd590b75e573e12c8b7aaed124fd4ec54aaaff333bc
1,case_060,5,V2,174729,3612672,5.08667135964837,v2_p1,112aed931b3d33e38a2382d408e282ca0b39a11692c26fbf48cec90c974ca3ee
1,case_061,2,V2,45075,6912,1.7125013865779257,v2_p1,2aabd267af8f908a822f17feadc20272c1e52cd01f783e40789605f1626439e1
1,case_061,3,V2,30894,55432,2.4985757752314366,v2_p1,9937768259746fd92d0a688908721842f9a8d857aaf49ba5c1c0cb49e49e4b1f
1,case_061,4,V2,23971,73984,3.2201827207876184,v2_p1,15abfd724f5a217259b6f6e88730f4103cdf048dddcdce6543fc3b9d7bd95c42
1,case_061,5,V2,22417,59904,3.4434134808404337,v2_p1,924a5cb0a4395b7857a3f00b8f052553ae164aadbd2a3d0929485d193131380e
1,case_062,2,V2,1658808,7672320,1.72100026042797,v2_p1,0f50fb0577b844a563d8c72f186901d52b8133c3c5f6be1d42cb1461f5e066ac
1,case_062,3,V2,1044873,4538880,2.7322066892340025,v2_p1,7b8f084684969ea528b1b557fab507f6578aae040be0eedf0672c77e172dacc0
1,case_062,4,V2,828918,5652480,3.4440185880871206,v2_p1,e9168b9c9e3946132d3eb8cd55b9878e3e50a462b5857084446cc7e185a0965a
1,case_062,5,V2,663510,5243904,4.302586245874214,v2_p1,fd4952fdddabd32b599aab6f89d20a762aaaa2e79b367b69175c10a57f91ef3b
1,case_063,2,V2,521146,17286144,2.0539292252075234,v2_p1,58e137ec94cbc108cabbf150d24f85b2aad3f6f82955b6654ee1f020d18d5ad6
1,case_063,3,V2,395314,1740288,2.707713362036255,v2_p1,eada4ccc0d0baac93599edc85fdb39d49e8b2c4b85b7932ce657e80a3c4de48a
1,case_063,4,V2,312187,2082816,3.428704590517863,v2_p1,5762619c390ed9819b614e795462935abc90a24023bb2de4dabf07a5cd9d0ed5
1,case_063,5,V2,253129,2027520,4.228662065587112,v2_p1,dad8b0448e48de7b6ba0a2b09b42b390c3aa26ac67d71028a69c2483029d393c
1,case_064,2,V2,17745,144652,1.0772612003381234,v2_p1,12ab02c8165323e2784f6cbf5a6a97a27f55e64584439f4d14528e8412e35720
1,case_064,3,V2,13575,147412,1.4081767955801106,v2_p1,d9d01871720a923a6c127d50fe73e5eed53706815a1f4e33552602b81a53b916
1,case_064,4,V2,12212,164466,1.5653455617425482,v2_p1,e69abc41cbe1cd83b48819018b5fa86bca3e11015730ddcc03083b01bee5cbe9
1,case_064,5,V2,11843,146770,1.614118044414422,v2_p1,a5162e610d91bc18489f699c5b23cd397ec5e599e1e06382eb3b5e0ebaf39d04
1,case_065,2,V2,27393,13824,1.9372832475449933,v2_p1,0ee772a82be602963a4177419bb8014c69aa4ededa79af84b4db4e0393d98304
1,case_065,3,V2,18620,27648,2.8500537056928033,v2_p1,50d8c5ebe24a4b3ca69fd86377d1041f93c9c72163a2cb3112d7dbac0020982d
1,case_065,4,V2,14342,85000,3.700181285734207,v2_p1,6b16a157317a3ac82063e0353899e16fddd3ef5b1420e075ad83e9b779b7a3ca
1,case_065,5,V2,11853,55440,4.477178773306336,v2_p1,ba7e869691a46710b688f20e7438fb93c78b58ddadbef70457a2927a8f75ce24
1,case_066,2,V2,212846,3032400,1.686994352724505,v2_p1,470341e643be6c3f52868d4af772db0bccd8c3288d6929f5bbae48e17426921a
1,case_066,3,V2,173834,3338628,2.0655913112509636,v2_p1,034cb1929eea076b482db79b94b19caea992e131acf465ae73947cc54ee66aae
1,case_066,4,V2,152647,3482906,2.352289923811146,v2_p1,2a34f540bc11d0a13c6e5afdcc7cdc2b4e568c7d9b7a8b5b7e1afc7d27965046
1,case_066,5,V2,127899,3482622,2.807449628222269,v2_p1,84586724620e32f93323fee11bdc627efb196c749715ccc29badb95985ce38ce
1,case_067,2,V2,30420456,90768256,2.0984180513270414,v2_p1,33bd38aa7527103a2ca9849567fb5ded3fccdfda4404f43bb8f552c1f50cba97
1,case_067,3,V2,21989517,250685824,2.9029666272342407,v2_p1,1530efeaa0b78e69dcf3ec415bb20eb88ffbea859cc85f987083d31dd7c20391
1,case_067,4,V2,17227211,303789056,3.705465382643772,v2_p1,75f9e2731d39b16bf8849d13787a9209ec4fbdbb8007653e4bf8b11b12fabd6e
1,case_067,5,V2,13989496,298598912,4.563054594675891,v2_p1,762583f6846170bfce16aeab36a475af64dfc425814a61b8971b94cd1439c0c0
1,case_068,2,V2,220293,3215286,1.6436972577430966,v2_p1,ffc14dacfe0ebc6eb722ed35695b7f909b75fcc755403872b7a10599f93710f9
1,case_068,3,V2,186981,3483510,1.9365336585000614,v2_p1,1c49c669c86ca4cb494f1b1d90ed7a3ef5728ebed33f719b71925ba247a261bb
1,case_068,4,V2,147623,3254490,2.4528359401990203,v2_p1,43493bd30767bd7778b45bbbda02573baf02009a7542892bff365d469d655834
1,case_068,5,V2,145010,3866818,2.497034687262947,v2_p1,0f2264ada4815717c1fc387e6b1d7103ca054597c22180e548ca8aa15a77134a
1,case_069,2,V2,17304,148520,1.4530744336569579,v2_p1,0fb137897042786cad00dfe05ba37f4f9d9966f05ccc790b80c5bb6995433d04
1,case_069,3,V2,14105,404870,1.7826302729528536,v2_p1,ad30948bc1a885a60b4774753335d4da58c4653a3b9a927b5bf7ef5d94017d3b
1,case_069,4,V2,13559,225328,1.8544140423335054,v2_p1,d2bc874d5a9717b7fc8753a5f1311dbe0f841dad5e0c525f096135ec952b775a
1,case_069,5,V2,12606,277940,1.9946057432968427,v2_p1,828527825e05d088d97beb5cf533fd69ef2fcd53154dbd2d3b1e47764c78cc8d
1,case_070,2,V2,59950,73728,1.9566305254378649,v2_p1,c0ba940ac125fcab037d29ba836e29ffdb231170d14be3cdb02d718a710128f6
1,case_070,3,V2,39885,147456,2.940955246333208,v2_p1,1ce035dbc50e36f293e38018d809e513236b3417932d58f58ddd92e7836ce66f
1,case_070,4,V2,31066,161792,3.7758320994012746,v2_p1,a5aae8c48ddf34475c18b59994e1c5145eacbf7f8175bd64734297d8b5cc7019
1,case_070,5,V2,25522,283678,4.59603479351148,v2_p1,f074c4f49d73ade8d49aa03b91cbfc68f40b5ec757607ce8e7383295dfc1e31b
1,case_071,2,V2,13478,144492,1.4036949102240688,v2_p1,51b8f8ae04ef729b8f63ebb9e25cd5beb466949cd3eb8b211f9df4c0bdd327d4
1,case_071,3,V2,11877,147756,1.5929106676770228,v2_p1,edd89858d502bfbca1c6d3e408380bc107d7542b3c330b3fc019ff8bde65ceb7
1,case_071,4,V2,10902,195664,1.73536965694368,v2_p1,6edf154ea0bbdc32b53fd856dcd55629607fb00917b92ff577f468b7222798b8
1,case_071,5,V2,10902,195664,1.73536965694368,v2_p1,8a6d03b60ab02f8d6b9ea100f4fdefb93358216c037b71a560f24a5f5d6f52ef
1,case_072,2,V2,11765860,98414640,2.0311161275078913,v2_p1,c002b01eba109acdc87d38f7b13c0bf79b9675f1d7b82b87c420aa115288c9eb
1,case_072,3,V2,7841993,101101828,3.047417665381747,v2_p1,0d4b5bc4d99c62531ca8c3c815bfb031f93b1efed495385bd87ca19e66429beb
1,case_072,4,V2,5818235,105754672,4.107401643281855,v2_p1,00f19430836616d46f7ec857b910a5175156dd8651585030a7b6f2ba99e471f3
1,case_072,5,V2,4687700,105435188,5.097985792606182,v2_p1,31bd345bbe1ba7f72e348d670ebcf03dc4653c34ca8d95c8cbfd7c03093d268f
1,case_073,2,V2,4504791,32548352,2.2379786320830424,v2_p1,32fc8dd5e1505e30f01c3ff76229ec15d0ec157635c82aa54712b586515b0a2d
1,case_073,3,V1_supp57,4054028,135945344,2.486817061944318,v1_supp_q1,8d0830ebedf0a7f2d9be5d68d1598579540458ae8cc8c838a0bbfc361e50e7fa
1,case_073,4,V2,3159132,92377472,3.191264562544395,v2_p1,a0e3cbc413a7d03a6c7aecae13ff73e0b9a866880594d91cbfab689de61daf83
1,case_073,5,V2,2699402,87690752,3.734762736339382,v2_p1,be6d1dfb68e099a8fe0b2a957fddbe7047fffae715d498c0aab17b971d21d063
1,case_074,2,V2,837682,4751360,2.0082071716952257,v2_p1,e97eb7db75d515bb0f077d97d2b203e1cce8f64adb42d2ecabce13f21eb86bb2
1,case_074,3,V2,547957,6209560,3.070020092817502,v2_p1,a00fc131123c352a915b0261900ebef89d4a7a0fe6b0855111f613ccd985fe61
1,case_074,4,V2,425293,12038152,3.9554824556247103,v2_p1,9144ecdc30f7493b1dba10f98457dffb680406562cf6e57c1e38381008a6a512
1,case_074,5,V2,340560,5472272,4.939625910265445,v2_p1,93b606acb42b0484e2129b50aa8fe8955dcb817f7cf2b1b0b85d0d3a5cb1267a
1,case_075,2,V2,910797,6683756,1.5830190481523325,v2_p1,7258fc3fe2ac1dddf2f905878255ca1a5fc4402573a5e196b00ad58afd5c82a0
1,case_075,3,V2,675648,7758998,2.133964727195226,v2_p1,f2d4b93a885a2ccd78510c83e3a94cbaff61b5690f31352bc3311c277782c4c9
1,case_075,4,V2,525681,7546670,2.742745124895136,v2_p1,c0e45f7a8898e79660e6b8708e8be403239dadbb97135973116e59bd594641d2
1,case_075,5,V2,451806,7902146,3.191212600098272,v2_p1,70d7f15c6d887dedee1fec56f861e6f8e65130e4e7e6ca3b240ed0ddb755871f
1,case_076,2,V2,3045889,27106304,2.030642942011347,v2_p1,15af25553347d5c9cb497737fe8606eb0cd424a18c0313cd6de02cea4122e179
1,case_076,3,V2,2041461,23418880,3.029748302808626,v2_p1,63b82a45f313cf6ff84fe0a2ca7d237c5e6cf757a0fb1c7bf5ddcb171912b276
1,case_076,4,V2,1538179,17637376,4.021061918021244,v2_p1,7529f208a9bcd0c66025783223b17dc07813d72f2b981bc69cb9ef84c96c9ca3
1,case_076,5,V2,1236845,20646916,5.000717955766486,v2_p1,1795affd5eee3d7ad2368a58fb4f361b34c49d04fd2c1b931eb0283c2649cf81
1,case_077,2,V2,247582,57348,2.0006300942717967,v2_p1,753feeed4808047030345b48ff46462fa4228663e215ba1129a78aadfc31fec2
1,case_077,3,V2,166517,229376,2.9745911828822282,v2_p1,a5710e64420ef0208e8cbedfb51a8a5e3a56fe69a431b8d0e58c4d544b2b2909
1,case_077,4,V2,126085,417792,3.928460958876948,v2_p1,346360e9a58aa5a0ebd7ee0382f401dd3c2c69db40f2ce3d2d66d5a9ec2302ac
1,case_077,5,V2,115927,172032,4.27268884729183,v2_p1,7eac852b50f8d9e1bc622f8867f713bac498bffe66d672105da82e600014adfe
1,case_078,2,V2,1080972,15039360,2.1241466013920807,v2_p1,29034149dab20203e5167c3ac373b20a647d29c84c40a3aff046b9f86cb0b5b5
1,case_078,3,V2,783057,12398184,2.9322807918197524,v2_p1,39afb76a5cb8d276a167372ddedae7a1390523d0a4cb2a1cb8fe5fc09142a25d
1,case_078,4,V2,619540,15039360,3.706206217516222,v2_p1,5d868870d020bda2b8bb4fc3ab40a11e5441e2a7a5c5500611ba097579da9d12
1,case_078,5,V2,536747,13927968,4.277886974682672,v2_p1,9846cebca850cdda5533fb3ecfc01782b5fc7941500f4a97757550033ec06dea
1,case_079,2,V2,14808307,44177408,2.0969480846122384,v2_p1,61a2fcb5e672867cc1cb94948b9c4fd7ef41ecabf3131e42e6c86d19da12eda0
1,case_079,3,V2,9837217,50784256,3.156609333717046,v2_p1,b47ac8c9b1d0ada9e41d87bf18d30c33abb90a1be34920c622ffadd8b95126fa
1,case_079,4,V2,7389630,49977344,4.202138808032338,v2_p1,c8ea6bfa00030915e4b83afc39e82f298850f2e83a370085b114f92c189ea292
1,case_079,5,V2,5930504,62238720,5.236022267247438,v2_p1,4d9d972d45ccf1308d4e0e93b1ea66c12e0970229db8d0c3d99515b92c835f73
1,case_080,2,V2,146828,1904640,1.9896613724902608,v2_p1,7f6ce3e5e817b583d02083e59fd1aa18f94cc6dec8ac15add00381fd8a5ed7a9
1,case_080,3,V2,101509,786432,2.8779517087154836,v2_p1,72113a635294604c77de350652f78ba2e21723d70b616e096094e993e36b0ad3
1,case_080,4,V2,95154,1675264,3.0701599512369424,v2_p1,ab28f6c5af0fbcc97343b887c7f73a4c87a696dbf7f2348ae7aaabf082dc5344
1,case_080,5,V2,83701,2031616,3.490256986176987,v2_p1,3e77951981172bad7cdf1ff828e48f27a7e5e2a37e5a6fa77450dba1dd2c0a91
1,case_081,2,V2,76860,0,1.9749544626593807,v2_p1,00aa31bd93ce1a652a0a4f709893b249182467b102130a4c737b4bfa216b9389
1,case_081,3,V2,51978,0,2.9203701566047173,v2_p1,f6d13dc1757f34154d884b6937d51c9342c39b0e3e62331922be80542817483c
1,case_081,4,V2,39658,0,3.827600988451258,v2_p1,779c0fda594b79e6c121ff42ae1d5c38d0ee0fa5d1149b4a89b3ea4aee355efd
1,case_081,5,V2,30943,0,4.905632937982743,v2_p1,06d14d500f236577f13bcdd930e7fb83ddf0e39dd2b37fbc5d296b0daa038ce1
1,case_082,2,V2,427151,3207112,1.6880236731273015,v2_p1,d644ce0f25d2904c7de4a6e4f58c356d6dbfe6f02038bb41011fbdd43a52e9dd
1,case_082,3,V2,301992,2981972,2.3876162282444566,v2_p1,c93e247776052fabb4c112ed8e626e1e10750bd36ac2e66da2ca9d60c847d99f
1,case_082,4,V2,260930,3969324,2.7633503238416433,v2_p1,e529e2b7dac03eb2d1d4d289a2c2ed480fbfedcf51bc9b196f6a59951a22f405
1,case_082,5,V2,230587,4046504,3.1269802720881925,v2_p1,3dc7086b878b671e1134fd5fcd43c806ca1664161601b3c44b3cbd62a5ec6152
1,case_083,2,V2,513325,5908576,2.061058783421809,v2_p1,2987061557c420990bf1cca29d910edc292ef91e896a2d2b1edc5f36fa9f357e
1,case_083,3,V2,410250,7574528,2.578898232784887,v2_p1,ae6a11f4f790fb478991d859f13402ef01438325935eca4d8f98f4c6624aa7e1
1,case_083,4,V2,357797,12791872,2.956964423961073,v2_p1,ca5ebdc4e534ae87434b335e47a2c34590750e626c0e34c6acc3717bf56a5e3b
1,case_083,5,V2,357797,12791872,2.956964423961073,v2_p1,0d3dafc73f9190c53a42b2cc08756eb513cace375378f1b132ff7e73411420da
1,case_084,2,V2,687444,9934848,3.647441827988898,v2_p1,3751b485dbc1fcfa7e05a06cdd5dfbc76c2877e032e65de61ecb4d465fd7aed9
1,case_084,3,V2,687444,9934848,3.647441827988898,v2_p1,1842ae0dde5ae9d591ae77792f9922a70346db6841708545c2b62c28e56bfd24
1,case_084,4,V2,393772,9925632,6.367674695001168,v2_p1,71f04134a3c04950a8f873ffced5e57ec00f4dd704a991483bc3b858f0d5813b
1,case_084,5,V2,393772,9925632,6.367674695001168,v2_p1,89ad1d17afba9bc89f4b116e0514df0716af07484b8fde360c117f633a64f7e2
1,case_085,2,V2,1837742,15041394,1.734682561534753,v2_p1,cbc9fb66ba32e238ede3aec1c489661c89de2b6416fd91df9fe2b87353735e88
1,case_085,3,V2,1346525,15574168,2.3675007890681568,v2_p1,c53218c9a358819e4586aa992f045d32a3d6fa5765b9f2eeaa33aa11e89c92d4
1,case_085,4,V2,1077515,16974458,2.9585657740263476,v2_p1,f3535761b6ed50f0e677133715404e79da668f206afca5b804c603ce4d8a5538
1,case_085,5,V2,934442,17050508,3.4115536330772804,v2_p1,a17d39be1537d0f67bb96cd7e2f094622e4e589deb4990e1503954894ec0d0ba
1,case_086,2,V2,78663,1995432,1.5051930386585815,v2_p1,590bfe9226dd772b968237f7fce409ac868333e90167fa005da43aa5d6f1b186
1,case_086,3,V2,63585,1876244,1.8621215695525675,v2_p1,5d4b2c3f8c1c61b8ac56474e387558b0a0f1686ccc32455572eabd930cca295e
1,case_086,4,V2,62123,2005630,1.9059446581781305,v2_p1,35a61301c83250c7603ff459c59ad04d9514bacf337df7c52be393795029daa7
1,case_086,5,V2,55807,2211814,2.1216514057376314,v2_p1,161050e0149166b6f8a692b6b83743f174063d50994fce429e9fbf055994bdec
1,case_087,2,V2,1965480,10082304,2.021934082259804,v2_p1,787dd036b555c87b94405297148dd4e2d506d57a16c4223e30876883101e797f
1,case_087,3,V2,1318339,8824320,3.0144530352208347,v2_p1,0ee0eecb2abfcf293a32d1a44497fe36ec81812f2afd6e73205cc1e85cc8f42f
1,case_087,4,V2,993000,9838080,4.002085599194361,v2_p1,a9b95f1a16d8e93a8bdf61a16319b5bfeb8cb35f400118232c6565a118b88fa0
1,case_087,5,V2,802779,17634820,4.950392324662205,v2_p1,0f8f607f6130447135157c678f3c298fb7e837949691b4c5c9804ad4d10ec5d8
1,case_088,2,V2,152138,2034826,1.6013290565144802,v2_p1,c6b6cf2de945e5b821e447c544b9745bfce4ce17b271bf9664b4a802e39f4c5e
1,case_088,3,V2,126261,2427814,1.929519012204877,v2_p1,b5d9c49c9e9e64bdfa9280ee67cb84f8c1abefd106267f92af1e1232e39123a4
1,case_088,4,V2,103883,2486212,2.3451671592079553,v2_p1,8b08f5a93a5083d943191a1aee44c98aa5315c65833fb00e253effd01d36aa73
1,case_088,5,V2,100376,2641604,2.427104088626763,v2_p1,b3226d2ffcc4585598c8dac48e5bd0fa70c5204a387dfbbf240955ae41e4996b
1,case_089,2,V2,346832,238720,1.998350786547954,v2_p1,3eac13cc4576a27312a85933698fc88aa34f6abe068cddb406193a32237dd0ba
1,case_089,3,V2,243614,477440,2.8450417463692563,v2_p1,abd3440e09ce50b7a96b0231aa2b5ea89f06690ccfc1b6fd31fc40c5dfc6e855
1,case_089,4,V2,178160,716160,3.8902784014369107,v2_p1,5ba491f7fb88f53dea78a1cc0142d7665457d604b1adc6f731945080c306ffe0
1,case_089,5,V2,147432,954880,4.701096098540344,v2_p1,33421c2fadedb5840dc6dce95e6cf41768e086a9acce4d0402569de3420f2f8e
1,case_090,2,V2,599295,8143344,1.9662486755270776,v2_p1,26ef75c71581cd53e1251607dd587bae0be15d5f5f45a73637790dce8d617faf
1,case_090,3,V2,511402,11577024,2.3041814462986068,v2_p1,2af0603ec1fe86e65d494ba25e7d2b2aafa30860e0d8d18732408c7795af5ea3
1,case_090,4,V2,488335,14781552,2.4130217985604143,v2_p1,6be560c0a536b8707dc043c9af13d70ed0eb8125be07eee7e9a65b2920e2d262
1,case_090,5,V2,416935,19957344,2.826251094295274,v2_p1,17b4ec430e712f9c5cf672fd39be4b52d1edbf4b612bef30170449fcde2a7755
1,case_091,2,V2,4547311,46648288,2.0202640637510827,v2_p1,00a2c94dbc807d54d2fda532ae0be9a4bd4439e5ef800d3966560afa973be75a
1,case_091,3,V2,3025123,46099936,3.0368249489359607,v2_p1,9cf30d0a2027ad27cc82c59ed5f98ef2f3fb405451be461092f8ac14ae37b496
1,case_091,4,V2,2283231,53747680,4.023582808747779,v2_p1,28c1c8763bee9227683d7549d7ec9cc27274dc4eb53e1f73651859cc8f11cc3c
1,case_091,5,V2,1849705,37516416,4.966613054514098,v2_p1,e26b373669e7029d02841b7791806c24b1d71db5898ff9376ebc07e5e1902a41
1,case_092,2,V2,2144140,18778272,2.2459139794976073,v2_p1,934c5c7d1e84be67ec07db4a933294c8ed26d32d7b3bcfe24c1aabfe35383415
1,case_092,3,V2,1582287,29696832,3.0434137422604115,v2_p1,cf23fe49fca34e9523046d81e1f7dce31ffcb4ff879a0197f4dd8f99ac65113f
1,case_092,4,V2,1315425,32694688,3.660835091320296,v2_p1,2f75ce7aba1038762d586d0f29bf7b424d221405c482e0876ed02d260054ddf0
1,case_092,5,V2,1194245,34848928,4.032299904960875,v2_p1,f2e7224d7cf8594d2b086f76d4438cd8d3bd459e5dce05c6c32b8ce1144dbbf9
1,case_093,2,V2,37827,8192,1.9616940280751844,v2_p1,9aa7c94d8d4bd6fa2ac8078a5c623ad97247cace0466d0b75b811eacc0925c62
1,case_093,3,V2,25103,16384,2.956021192686133,v2_p1,53d6739050f0c5037a5a9c56b457606e14a3b3323b51e84e53973812a5c5dd33
1,case_093,4,V2,19849,24576,3.7384754899491157,v2_p1,b8484431131bb5ac4bc5be0dbd1f607bf3f98417ee30889894b9ddee17eccae1
1,case_093,5,V2,15876,32768,4.674036281179139,v2_p1,197bccce58542fd6ec5c399f0a84a5fc0c6bf3322b9fda783a6647595136584b
1,case_094,2,V2,47755,193536,1.987058946707151,v2_p1,5b6c65bbfe71b294cec757faa911041af63ee99d667b9da170220e4c491709d3
1,case_094,3,V2,32427,230404,2.9263268264100906,v2_p1,94c7850c0ad7f43d98b9bf22068eba777e79d3a96bca7cb313312760277f41b4
1,case_094,4,V2,25735,102912,3.687274140275889,v2_p1,b7e7b1b988f820d7e760b0a6888806e8cb3f63aa3d7cb2c85010945b94127756
1,case_094,5,V2,21661,202752,4.380776510779742,v2_p1,a2b604f99f001ccbbf82aa3d477c7d34c2aef3c7efaea381df5c27ddfb1effec
1,case_095,2,V2,575022,17031168,3.625692582196855,v2_p1,ae77370d6db3553bf6e5f9252047e0781d850de462ee5f71243a6464b3844ec6
1,case_095,3,V2,575022,17031168,3.625692582196855,v2_p1,38da0c75bc157829d717777ea6403990bb12430c51b14361ae2050d94337d5ce
1,case_095,4,V2,524422,0,3.9755254356224565,v2_p1,8e28875463cf6b9a009659703bd8200f6095b2211e6dd0e3a848e5948854d232
1,case_095,5,V2,419418,73728,4.970823855914625,v2_p1,bd32fb8c1c5886d8bdcc69f39529905a59637e08cfa9b551c004a111f2576f12
1,case_096,2,V2,43435,281756,1.9383906987452515,v2_p1,69245215ca9d178a9b7656ff01e9aafd10e0d8b34a8295974a447522f475babd
1,case_096,3,V2,29801,352512,2.825207207811818,v2_p1,9a88b6c60e5bd76875a961a798b8497a54b5c290245a45de7c36e98e1cea942b
1,case_096,4,V2,26984,131328,3.120145271271865,v2_p1,a2bec5ad64695bf212ae690ba7bb2cef726585d01f1372a10968723034266086
1,case_096,5,V2,26984,131328,3.120145271271865,v2_p1,96de2f47f55d35b26a81dad8770d782b95e41487837469996f2a84f3fd5f2fbd
1,case_097,2,V2,5156692,11927552,2.2284652641654765,v2_p1,0fee87c20af87b8624479c1d89c352f2fd74d8ff4482cd6009ef54b6dbce0ba4
1,case_097,3,V2,3473335,15880192,3.308494285751302,v2_p1,638f2082f35792341d67c6ff1e864d5fd4ddb9a6f65e26706f2446e30b125583
1,case_097,4,V2,2579804,11927552,4.454411652978289,v2_p1,84a7fa3bef7c82038a1f2436ad9a1587ba6db5c94b653e7d0bbe62f55b8028e9
1,case_097,5,V2,2111039,28831744,5.4435323080246265,v2_p1,498d542f92649168aeefb008d2c80201818d7532de8313359407a8cfabd050c5
1,case_098,2,V2,89620,0,1.9798036152644498,v2_p1,e1ece54985e923f7f81f2170531ef5b72c0c5fc87e7c91b7dade956a6677d4d0
1,case_098,3,V2,74024,1313400,2.3969253215173456,v2_p1,77eebe74ef7a874fde79c108594005228aebe03c08270ba7485d19330cb05483
1,case_098,4,V2,72550,1551676,2.4456237077877327,v2_p1,759dd8a2db9fa5d8137818ac7081d6b6d291f9f4153515a8078b5a4f5cf2da2d
1,case_098,5,V2,72456,1220892,2.4487965109859777,v2_p1,2a594984b82a2268b6b1a64a071f4c46a5b55d8d2059e78152da25e1cfbad046
1,case_099,2,V2,808685,4911104,2.0069606830842663,v2_p1,6291b6da4cb081998a4a781b8b5310257276f116e94b345cfa9d5a8ef7548e2a
1,case_099,3,V2,536963,5369856,3.022552764343167,v2_p1,9b8921ece7cdd37b2bd3b40ed11469383af0d44190d03906bc7c66a2e4234940
1,case_099,4,V2,408104,4616192,3.976924999509929,v2_p1,9635958311d13f3f5035c7d3b81d361e470f501e5318f3fba3245c3adf752060
1,case_099,5,V2,334806,4718592,4.847580389837697,v2_p1,456443e1b0827e0585bd64e5c8cf9eaab8d437dab78e1a55d173f9fb82c0d802
1,case_100,2,V2,77144,429096,1.960269107124339,v2_p1,93452e510514d87027b128f9eb1c11f14e7cd39cd772c71fcdb5140c210edb5a
1,case_100,3,V2,56210,467088,2.690322006760363,v2_p1,e044fb081c88bb6d2aef51ed554c5e9c6b6f2c69281f73335ce2a83173dc7116
1,case_100,4,V2,54829,745454,2.7580842255011033,v2_p1,157f73bba1a763d20625e9526002dca78e964a7381e92d35f412f650d8f64d0d
1,case_100,5,V2,54829,745454,2.7580842255011033,v2_p1,c85dad2b45a4da4221ea74a4e339d0411d2caf425b2489f6b44a986dadbf0bdd
2,case_001,2,V2,116868,1152,1.9946435294520313,v2_p2,c555a2513526677cee69cd85c1d0629b5f9ee446979888c4c5f36ec4a59dcdc9
2,case_001,3,V2,78545,2304,2.9678528232223567,v2_p2,de7ebfc53441c2dbea98afe715478471af91c7339f71de3e719e6046c86752a2
2,case_001,4,V2,58984,3456,3.952088702020887,v2_p2,869cb369b6dcbfdf2b8c3a2d2baa1b007681877bc572e51e60a9d45e6c8993f4
2,case_001,5,V2,47502,4608,4.9073723211654245,v2_p2,ba539c68a02183592d4fd172fd5871a983a87afc33a60354f93c42a5f6c3262e
2,case_002,2,V2,126098,3895296,2.077312883630192,v2_p2,1315200a8346f58f9807db92911406facb9e59c6ae90d5373e9e718fe6ea550d
2,case_002,3,V1_main,89704,150528,2.9201038972621065,v1_p2,ea0bb5eaea83c34d220ded0ef97c3f7222048d6a55a33c5000f33042a95da114
2,case_002,4,V1_main,68636,1099776,3.816437438079142,v1_p2,6956f8990845638996a390da83f604adc75890bd62cfe273d8ab4647d6fcb652
2,case_002,5,V1_main,55789,337920,4.695280431626307,v1_p2,ec8ff6ed5fa64c6ed30fcb95722a41bb502d65984d2024e3b121afc363f308cd
2,case_003,2,V2,308747,6608170,1.950503162783768,v2_p2,2f96a7c1db8eb7f39dfbc1fdcb654f651497ebeb15a1838e5b103336c70c7cda
2,case_003,3,V2,237087,2609832,2.540046480827713,v2_p2,d28eccf3ab74d20cf8f2f74f7a88cd2882b9fc4297fec92f6efd4ef6accabc00
2,case_003,4,V2,201011,3800574,2.9959156464074104,v2_p2,16f75142562b954f1de2573ab9152198358c9e4f83a289c6f450982f6fb7a54d
2,case_003,5,V2,182439,4402364,3.3008950937025525,v2_p2,6e7f77a813906bbdc72222641908b930e5155cd2921416fa686e3bcc8b9c243c
2,case_004,2,V2,198622,125952,1.9753954748215203,v2_p2,5966b4b803550b402813592953f11d59438d8c6d4aa0177638b748c8a25a1137
2,case_004,3,V2,130926,2101248,2.9967844431205415,v2_p2,6e90f3bc205211d8921941150fc0643d43f2a39ec97319dcff0b77cf8c638b8d
2,case_004,4,V1_main,102092,1714176,3.8431708654938683,v1_p2,c1a03b057852d10597928673d57ca4bff26baff5d155f59273e20fd18f26a91c
2,case_004,5,V2,85093,3277824,4.610919817141245,v2_p2,3cf508ff3b49301582fc231aaec7a8e05c162214fcc46109d8d03ff9d48e2088
2,case_005,2,V2,54161,1318726,1.7654400768080354,v2_p2,d25701885e5c08bd2a31adec9e21df0d282427378920698d670d9f285cde0c58
2,case_005,3,V2,45710,783372,2.091839859986874,v2_p2,de76cc0261d5277664b788ff2f1d51c5418db69e25db03291c6cf0fb93759357
2,case_005,4,V2,39085,1169426,2.446411666879877,v2_p2,be60ea0ccc5e8bdcbe987b7f65c4fc7a4c81aef834d31904ecd84820fbfb2b3d
2,case_005,5,V2,36477,1554264,2.621323025468103,v2_p2,a551ddd892aee4332f172c071a2758fb9ca8d358248debebb000960bfaad2f67
2,case_006,2,V2,38822,16256,2.1337643604141983,v2_p2,9c29f61b48830157d63ca4110f1f1ce2167fd5ead37e951516588814ffa4f22f
2,case_006,3,V1_main,29710,716630,2.7881857960282734,v1_p2,832c47c01a7c5b43dca7c902175ed35dc9496286083aa703f5cfaba2f3eb9730
2,case_006,4,V2,24772,471148,3.343977070886485,v2_p2,2582c5a7cf5c777fde9c291c7d0033532b2841f874fc62907690edbe0f063aa0
2,case_006,5,V2,22891,447702,3.618758464025163,v2_p2,3988a43bc581815534abb3fb8e3ade018ad21be1ed416dff6254b1b75e753831
2,case_007,2,V2,507494,27648,1.9952196479170197,v2_p2,52e45c7def064d9582275c0b1e8e5b133136aed515b6148df355f10cfe4536f2
2,case_007,3,V2,338094,55296,2.994912657426633,v2_p2,cff09cd7e5818ea1d8b7d4debdaa45abc8fd831a3203afe0780f00efaf7937f2
2,case_007,4,V2,254398,82944,3.980227831979811,v2_p2,ae3b9ce6da689b1b521f8dddd32700c23a42b6ba543f04c11fa60df4b1eca51f
2,case_007,5,V2,203834,110592,4.967581463347626,v2_p2,ac3910638353e048a1562b3d2d07079af46a445e0c7275926874186e9b0b375b
2,case_008,2,V2,136244,3538944,3.5789098969495905,v2_p2,adcf5f4e8d9127ba19de35a7e8cedbf1ed785b82d4107011c39b924f99ad33ea
2,case_008,3,V2,110229,3317760,4.4235636719919444,v2_p2,7c17f6005b5f9112167b7f6176c5c32fee56f302b21b14d07bfecff5700b1343
2,case_008,4,V2,104264,3096576,4.676638149313281,v2_p2,3957dfc55136191edad0e0688111cd16a2b31477f07726f014d5f8b793bcf1a5
2,case_008,5,V1_main,92896,1042944,5.248934292111609,v1_p2,72eeb96fd30155233a5221ae1ca87d1d332fdd3f611c4f6f8531772d2a06e2c0
2,case_009,2,V2,86836,406648,1.7649477175365056,v2_p2,65b3937327ddc5eb46feecb7e1a45d760fdc7db6e2e0fa053a463ec000eb761a
2,case_009,3,V2,63206,601300,2.424785621618201,v2_p2,b3504b5f0d524ab1dbe3098924c17158e54132466e666c186e60c8ad836923fc
2,case_009,4,V2,55128,784890,2.7800936003482803,v2_p2,92d119f9604b45029a9942c93a2543c6f036d241eebf7facdbfa1a07ef5e8643
2,case_009,5,V2,46780,902070,3.2762077811030355,v2_p2,0a134a1b8630f74c6c0643d80a74792825e4f1533aa7f0aa1fe2c06b9e1ae734
2,case_010,2,V1_main,36096,583036,2.4093805407801416,v1_p2,9406646e8513972136c6689e35d5d1845c254147620b47c45c49254ebaa04e06
2,case_010,3,V1_main,27182,625832,3.1995070267088512,v1_p2,b85a436e34a60666de499041d83f715b933523cf65d16b3e5676644d83cf5166
2,case_010,4,V1_main,21907,493096,3.9699182909572284,v1_p2,3ad6d12b8b5cc540a7d8bdbdf72c18bc95fefa4e14c23ce878133ef76275f0fb
2,case_010,5,V1_main,20897,704884,4.1617935588840504,v1_p2,3c987492a07fa0cb81664a68707ebc159a898aa6bfe88584d0fedbb8a9a054b2
2,case_011,2,V2,92646,180224,1.9935777043801135,v2_p2,7897e63782a90e5b503d4390c8ae4abdb5d45d496cb01077143cd9b9d906403a
2,case_011,3,V2,64014,692224,2.8852594744899553,v2_p2,68a9ee8ffc1acc79f05a02ea8e0e3e1038721e80265ff29cff602911c9b8904b
2,case_011,4,V2,46880,540672,3.9397824232081913,v2_p2,78d70b9190e58ec806ccca400495ac8fed30c0c595abc49683fc6e33aca54c73
2,case_011,5,V2,46880,540672,3.9397824232081913,v2_p2,d09567e7d726b53628f28288b05a9e5d3e7b48d022d222a39a80640b7d094638
2,case_012,2,V2,26568,357188,2.2240289069557364,v2_p2,8bcb09f9693d3bba9cb72f19bfb5e84157d596a1cc01d6ce3ee3d70ed1f388bd
2,case_012,3,V2,19596,9216,3.015309246785058,v2_p2,f5f1f7a08a1134ce9ae614c972c45b939e4a13a6a3bc3b195df3dc527789d7ba
2,case_012,4,V2,14530,28800,4.06662078458362,v2_p2,7b2503d71f9b9e9f3e0c4e2b3586ef8c8a4f657cf856d401adf5b1aa6786b8f3
2,case_012,5,V2,12351,53656,4.784066067524897,v2_p2,1492b35c33bad79c2e65dace610af72faf4d75ad94eae1cdd1b2b8a3a23798e8
2,case_013,2,V2,132198,8192,1.9966187083011846,v2_p2,62f03412ec11fc40759649ee2e10caba40961eaea52688379934cf8389875f21
2,case_013,3,V2,88351,16384,2.98750438591527,v2_p2,30223ba592127082b280e7472bf11631714c6ad524536847b28358a68fc69ab8
2,case_013,4,V2,67017,24576,3.9385379828998612,v2_p2,84a015b327fdf581fb6d4a7db4ae425dadd10e08c48e426dd6096610a1dce66e
2,case_013,5,V2,54468,32768,4.845946243666006,v2_p2,5bf8a9ce90c9a85407ffa0207fe2db6537a7beb7ed3f704775539819fed9e1b1
2,case_014,2,V2,8810639,57265056,2.008778931925369,v2_p2,76adc8e666a2ced658fa0c113b51d6ddd7453b5adea83aef6525e32af4e1b005
2,case_014,3,V2,5936316,53581560,2.981415746735854,v2_p2,f3ef4f53b9611f4195c72be639de205bc753f2f897d8511414aebc0112c83bec
2,case_014,4,V2,4435855,55191456,3.989901834031996,v2_p2,2dc063568c1d0ffbb50d2bbf8032bddcaa5f8134652496169a2ca052950f3338
2,case_014,5,V2,3537471,54646176,5.00318617452977,v2_p2,e6525e26025cecc12ca14a10f29926d21cd0ccd782f4d3889ab4a3a8bd4dcf7b
2,case_015,2,V1_main,83674,982064,2.1196787532566868,v1_p2,4826d6e269f5c68c85c7121186492888de7ccfe5bd890d55312ddfedf7d64b30
2,case_015,3,V2,60250,258568,2.9437676348547717,v2_p2,90d22735c6dfa0777a1a988226718e1e55228e1e40eec1dccb69c3afb5769da3
2,case_015,4,V2,48585,361096,3.6505505814551817,v2_p2,88a7d32be8fa0654e27c5824d52c73fe108bd0d7101e21e6efdf070ba1600f75
2,case_015,5,V2,37422,372178,4.739511517289295,v2_p2,be98cb6c2bca4196e6c14ea1651f1bc4b159b270e6a9f1c9ada95a19a4d3fba4
2,case_016,2,V2,4799766,20196052,1.607478989600743,v2_p2,48c62d4b73cac656eb12bc5728208146d5cf19cb7ba9d3cb1f4849bbb43e2be0
2,case_016,3,V2,3683160,39991560,2.094810706024175,v2_p2,70270d227a645ad38f8b041434f11232ac0d83669eb568bf443446ee4b3c4240
2,case_016,4,V2,2252262,572912,3.425677385668275,v2_p2,8fe6396bd13d624f1157559c827da6e921715ef2b43eafd2479045e3a834b240
2,case_016,5,V2,2242186,606908,3.441071793330259,v2_p2,ccae5c1a63bfa55de02df9dfd641a48d96c036988f564a21304661181c96b01a
2,case_017,2,V1_main,72979,330014,2.2309157428849393,v1_p2,4edd7724821f3396f60b0828cdf92033c8f2f55f8c8491acbc455eaaaa6513fe
2,case_017,3,V2,48286,164736,3.371784782338566,v2_p2,2a74f116054a5e20fe2d0d1b1026ad9931aab916d643a5927461fed38d18e2b5
2,case_017,4,V2,37456,258844,4.346700128150363,v2_p2,1954b3da9f61c70bc036c7424aab963d142c09cd717fabfcba2eef7e2d0341dc
2,case_017,5,V2,31908,322560,5.102482136141407,v2_p2,59aedc4f9a05bd16236ed1f72c48b8f6e7c3db0e424e024fc9f996eff73a338c
2,case_018,2,V2,500574,2748416,2.0064306176509366,v2_p2,3ade92455fd4579f1ab369b0c2ae2880d674ca808259588c987a2813a2d07ebf
2,case_018,3,V2,338555,1822720,2.96662876046728,v2_p2,0436b078955802ad7ce955a716f0f681dc711506d428440ab547477af81619a1
2,case_018,4,V2,252907,3194240,3.9712898417204743,v2_p2,083c2aa2270152af1b7813ca0dcec58f79effd374e8578d9166ae56e3e70eb89
2,case_018,5,V2,203149,2555904,4.943991848347764,v2_p2,ce4a1800938184d33399f99b63264bf160b8bc16c99b60a55f62d478ea249e7c
2,case_019,2,V2,27791,772144,2.9197941779712857,v2_p2,ad96a19891bbfa10bd0230808eca80874ffa7ad3739550a43a166ed70cbb749c
2,case_019,3,V2,22003,789608,3.6878607462618733,v2_p2,ca4880cdc4b382dd4a045915f516695b047929e31b4ea9a62051544be1a0ec7b
2,case_019,4,V2,17026,577912,4.765887466228122,v2_p2,74b53d8056400bb4c1308333a2c2dddfa5dd8c846eaa3fc1237b656afb742a9b
2,case_019,5,V2,14382,499352,5.642052565707134,v2_p2,549aa932bd5d340b6c6f4c0cf6574409c2404f63fa0a47c5fcee49a72a8ccc7d
2,case_020,2,V2,266580,0,1.9984469952734638,v2_p2,73f01de9b4e5e4f3549fafb528e476bdbc80c310a01c525afd88d6b72305d011
2,case_020,3,V2,177950,0,2.993796010115201,v2_p2,e12056bcb38ec0a0a1f76401e6ab2432c3d48ed3f0b285af638799d6ba452f5b
2,case_020,4,V2,133704,0,3.984518039849219,v2_p2,90a2e507b2349ce4278b47ea409c554e78f9056d25ff72fb8d59ad1adfd59ac1
2,case_020,5,V2,107726,0,4.945379945417077,v2_p2,d0e73cb10dbe5c38a24a62954143c86768329124f982451b6a4cf6c959e07678
2,case_021,2,V2,3148331,5222400,2.086164701233765,v2_p2,cf13fa26dbdba2c4c55e50e2f4364408275a51a06e879e6e63ed177f78aaf8ec
2,case_021,3,V2,2149858,37478400,3.055056194409119,v2_p2,65a633438add694a042a23d14ce99b09576d739cf60996fbd193315269e018ca
2,case_021,4,V2,1550324,4608000,4.236493145948847,v2_p2,7df3e0f675579029e3e341ba778cbae523ea1449e428ac0f31654f428444a095
2,case_021,5,V2,1249068,11395072,5.2582701662359455,v2_p2,c7b6a73074d1fc61099cf702740aab99b9cf6be53a066e7fe2f1ab1f5f48cfcf
2,case_022,2,V2,28463,32572,1.9948705336752977,v2_p2,eb93ef6f321431513bcc67de8995384a5b471bdf37965b7dbebadba20553bf7c
2,case_022,3,V2,19072,0,2.9771392617449663,v2_p2,1f7500e7232ca0d860b215f35e3c9f78d1833b472f010c9a4aa59a63babb1970
2,case_022,4,V2,14631,6912,3.880801038890028,v2_p2,27508f306c892175d7dca1375d37f7eafd2ec5e3f029603dc228d621e9a9ca36
2,case_022,5,V2,11810,6912,4.807790008467401,v2_p2,8a19d87eee687ce7eeea67f8bd7f5862804b0acedce751d4e06d567c95649291
2,case_023,2,V1_main,49037,847364,2.500438444439913,v1_p2,422ad77a963b3f8344a2f014a24a0a42f1e4cd15c8a5937fc2f6281f95db5e44
2,case_023,3,V2,31979,461448,3.8342036961756154,v2_p2,0fa2ce7471fcdd53b66a89475ae2fbbb5f9e11cefd946c2b46f927fc98c24a86
2,case_023,4,V1_supp57,29185,1151652,4.201267774541717,v1_supp_q2,a6a6c547e1375dd74847929fa919541b426031766e208509e407efe0723a6274
2,case_023,5,V1_supp57,22715,562052,5.397930882676645,v1_supp_q2,b7c2a4655ea72c57ffc04bde8dc023f1bdff18e022397c9c971f0862d85c0a37
2,case_024,2,V2,1574826,7147020,1.6226192607945258,v2_p2,40c61bf57aec9ffd7342c9b415437461c9d31ff949f499551e60d89595258f50
2,case_024,3,V2,1213129,13275864,2.106406655846163,v2_p2,fd737dfe82c0d0a9f57bb25b0bef6e12261c339d6a01ab457c2e95ad6d51a760
2,case_024,4,V2,753270,562304,3.3923334262614997,v2_p2,a8641c5808ab37203f5008bfeba519b55ab6d770ed972e1bad2f642cf00ef805
2,case_024,5,V2,748498,595484,3.413961025947965,v2_p2,9953ebdfeffab234f7e123565bbd5742636c629b094e7290cfb490e03e5da415
2,case_025,2,V2,2431840,27648,1.9997310678334101,v2_p2,b3e0dd007ef9537f5adc5616b9e86d8c4e21aebad493c3f4e86170880e788f75
2,case_025,3,V2,1622164,55296,2.9978633479722148,v2_p2,7dd27d82e7c01b0ce0dd9714fcbba694b447adf5c0e056d0d6f19d267071b170
2,case_025,4,V2,1217470,82944,3.9943702924918068,v2_p2,7a11c8882a32d9104e3a0d39b6e6b7035cbb1b376a5b157dadc6a91cd2ba1e39
2,case_025,5,V2,975360,110592,4.985878034776903,v2_p2,05d1f03a7f3b600ef007006322b258fddaedca18268647d7dcdfbff9fd2b3c06
2,case_026,2,V1_main,46336,495364,2.1409487223756907,v1_p2,cc646de86642120130cff822eea7017f2f22c62e0e011c94d081dac4693851b2
2,case_026,3,V1_main,35627,696884,2.7844892918292308,v1_p2,3c0b69b020ac3a6009fde238ab1ee92e5ebe75d673b7f33f88bcac3567ad65c7
2,case_026,4,V1_main,31096,748928,3.1902173913043477,v1_p2,9e2fa88ad297f093fd44eb71db6f12847bec2948fd3c4697e4bbdd404c68acac
2,case_026,5,V1_main,25218,639396,3.933817114759299,v1_p2,11f4b6ce9f2c60b527922755ac403dde72a4f95f637eb37157dc8da98affea03
2,case_027,2,V2,1115722,1105920,2.118764351693343,v2_p2,3d9ceb43ba2baea3cb777e8cf7b7202b097cd550d92b2a38d3c5854437934843
2,case_027,3,V2,744685,17143808,3.174432142449492,v2_p2,fcafc0d6b3a6504d78b9250a17f90055ada76b48fa3067c90379842d4ad1d0a8
2,case_027,4,V2,559196,2211840,4.227412213249022,v2_p2,a1f9710ef174a8237f0b55a235467230e564afab748e5e9615aefa1f62299baa
2,case_027,5,V2,449751,21239808,5.2561350614006415,v2_p2,c35ba7ec176b116c9c337b8152e4d998318177777552e5ee9829c5c44bc725bd
2,case_028,2,V2,20199999,104818224,2.1701010975297574,v2_p2,f3e2ca032fd04d7e10bdd865761e3ebfc702eb52898fc1cf44fb047b81dbe2bf
2,case_028,3,V2,13486222,58892544,3.2504314403247996,v2_p2,bed7f98b3ffdefd806263426e8c2250dce5dd83b93af3b9fb9f5158491c47a74
2,case_028,4,V2,10176437,119581920,4.3076019632411615,v2_p2,a092ec7f2e3c52c71f31f01d5c741afc830d5b99752ce2735f8730f6e4e68310
2,case_028,5,V2,8280551,124546560,5.29385544512678,v2_p2,6b7037ecf35cd4d34cbb24650cdef0bdefeb0e82d740e5a4d47353936bf99990
2,case_029,2,V1_main,19390,217152,1.9368231046931408,v1_p2,23ca67cc12cbf0af98b29ac6e580712aef2506548305916bbe2ef88ff985c607
2,case_029,3,V2,12743,0,2.9471082162756024,v2_p2,1315ee265b909875aa3849e71136df3e0a3d4b3c43fad96a53b1ed184c4e9884
2,case_029,4,V2,9886,16412,3.7988063928788187,v2_p2,15fd1e60df2fb9c4b0c40319821762d93344cf31cd74fc2c16e0c85635657770
2,case_029,5,V2,8364,16406,4.490076518412243,v2_p2,5ebf65d07ded36c66f54f3bb4321bcb73ca3eb5d9ae3a378f66bc18ed4be0d85
2,case_030,2,V2,1402905,2588672,2.0015852819684867,v2_p2,5c2a6fde0c5dc901d1e3441ecd4d50516a0c167757216613e34113427323a475
2,case_030,3,V2,941995,2366464,2.9809436355819297,v2_p2,41f18ecb36f5df4954fe38208780eda1c69812ddead9096b64b45babfc890403
2,case_030,4,V2,707133,2580480,3.971012525225099,v2_p2,87bddc8f9037f097a1a09db1e4183a7bc62e382eb5668c7fd8ae7cd0b5bc8019
2,case_030,5,V2,564152,2258944,4.977442249606489,v2_p2,1454c306264b4331a51a27b16af2fb9cc14c38037a4c021aba14932ed7502e42
2,case_031,2,V2,700900,3840004,2.0179326580111288,v2_p2,00ddbaca64722da1de4886daebcc4a61d9660cfb598425639f475960c991019b
2,case_031,3,V2,474039,4404736,2.9836553532515255,v2_p2,b6d7f589405ec86cee23b6d4202efb52fac03b4dce4b6622d5668619f65e43f5
2,case_031,4,V2,355562,3531264,3.977840714137056,v2_p2,9985feaf4c6594539d558c7488e5f509c211b8094718e6effc8a77e0865a57d0
2,case_031,5,V2,282234,3973632,5.011334566352743,v2_p2,c4a5239de7baabb1a8241fe4666a6b874bcf1c1b759e3a6517ff36c2d82ae276
2,case_032,2,V1_main,18703,208980,2.2158477249639095,v1_p2,beedcef9cf713271652a5de017f81ce8f33e0cb64fbb79d4cf576f2545aa457f
2,case_032,3,V2,12830,12288,3.2301636788776307,v2_p2,f2f7c6603605e2801555f634144ede7a7cc7ab7586ae6cbc6bc21c215e901003
2,case_032,4,V2,10733,18440,3.8612689835088045,v2_p2,0adca54cf7346c246853943c98d69e45b02249a9981651c9075798c6d1d009c5
2,case_032,5,V2,10733,18440,3.8612689835088045,v2_p2,7104234f886653eb6a1ea9f87a376f7723101fd23171e9af83ce1d1dc3c78886
2,case_033,2,V2,884621,5427208,2.005600138364339,v2_p2,ce06eea5e5add669ce81043caf53b26ee83a41d2b1ea30d890639c3025d41590
2,case_033,3,V2,602508,4366848,2.9446845519063647,v2_p2,f57099a9c3b9657bb8fafbadf2f81bf4f86c84bd1a651d872dd8354100ffd534
2,case_033,4,V2,441529,7902720,4.018300043711738,v2_p2,1f1d8d897f7a428adf9f9daa9d61a25a3cbf7509750ba350671402daf72db6db
2,case_033,5,V2,358218,4704768,4.952838774154286,v2_p2,eee43e25650a120b479a44eb8dbbaa83af08c4787f5a1e539c299ef9476e2faa
2,case_034,2,V2,416960,3957344,2.021767075978511,v2_p2,f55408fedf12a58c297ddf3f56b84dbdafb1e557c2cb944b5d987da06121fd3b
2,case_034,3,V2,276722,1916424,3.0463642211316775,v2_p2,a49a6c4a3f0548a98dc14d3eb302d78dae68b239cec7ed1d521d3126fe6763ad
2,case_034,4,V2,210907,2133504,3.9970034185683736,v2_p2,a0beec47b26a1e4d617f3fe44e61328b912c30d4dd85b8bc4e069254a070e177
2,case_034,5,V2,162533,3100672,5.186614410611999,v2_p2,439ab15fc6a225916703e925ace64c7b72819cc8c9ad0ed4bca2827e1397ccae
2,case_035,2,V2,95406,0,1.7773620107750037,v2_p2,b041f7023ca898dd4b506ce2762bcc0d4b1575b2792ad2f8a98fcfe72056427e
2,case_035,3,V2,88015,644086,1.926614781571323,v2_p2,9b31ba932a1bc40af87a964cd22deffcbb590752d2f8eb073178e0989e8915bf
2,case_035,4,V2,75009,726662,2.260675385620392,v2_p2,b261b5e2c2c3619595aca07b32fb4f1be104553ade4db867242c2909fdd3e079
2,case_035,5,V2,60238,687842,2.815017098841263,v2_p2,9a6d010774d144be72b45d0a4638a63450ef01d0938b84dcaa2c26465d1daff9
2,case_036,2,V2,466068,1152,1.998656848356892,v2_p2,41aec2e26816fa6930a5f04a2972a76b2af902757fae069e08c88f7537b236e7
2,case_036,3,V2,311345,2304,2.991890025534375,v2_p2,883ea195b1e48fe09e23143b61883138bb067914c7ac874bf90e4b3ae9a305df
2,case_036,4,V2,233584,3456,3.987901568600589,v2_p2,0fe95a02c723b15a2b2688165af19ed0ceccc7f476540d29b4f39c3d8620d60d
2,case_036,5,V2,187182,4608,4.976493466252097,v2_p2,885484a871cfab918600f2a99c236a04a0669b0b62a3c302b34b7fa971ca4f04
2,case_037,2,V2,105374,204800,1.992910964754114,v2_p2,b53cbb36a64da0696e1ecf3e4d1992d2aa644500368c168082ff621b32ad6d42
2,case_037,3,V2,74038,491520,2.836394824279424,v2_p2,9888f7be62cc14a1d2bceb2ac80403741022de470ec3f8480ef6c195824b0a2f
2,case_037,4,V2,53320,614400,3.938503375843961,v2_p2,05fdec5fde1d5a20878ce6cf6374b128e3f0b217bce134464076d12116c36b2c
2,case_037,5,V2,43013,819200,4.882268151489085,v2_p2,2312bd28bd7aa4321141b5bf23bdbe6923f5d3bc5a1d0e627289b322cd91b39a
2,case_038,2,V2,670314,5136384,2.0356952114978952,v2_p2,e29144bb3ce3557c2a6e869e3a868ee62a47787fa362cf13b54f94df68baffb9
2,case_038,3,V2,456035,3649536,2.992215509774469,v2_p2,5561e2c3c128331f914943f77de3f073030efda7d589cadeaa23a581929be536
2,case_038,4,V2,337197,5270016,4.0467590162427305,v2_p2,354e3f6b62241dfcd9276e88ced1912d43df3b88027b8a55bbfd12dc06f8fd4e
2,case_038,5,V2,276035,6779904,4.943412972992555,v2_p2,a380476e266d405e0bee14c5840abc45e2a181c99db35139bfadd8ff032a2733
2,case_039,2,V2,716933,13004800,2.001947183349072,v2_p2,0eaa6b0518a8331fe286ac5afcc342d5adb913c130eca49417844c075cb7e746
2,case_039,3,V2,478401,11722752,3.000123327501406,v2_p2,a43ee8fa17031173aaf0b580faf2232b756a286dff7ec06e9707f9f8995677a8
2,case_039,4,V2,385929,15843328,3.718979397764874,v2_p2,75bf3027d566dca91ee2b4b4bf24c93e88cab73b81b3f4c40e16b4cc0534ac0a
2,case_039,5,V2,327297,8065024,4.385197542293391,v2_p2,f7405741ab9b6978bb2e1e0ada98598e76ed96351658341dc7c0897a97d0d7a5
2,case_040,2,V2,122362,0,2.071345679214135,v2_p2,a378a5c47112e40c03a4c7af8c8ba86384931487c8aab354cf3543f531e72ffc
2,case_040,3,V2,110105,0,2.301929975932065,v2_p2,da6784c99c766e6f969dcf2aba2588418423b4420d2bc59ea0a400e2eb1cebc5
2,case_040,4,V2,110105,0,2.301929975932065,v2_p2,58106e32d1d446577a15a28091027a0a729c8ef9213702fbcf7c1cccb4b52325
2,case_040,5,V2,107551,2992794,2.3565936160519194,v2_p2,4de936e1170d9ea360eb2809cce08d6cbbdb63b0a2a489d8454caa6b91d9e6d3
2,case_041,2,V2,2987390,16864256,2.0097667194440634,v2_p2,41da62694349a27082647afc7c02dee936ae293d0068e13ae9c46d2421cb2168
2,case_041,3,V2,2006786,17716224,2.9918272302079045,v2_p2,d4ed218a2cc5b22a2ec69d4d882aaa46bd401b500ccc550f664b8df6872e6734
2,case_041,4,V2,1502089,15799296,3.997071411880388,v2_p2,358cb32dcc8715f28d81293db49009abf14d2bb34d629066329c7989dec73cb6
2,case_041,5,V2,1196457,16516100,5.0181134800498475,v2_p2,6c948d1966a3f83461c66f74100e3fb8d434d20674bb64886c6e3053ad1e23eb
2,case_042,2,V2,828101,4945920,2.036877144213085,v2_p2,14603f4987fdf585c3acb89cbe8e016dd373e949f05dc457f28bdd7370312f72
2,case_042,3,V2,565109,3895296,2.9848047013938905,v2_p2,8a39069ecd2dd1432c0fd5f4486d9329d263136566a75cd8acdd941ab0f232f9
2,case_042,4,V2,418795,3753984,4.027603003856302,v2_p2,1cfd80570de58846f2a31dee9ba00d520d7589486ca92e38986a0d4ed2a43a82
2,case_042,5,V2,339578,4184064,4.967165128483,v2_p2,bdd067c44fbcb316a5d2f0e703407fc03abee12759ab81d4b258a948b5699938
2,case_043,2,V2,333725,417800,2.030582066072365,v2_p2,f31d357b3c47f92076ba76220498afbfcc668e2092ee2285f72b5787cff93af5
2,case_043,3,V2,271072,92160,2.499911462637233,v2_p2,5cbfa5c3e610b3d8934d550f356e438dceeae5b71fa6fe7ff232adea0c7b53f9
2,case_043,4,V2,235671,5888914,2.8754322763513542,v2_p2,a6e189d50401d3c9dc7ffcd5869a3b7e14aa9102769a364aa4b296a5c913f3f7
2,case_043,5,V2,200001,5505312,3.3882630586847067,v2_p2,13d72b6b1b52b75ab4bd8148b58886f3159bf7395018e2d90e3c7d72c0373353
2,case_044,2,V2,44055,930400,3.504868913857678,v2_p2,8045b49312b47be258bb88054b1fcbea313bcd404cd2ac63604b51970b17490b
2,case_044,3,V2,44055,930400,3.504868913857678,v2_p2,51f5421823fc7d9811ecb086915d6154908b1e7b4b9fa3f3a04861e0804a1a57
2,case_044,4,V2,43967,93792,3.511883912934701,v2_p2,0c8fd0107382606c1b1be9d58522a84652e4181d3d0573705ed2d24d4eba0510
2,case_044,5,V1_main,43151,423328,3.5782948251488955,v1_p2,d7ad3902a188f15b47c041fa75f80cea907b47ed1044a9aa09e06dcc037ee9cd
2,case_045,2,V2,63059,0,1.99200748505368,v2_p2,5510b88ff3b4f2aa1b95e02638d92e6c0aa9846a3684fa7bc3d58651f03bcaa7
2,case_045,3,V2,42304,0,2.9693173222390317,v2_p2,bf023d6ab58a2a39313483ea74e275fcb3659e6dfbee2d213770f8dc11006443
2,case_045,4,V2,32037,0,3.92090395480226,v2_p2,4b65392c750fe38752de6bd5830afaaed895e09790f5dc785ec0921647d03e06
2,case_045,5,V2,25860,0,4.857463263727765,v2_p2,28dde8dc91acd06a6113ae3a79a8b01a6757deffc2d7d65e11d002eaa72507a6
2,case_046,2,V2,107387,930400,2.57438051160755,v2_p2,21afdb0d73c0e68c57d303a8cc97aa55e9940130a98bd5970503ff00fc502958
2,case_046,3,V2,80389,1926336,3.438965530109841,v2_p2,3edb29e85b20c9e8c8937052c9873dcc63747b835f1c266218dafcf5e05c543e
2,case_046,4,V1_main,77911,2144032,3.5483436228517156,v1_p2,7008a3caaea4a9a8edad5c019d714b83b75b8f29184d6782543f17a00489d4b4
2,case_046,5,V1_main,73761,2184128,3.747983351635688,v1_p2,54d5371738756cec2c454d1c04487efba067cd3bddeeab795c8ccc1fb4898d48
2,case_047,2,V2,192864,2513638,1.6929442508710801,v2_p2,d10210c2339efe4fd6473f445bb993b44e824e2ec0dd5c61783e04955a765295
2,case_047,3,V2,125363,1305708,2.6045005304595454,v2_p2,bc092c26b62504f5a581196593cda7e8408692d72744530e10d0e461c6e825ed
2,case_047,4,V2,113414,1740658,2.878903839032218,v2_p2,0296d27022adc0aaa0ec4a17f950abe4cb0eed9350e2183c729a41da6a8e2006
2,case_047,5,V2,99915,1966040,3.267857679027173,v2_p2,775a095ca58df849320dabe913cb2b08cf9ec446d319471d054e9612027c98c0
2,case_048,2,V2,135551,955238,1.6393829628700636,v2_p2,3cae530d3c9e6e4f5c83cb9d7698b8fc15645538c1e57958eb1173897cfee0d0
2,case_048,3,V2,111394,744588,1.9949009820995744,v2_p2,fc54b421e88fd71ee59d8f8d2059b35ed783c91963843b4447275a2ee0eb392d
2,case_048,4,V2,102681,812242,2.1641783776940233,v2_p2,c9d967444f73ddfc20c6e6673241280967a7302d49f548019638d7f8094ed296
2,case_048,5,V2,96482,864276,2.3032275450343067,v2_p2,7fdaadb63b9ddaf24649b7352902babc22813b86e5db0f23606287fa64e2a927
2,case_049,2,V2,111154,2724434,1.7658024002734944,v2_p2,75c70211770885138b4bc23e42310bc7f51aef73a0db04361d1254dd522d16e3
2,case_049,3,V2,79323,614036,2.474389521324206,v2_p2,bc60d81b2ece9d08a4a1ea96b644443254be1ef87339cfc7583d9a0e38d16852
2,case_049,4,V2,65351,739406,3.0034123425808326,v2_p2,463639ca8a6437e08a1bfa3851deacd44ef906beb3493910f0bc609d487e0247
2,case_049,5,V2,60878,925928,3.224087519300897,v2_p2,d20cc99ae84a1a97bf4b215a7b1187cf0a5bf0e981ea5c9827f0554e0f51bab7
2,case_050,2,V2,80644,350010,1.856182729031298,v2_p2,a6cf8117a8773d6db2615e37ce8f804f68f0d8ed1a6dafda5d1d7c663d775ad4
2,case_050,3,V2,59366,489526,2.521476939662433,v2_p2,de9c634e9053cc348e953fd35d7b24e7822b062dfb8c120da382b5dd84ebf743
2,case_050,4,V2,52315,660890,2.861320844881965,v2_p2,270734ee59143c0f0f395cd43f4908a61c96c446350a37ec3bcb353ff57e1b88
2,case_050,5,V2,44764,717736,3.3439817710660353,v2_p2,10690d888d95ba8e5759313fb9b3c5412685c884c43d41b23be7bb3a8519672b
2,case_051,2,V2,357152,1966904,1.7013148463399337,v2_p2,d0f02bc627cae22bf1b308b5dba7ec9dec512f4fd4353ac802ae186d6d4f83b0
2,case_051,3,V2,278240,3048568,2.1838269120184015,v2_p2,c3e00cc06044dbae37fea48a25944e41f6b7e6ef71b730aa7de4bef01f459eda
2,case_051,4,V2,187486,558300,3.240924655707626,v2_p2,c2aad6358491e8850611991d1361651c17412255402d390b16066d4af8db7657
2,case_051,5,V2,184729,591172,3.2892940469552694,v2_p2,c031f7ea5520a7a94a1fc244ce94d216fdd3200b1e08130ee68d3694ebf1bc0e
2,case_052,2,V2,79211,1769384,2.276211637272601,v2_p2,1f3015e76e0d80947cb94675969f37d1d60277e782f6e29559cf120050d82ac0
2,case_052,3,V2,57137,894310,3.1555909480721773,v2_p2,a1d2c1f2233b5c601a94d4961899a72a856bfdcf050a607fa86094ebe4aeeb33
2,case_052,4,V2,45504,1112794,3.962311005625879,v2_p2,b024a5e8ad38c58fc60e4efbbe574618670fb901dcfff76af640309719dcd13c
2,case_052,5,V2,37894,324096,4.758035572913918,v2_p2,115ee228eee8acf100776148193c1e3adca7cbd8e142d0e36e6eaac4a094d132
2,case_053,2,V2,706592,10380850,2.084209841039808,v2_p2,095fd4000362ce7f6c1066d1487108e3f3b862f050a2981080547889bd190104
2,case_053,3,V2,533706,14905648,2.75935814849374,v2_p2,2f8e30412e117036ef62c407ebeb1a19e13446cf88c1c092c8c5420affce798a
2,case_053,4,V2,452294,10384222,3.2560370024806873,v2_p2,0ac613972dbbef04605647f8c63442a2dbe902f5839651de3459a95f9d41cf6a
2,case_053,5,V2,389130,11114576,3.784560429676458,v2_p2,b6fa3467b19043471a15be026941bb4b6edd98d4ba8729d234c96e38edef1456
2,case_054,2,V2,437905,1557930,1.8612507278976034,v2_p2,d1a6c1dc9083904153558328eb5243b1d6eb0c0095a751e8a651d818ec8b8a36
2,case_054,3,V2,328935,2335320,2.4778482070925865,v2_p2,e15a932f68719478d15c72e2060ed73ff2fed14746fa4f371a92e06c59373076
2,case_054,4,V2,266398,3208926,3.059523720148049,v2_p2,c445622ae2a8fb13a153192a63a82331dc2c8f1265fa5017cce381d45e916cb4
2,case_054,5,V2,224433,3844768,3.6316005222048453,v2_p2,c2909eb483d9d0d442bc7c716fd6972f9f319113d215115834dc90cd10ae12af
2,case_055,2,V1_main,56299,560964,2.110783495266346,v1_p2,9b81e75f69f1cbc252855ba3d65a818fd525228b05bc057e6c79856472fe072f
2,case_055,3,V2,33935,115712,3.5018417562988065,v2_p2,b96f4f93ca80702a8218524500168e65d0ac3afb9ea2dacb8b9512a522a01935
2,case_055,4,V2,30337,74240,3.9171638593137095,v2_p2,02ea1f8abf83a356d24187db691b0eceffcf1e1d37193ffbca9d3ee48502fa5e
2,case_055,5,V2,21601,173568,5.50136567751493,v2_p2,b47c588e2ca04479a05d3d571ea05198f7cfd40f1ee554b93dff61e314cba2ef
2,case_056,2,V2,151976,467270,1.8245315049744697,v2_p2,9c80055702596f812f9ab53cdd43e3d1962abfca46a3c744084a69b10f534eae
2,case_056,3,V2,117846,859392,2.352943672250225,v2_p2,f781fc186ce9f471b04f8d8754299d45de7f3607063b5a799b656c4abce7cec3
2,case_056,4,V2,106100,1159682,2.613430725730443,v2_p2,847748865cbd5a0eddbf921d47f92932e99ee5ea5a5c86207fcfe5822ffb7d48
2,case_056,5,V2,82815,1491462,3.348246090684055,v2_p2,d0c030c6dbb853cdc0580e7cde93d0d22b200270c15201bd7b8d1b81ea7eea90
2,case_057,2,V2,29738,4096,2.00840675230345,v2_p2,54a8f4915ac63811c0bd875b172e3c5d675e0fd34d9777b2938cb41f0e362bb4
2,case_057,3,V2,21014,14976,2.842200437803369,v2_p2,222b54a08192d326180b31033bf0fdf88ee244d4481d68a55742250744f9620a
2,case_057,4,V2,16122,38408,3.7046272174668156,v2_p2,e68cd4e26fe7a4feb1e8c7764480f2115af44503609b9d1b950e532d6bc4a4c7
2,case_057,5,V2,14347,0,4.1629608977486585,v2_p2,27f86dea4bb1080d5e65b1abeb46ef3040b69d289eb13a674ba1089aca184fbd
2,case_058,2,V2,2225815,35303424,2.039575166848997,v2_p2,6533603ca2bea08f2a3cba77d09bbb54eca8aa77bb5b1f322d0acb9f4edaa99e
2,case_058,3,V2,1526307,29601792,2.9743144727764466,v2_p2,60a24da0f26dcdbc580913b35778ff43140e116fda8aa04dd38079601ca10344
2,case_058,4,V2,1148398,39604224,3.95308682181613,v2_p2,ca24c60dc91aa601bec33555bca9a0227b05d7ba02776ebd3a24e0653d640791
2,case_058,5,V2,948121,30142464,4.788119870775987,v2_p2,1fcaacc68cccffb83c747003148cd4bf4c8b4eee15c50272e2bae8874e4d4f42
2,case_059,2,V2,369318,360448,2.2459587672412393,v2_p2,e802d277e6edfbd9fc7cdd490e3873a8895a73a82be3955762df13af13d38e61
2,case_059,3,V2,246737,11788288,3.3617698196865486,v2_p2,253f76b58c7f5834bd344f44cdda7057009640316e8b533dc80b1ae7424fe995
2,case_059,4,V2,185216,1081344,4.478408992743607,v2_p2,668621035e9c190911802ca93da2b02dec052e91cd0e29b5f2c444fe7bcccdab
2,case_059,5,V2,150736,1576960,5.502819498991615,v2_p2,6c696b0d4ae33845a43268cae1529df0d699f3402b6705a042bbc8e4342e2696
2,case_060,2,V2,423348,4615584,2.099428838685904,v2_p2,af9d76305c8afedaae8d76b68cb8b98d0e29d4433d3e405b97d8dc8b6ff7cd5d
2,case_060,3,V2,291799,2512916,3.045894605533261,v2_p2,aadef578872b263d429b56fbd835aca79f99af0376324f614f592595ca707f73
2,case_060,4,V2,215692,3467284,4.120639615748382,v2_p2,9d08e5d3c7c4c812c20e22b66e86c5dfc8b022b58d4aa86466370a8328d0f628
2,case_060,5,V2,172689,2856960,5.146760940187273,v2_p2,04e4aea10fc906f7d0dcc63bcd40c1d8af37a0f4df85c399ad5d8d0b6753b470
2,case_061,2,V2,42926,19200,1.798234170432838,v2_p2,0180903983c3749b267f2b1b58c70ea7b33a923bb5fe54d8fb6cee4d91d915da
2,case_061,3,V2,29137,33288,2.6492432302570617,v2_p2,f9b28ba7b0833fe50dfc3dc4ef8c0c9818a3f7b397985742d1e1aeb27295a898
2,case_061,4,V2,23376,48640,3.302147501711157,v2_p2,e427daa8e8d67be46848331dbf97eaee39d5247ed5071b19d78d95780e4dd636
2,case_061,5,V1_main,20489,584208,3.767436185270145,v1_p2,614eade8f103244285d0ede9c31dcd98288c71d98c4e3edbadc5ba56118c2a98
2,case_062,2,V2,1429109,3396096,1.997614597626913,v2_p2,f48e10e9d1ddc0f4a516113be4980c8deb75dd19575ac12b697f996236ff287e
2,case_062,3,V2,954913,1769472,2.9896011469107657,v2_p2,c57f561cda67b9adf5f5826351c06d6727d41c501f0ac8cb26026bb6f5728bf7
2,case_062,4,V1_main,721386,632832,3.9573945155575516,v1_p2,a8c1b879bff0da39d2a1d52ee68d3cf50d920b32782304952a5acb3915929428
2,case_062,5,V1_main,576672,823296,4.950490053271183,v1_p2,c0ede532ef289a5b939adf9c3eb582a9cc7cecc3bc61469a847745524c5190e6
2,case_063,2,V2,537534,1250304,1.9913103171148243,v2_p2,897478659a2f3aab684bb881259a17614367c83169bec794a7cba32732615eb7
2,case_063,3,V1_main,361679,374784,2.959522117678936,v1_p2,297b625d2ab1912e0411b7fdc6a43c7da3b706d036c212108398f7117a326d87
2,case_063,4,V1_main,272313,513024,3.9307598241729185,v1_p2,d4465f856e77d0282cd86f3ec16e165d3e9040135c9e31169427070eefab25bc
2,case_063,5,V1_main,217915,297984,4.911993208361058,v1_p2,3a00b86d632447ceea020981e2c9d532e3c5ad2b90835b19a43e24988965cf82
2,case_064,2,V2,12692,53862,1.5061456035297824,v2_p2,7c6b699588eb2fac40724d5807173a215245fbc83db2156210a286ace25ded76
2,case_064,3,V2,9407,90188,2.0321037525247156,v2_p2,c3208dcff7619f4971c1f335e8865f6e1d064f3f25f7d67e4af4e37933047dd2
2,case_064,4,V2,8135,105618,2.3498463429625076,v2_p2,47f4927e457abc059cc4cfba7a1736a9905204e95c6bde60db76b915c604ff1c
2,case_064,5,V2,8135,105618,2.3498463429625076,v2_p2,3e4532e6bbe69a33a6e32eb10062d1859c951fe70070f32f80d10f3149ebdec8
2,case_065,2,V1_main,21117,179728,2.513046360752001,v1_p2,d6acea5e10c7fff9067fda6b1ef0add927a74d6c69486583d0e1e516d2e79c6b
2,case_065,3,V1_main,17883,270460,2.967511044008276,v1_p2,a6754128c5ad93b3a67ea6b3efac49f5245670c39f6a05422969e54bac9be751
2,case_065,4,V2,13476,65298,3.937963787474028,v2_p2,a9619edecb37dd2ded7c88a731da18962c5b32d53771fd1d5d6a8895a2c7adb4
2,case_065,5,V2,10623,55296,4.995575637767109,v2_p2,9d536cb3dd6004e183ee654f40bb657eecf3942b78504bfc8cd97f54eb5bc573
2,case_066,2,V2,190639,1031824,1.883507571902916,v2_p2,d10749ade32b254e8bca983fe44198f532562388acc19f6c74acda5936efeb97
2,case_066,3,V2,146597,1644872,2.4493679952522904,v2_p2,89d44c1548cf03be84c285faeb8de6490745ad6263f5629a693ed13aa0544a3c
2,case_066,4,V2,130286,2100032,2.7560136929524277,v2_p2,da32a3484d77abe3368d86be51212bbae5e036430dd821939c218670211fe918
2,case_066,5,V2,105103,2356272,3.4163629962988686,v2_p2,c0a081a77b46dc59c6d5a6eae5cb2c2dea8590125b9a0fb8ab1efbab527637a0
2,case_067,2,V2,29820253,55386496,2.140653669169071,v2_p2,9efd0909079623b083b7a4b8a1ba9c309e24411679ac1b0781683f64fcfb8eae
2,case_067,3,V2,19835048,66739968,3.218284825930343,v2_p2,2caac03a6e745a299620af162643cd14f7fdd9b356aa7cbeec8fa7d6c4159ee9
2,case_067,4,V2,14915435,77440128,4.279783593304519,v2_p2,0f0af1afb390d5122038a2022ec4f53e6138b253f9e4cc193a392a227d449c64
2,case_067,5,V2,11980245,83254784,5.328341281835221,v2_p2,15ff400dedf801b670c31ebb59851e6478c7c78234d696f3473df40ca58f4fab
2,case_068,2,V2,194361,1319350,1.8630023512947556,v2_p2,59fbb28986b2cf11fe4072d5686007ad2d463e06171e1adb33a065e242aab089
2,case_068,3,V2,158977,2091692,2.277656516351422,v2_p2,071857a413507ac9df22a6010290ccbbcf9580165461fdab3996864e188bbdc6
2,case_068,4,V2,127589,2616162,2.8379797631457255,v2_p2,6d9476b28ee3b04ab852b0a037373aa6e260c3c08e77afd2725784998e7427d8
2,case_068,5,V2,118362,2892320,3.0592166404758285,v2_p2,1dab26da8502182462aa67bce2226e4f8f10137d334b51993d0f1b55cf7dddf7
2,case_069,2,V2,14279,202950,1.7609076265844947,v2_p2,08b7bc211fcf692573abecb44bbf0924b3a1a5142c823e3d466deaec5ae20e41
2,case_069,3,V2,11542,251912,2.178478599896032,v2_p2,f984a9f4fefeec0e8febdc3760b22d803bb49ec2dcddf0c69cdda7eca63568e6
2,case_069,4,V2,10806,350220,2.3268554506755508,v2_p2,00190d9fb259fca0fe437fef16c2606ab983ef5929d80f916f0f1d30d85565fa
2,case_069,5,V2,10806,350220,2.3268554506755508,v2_p2,6726aed1ceae88b422fe0612cf2868cf32fb4c6bad40cb70b273aee688bc32be
2,case_070,2,V2,58006,330804,2.022204599524187,v2_p2,ae48513de4c8139a825b5b26358836419de45d471a884a9fb4e3b121e17ea291
2,case_070,3,V2,39158,161792,2.9955564635578935,v2_p2,f5c8ef922c30d0663c513fcc738a44253d695bff752fad17031f7aeefc8382ad
2,case_070,4,V2,29048,360960,4.038143762049022,v2_p2,ef6f17ee35338e37d045534c52a5d0df4ce82d9254de2b8a0d56b884c03edbab
2,case_070,5,V2,25289,269342,4.638380323460793,v2_p2,3b3b44d9853003e1cfb79be4c438f0bcf4fd756bb58abb6c6c1583cd074d529e
2,case_071,2,V1_main,11193,134502,1.6902528365943,v1_p2,70c7535a4a8d7cb3bd6b2e7d121a9660a5a354875dbea8f8f1b018afac0b7296
2,case_071,3,V2,9775,209480,1.9354475703324807,v2_p2,ecb1d73a9be9d3fe07f55b5d73c51e006b3450a0eacc46824ea9d26680c0d872
2,case_071,4,V2,9262,232240,2.0426473763765927,v2_p2,4d28fadba33387107f5acb5521f3294347500e83a5f5a0da5715768e1904a6c7
2,case_071,5,V2,7751,283056,2.4408463424074314,v2_p2,38703e163b986e2f896e2482cc85c8fffdb697b245a31f724c3ecc63650d37bd
2,case_072,2,V2,11846159,101208112,2.0173482392056363,v2_p2,739880acb89b714d59bb06aa971c864f6052c7f83fd5026befd21011387d5df5
2,case_072,3,V2,7934367,97554688,3.011938822592905,v2_p2,64ba05edaff9cf6bb7ffea22346773a894677ba10bed1a3aee7e9268de5cc4d8
2,case_072,4,V2,5921768,96170032,4.035590046756306,v2_p2,3b8068982c20d7e583f75714204f1792780e638a8d4cc04e951c96f5ff0eee5b
2,case_072,5,V2,4812412,104296496,4.965873246097798,v2_p2,9baddffcc163e274b33e8e16c0f61b60c6b327d060ccb814eab70629f4618660
2,case_073,2,V2,4142348,9525120,2.433795036052017,v2_p2,c5d8fe757ec30f062fd965aaa362893190e5a6ab83c23577cce9d6bc209a5a07
2,case_073,3,V2,2828376,7582464,3.564457483729179,v2_p2,a9d9bb552eba8b274df26210bd23d6721147e87276675240ad35b9a4f617beb0
2,case_073,4,V2,2168614,20030592,4.648879883649188,v2_p2,31dda383c17334352255dcacbbf897b012d7cabc3ae22f30c8ca6af0f9eca489
2,case_073,5,V2,1766730,21983744,5.706376186514069,v2_p2,472cce909a3606e5853e23028d15c484f383dc93bc71d0ba7b6d276166a0287f
2,case_074,2,V2,811193,14999356,2.073783920719237,v2_p2,9af281bd7c77d1bd35d38b1b14527f249599692079807fd3d33e68abfb98db00
2,case_074,3,V2,549730,4849672,3.0601186036781693,v2_p2,c35112db85f4c03e2495567fb25b996a6d94de0a1a225fd1475c1f52ecb781e4
2,case_074,4,V2,413409,7745536,4.06918814055814,v2_p2,a5a6bce90f6a1c133285fd76b5bfc0930eba361e2cc9039aa6d8f551c4a29a72
2,case_074,5,V2,332650,5320704,5.057084022245603,v2_p2,6bdda3f155d7679831349a7e963afa1cb101377e09f69a691f5c1803ad19ff2e
2,case_075,2,V2,742033,8101734,1.9430523979391752,v2_p2,a54a94816700b6ba837bf461c41eed8aa8a93c0cbef813417d26f04e6a11310d
2,case_075,3,V2,584515,13848140,2.4666757910404353,v2_p2,248f9500217b2348c42c0f03790fb0708c4cf288911689411222d70e5b96fb13
2,case_075,4,V2,436934,11645008,3.2998324689770078,v2_p2,ab83ce429587d14f20fa6d28499f456bd136862a0b2014b2772fafe058d0cbc8
2,case_075,5,V2,387938,12093336,3.716596466445669,v2_p2,80db9794816f7d397f2cacbbb8a1d69e83ea3036426b5a4460e95f25a8ca525c
2,case_076,2,V2,3088208,22683648,2.0028161963183826,v2_p2,7a35a51dfdbef7e0512cf4ba8247af336ef5b5fe85ac3eee3c9a985605991d58
2,case_076,3,V2,2057851,19871744,3.005617510694409,v2_p2,b6fa4742b61405b06bb46c392a90434151af5042f0a8236798a037cca7739eda
2,case_076,4,V2,1553246,17539072,3.9820562872848217,v2_p2,7880b29d04760be797672f55994bc92dafdf048215274e53686cdf70d4a2c4d8
2,case_076,5,V2,1261918,19265540,4.901358883857747,v2_p2,e5fbd504237017039e5ba8a89d4b66f90b6f619cd3e63c7e4c377e040c7632c5
2,case_077,2,V2,239218,90112,2.070579973078949,v2_p2,ccf6a2f3f2f9b070c9d4ec6aa14d8da3b8903aeaf169ec0ef29d1f73810443d8
2,case_077,3,V2,165620,57344,2.9907016060862213,v2_p2,e4aa49163aa34ad2863c5a6e9dfbe68fd518c0396e4b8557bffaae0d0a00ecbc
2,case_077,4,V2,123709,237568,4.003912407343039,v2_p2,bbd561ddccb24880135d91fd4fcb3a1e97c4c11ed94a6d2a73b067946055b28b
2,case_077,5,V2,115927,172032,4.27268884729183,v2_p2,c6bf6d4f44a367cc9169fb9062eaa8c1ec2c9d9207af34c372723c7b4b0798e0
2,case_078,2,V2,1028424,3052080,2.232681267648363,v2_p2,8d49e5cff397e057a5666ed246c38978bd7da3904616828a104ca8de27f12f0b
2,case_078,3,V2,691202,9087744,3.321956533690585,v2_p2,338de2130665a6ca28737dc005bd22a454a2113e352730f87dd6e1200107cc20
2,case_078,4,V2,520213,7688688,4.413851633849981,v2_p2,528a7cc7f44c3232b12c5bb737d25cb5381420b40754c3f83c7e1105a15f80d9
2,case_078,5,V1_main,476288,10563072,4.820912977022306,v1_p2,7af6c0e218679cba4e53ef5b6cd933b9bfa34c78ef114947c81a62f7e42b6cf9
2,case_079,2,V2,15161608,36143104,2.048084279714922,v2_p2,fc1b9ebb310b42ae8b479048e9c95ea25537a86ce4c9438a5463b2fdffa4a3d4
2,case_079,3,V2,9994175,40810496,3.1070349478571266,v2_p2,4397314d1675a277cea45917e5d875c18970c1209e0c9c93b3edb684fd21cb6f
2,case_079,4,V2,7450249,42672128,4.167948077976991,v2_p2,f62d877d759a3eaa72523b0097e6fb9dfc9da3265e99b3c5b209086b3c9f3556
2,case_079,5,V2,6046572,45471744,5.135513312336312,v2_p2,9b0295ab3d9f5b97b1c5bd3728b76ac1157ae8ab75c811953f30ce6cd1ab7748
2,case_080,2,V2,145926,2191360,2.0019598974822856,v2_p2,5482018188dc1d820be58567d191703ef562293dd3db8cbaa11812dd13402df5
2,case_080,3,V2,101509,786432,2.8779517087154836,v2_p2,53fecaccd3210eba3cb47197d88f433011f4c1354238ef6ad26de2cc7e33fdab
2,case_080,4,V1_main,93049,3002368,3.1396146116562242,v1_p2,86eb7ebd978924901e9c795284d85f96b2be98ee5ab64d56258b7846daa711f0
2,case_080,5,V2,83701,2031616,3.490256986176987,v2_p2,6d764569d9204dc39dc7f032e77c08fab4e7ff5f55aeb73f69bd157fc087e87f
2,case_081,2,V1_main,76282,671744,1.9899189848194856,v1_p2,cfdecb4c42bb03434952daa29a85001785768f2509f4c017192cf3301a9171f8
2,case_081,3,V2,51943,0,2.9223379473653814,v2_p2,6f57161d70f0f8767adff1a7c5ab38cae0e4d84d606eb8c1d3beac3cfe88fb48
2,case_081,4,V2,39605,32798,3.8327231410175484,v2_p2,23d2ab45ec9597a8b606ea153d61b2adb50ae3adea9b6579e8e925806a11d9ac
2,case_081,5,V2,30943,0,4.905632937982743,v2_p2,c4252e6d416613de97b5b2b27b9738e9bd694609959587713d96eea92627955f
2,case_082,2,V2,382501,3975878,1.8850695815174339,v2_p2,b71fd06bfde5895bf06c8397c64bff264013b76333a6bd25d77a9e1af59f0bec
2,case_082,3,V2,277071,1567692,2.6023690678562534,v2_p2,f5636c19bc59f293599a1292cfc3f3ed999aa4ccc275e368abb5c99f683bcd4c
2,case_082,4,V2,228475,2371474,3.155885764306817,v2_p2,76e231703ce1981e66909bc27798730376e7600b54d41d7846c103fcc7ce66ad
2,case_082,5,V2,200922,2919832,3.588661271538209,v2_p2,0315be06c227bf089912f781365a350740dd8a34e0ce8f1a3a690b72957f8b29
2,case_083,2,V2,417531,8084064,2.533926822200028,v2_p2,78b084f3a1b5a92b7798021eb7d63f4922a37cb9655f4eef198864369d8286e4
2,case_083,3,V2,309095,10434752,3.4228732266778823,v2_p2,2aa1ea334d7696082a7e09320e31581a66936f547506aa99f11e7887b0d22552
2,case_083,4,V1_main,240884,5095200,4.392126500722339,v1_p2,c2e13bede649b94019b67d69885167cdd7efc78111be309625e71ce9f562ff69
2,case_083,5,V1_main,212668,5991808,4.974857524404236,v1_p2,6533ffd95c0b5f5166b9fe376e5437f31ac5393a43239b58df3677b2543e4470
2,case_084,2,V2,686504,9427968,3.652436111078741,v2_p2,bfdd0ad227a761f9c2241fe5f5d4d559d8dbe2e8d33a5014b65294093593c46d
2,case_084,3,V2,563473,9446400,4.4499239537653095,v2_p2,69fa71b20e6962089fbf6296a1ebc7b4b3afb832872af7b13b78f4ca36fa86e4
2,case_084,4,V2,384094,8939520,6.52812072044864,v2_p2,a769c6d583ebb545a426f915570738b42b7efc47245cc119c66c549b5041ec38
2,case_084,5,V2,384094,8939520,6.52812072044864,v2_p2,7f9cdb517af5f71c502996052f9ff1d0fafca7e30600854bc6b68e8dd754ae68
2,case_085,2,V2,1623518,22091822,1.963574780199542,v2_p2,066279d05e099b2d94706e6840c538a23f1400af8056ba8e61d6e3c8c032d372
2,case_085,3,V2,1224127,34526746,2.6042224377045846,v2_p2,7eee9f80d2cfc3fa303c1c8fbd9091575f531704a746f67a673a0c27acbe81d3
2,case_085,4,V2,986615,8938546,3.231147914840135,v2_p2,afb15effc8844d477aa63fd4ccdf825a557efee48f003b864756ad7c48929835
2,case_085,5,V2,840985,10661528,3.7906728419650766,v2_p2,3d4b306cd596e9008860dc1f004ee133675e5a16f4c1307f3f84340eca107763
2,case_086,2,V2,65072,530694,1.8195690926973198,v2_p2,2d8bd2e459d6d478d44ef4fe38280a780f3ceac31ee48084620a7b88461b43c4
2,case_086,3,V2,53128,1025196,2.228636500527029,v2_p2,28cbe0706d684004d7b374d3f7aeb994666971a8093ebfdbc9ec4869e5e9f489
2,case_086,4,V2,48045,1425426,2.46441877406598,v2_p2,69d827998824db07064da5c8edcac207c2c441dcc77f63088e54c1f06dacdb45
2,case_086,5,V2,42472,1685430,2.7877896025616877,v2_p2,fd5e2c54644eb886a6c35db06452e36ad7c04ee1a0e2ff66deaf93149fe4e226
2,case_087,2,V2,1985537,7934976,2.0015094153370097,v2_p2,566121d90d2e31910739e37833c06cafedf88d459222941d70790ffa3dd75aeb
2,case_087,3,V2,1321238,7939584,3.00783886022049,v2_p2,91e6c068619ae3afeb074ab42cd81aa70a5f1d5680260ca2d9bf1031f3d48136
2,case_087,4,V2,1004535,7787520,3.9561299506736947,v2_p2,8893c97f5c847398b35fcff26c7e7affc3d1c1cec0476057f160362cb731f33f
2,case_087,5,V2,807277,9460228,4.922809642786801,v2_p2,e409fd2d9ba5f57db794f89ee180637ac72a5b989567006ee5ebdddcf02bb6f4
2,case_088,2,V2,136015,2465742,1.7911480351431828,v2_p2,df4175dc526b2f98cbbc21378ead7b7bc2ebbbd899436abc2265f462aa606365
2,case_088,3,V2,105771,1487504,2.3033061992417583,v2_p2,3606ecec2e9168ae56b28cbc3ac86819ae271d8801fd6ffbd0b4e12ae55d13cb
2,case_088,4,V2,88592,1729498,2.7499435614953947,v2_p2,b1d310f437ae2a20982fefaea8f6014735861064295fd3e5d489ec02042e09b0
2,case_088,5,V2,82140,2076544,2.965948380813246,v2_p2,4facd48c08432182e68d648ca94da55cd3b12cde50d4280ddbfadf6085e17f88
2,case_089,2,V2,303669,3898496,2.282393000273324,v2_p2,5f7e2939a39a7714269a0343178365a0279d66fb482d18c47a5ee01168f9bf53
2,case_089,3,V2,218795,5136640,3.1677689161086864,v2_p2,3859b3af8c60578fac0cebf7d515607c40ef186afd32005887dc97c3fd2ea8d8
2,case_089,4,V2,165520,2104704,4.1873610439826,v2_p2,652392c2996e879f793c81e78bb653ebc4b9bdf9c95d81b4037cb8d0250164f4
2,case_089,5,V2,135556,954880,5.1129570066983385,v2_p2,a420a3f331a4f2e2b8927b21f9be3407a041adc5d30a5ce91f7f789fd8e41e1c
2,case_090,2,V2,424812,3643584,2.773845842396166,v2_p2,a3ab8dd69bb09a44338840da644edb3e78f2444f09b6425bbf1b2b9129ac6470
2,case_090,3,V2,313334,6094464,3.7607249771808995,v2_p2,89cbc56fdb30ff136d62d9a7449946f8c931d767052d181e0d36335133bbf0d8
2,case_090,4,V2,282184,8270424,4.175867519065574,v2_p2,9e27cac4c340c336f29e8d8a7062f5d0e9c5dad5053f102160712ed33c73cda7
2,case_090,5,V1_main,268939,7909536,4.381525178572092,v1_p2,9d836d4944f613cc689a5d0c6c69b7b119c5cdfcd2d6ae9b5011e1870da154f3
2,case_091,2,V2,4577547,38449120,2.0069196449539457,v2_p2,4c821ef0245ed39716f7a75d2a190a2b9a95d5931ce3cffe06ba3ea71dfe550d
2,case_091,3,V2,3071845,37486048,2.990635595220462,v2_p2,37e3fa36eb423e69c1fbf6fb4371d74989a5b8c546e47219f448b7d63663d2e2
2,case_091,4,V2,2305902,42209248,3.9840240391829314,v2_p2,2e750b41775a1fe5967f3757d218491b0b481f39a81b989d4195d7ec1e627e3c
2,case_091,5,V2,1876884,39116928,4.894691946865123,v2_p2,cd88d69bf39ded51f406d3bf1f4117d485fc6a0fee0849f05a3a74289ed399d3
2,case_092,2,V2,2088398,14648928,2.3058602814214533,v2_p2,934c5c7d1e84be67ec07db4a933294c8ed26d32d7b3bcfe24c1aabfe35383415
2,case_092,3,V2,1434907,19119168,3.356004256721864,v2_p2,eff66e1a452687f073db30d67914ea11d6322a0d7f1eff67d3da26634487d570
2,case_092,4,V2,1114693,37627680,4.320071983945355,v2_p2,0a5cadda87958ec733db6677b239cc40bc375e2436ac81c511be5e3ef766536f
2,case_092,5,V2,964953,21855712,4.9904544573673535,v2_p2,2080f223772b9cb7537eb656cca974fd01f6d918ca52ed4c421a480ed82d18e5
2,case_093,2,V1_supp57,37765,294912,1.9649146034688203,v1_supp_q2,f7deb52f7e33e91e13bff688960187aa19692caa8e5ce0a7f4bf713e098b577d
2,case_093,3,V2,25103,16384,2.956021192686133,v2_p2,24dd5dbbe8b3ca54af3997aa0b8e858c1a415ec5ec6c9230e4412987046e67bf
2,case_093,4,V2,19779,57344,3.751706355225239,v2_p2,0abc4f4c1d3b4a9a533f97bfb44871ca505cea7acb65f16e11957aa2ab5ddd25
2,case_093,5,V2,15876,32768,4.674036281179139,v2_p2,5442205be313c4f7cc97506081f53eddb936354749c96285f0c28291e7a4783b
2,case_094,2,V1_main,41278,314596,2.2988516885508017,v1_p2,5b492c6ec6eb14ebfa6afb589e9b658ea0e0e1c63f4ad9d5f36375993253d6e6
2,case_094,3,V1_main,29960,584748,3.1672897196261682,v1_p2,5c7c6bc99174813ecd07bc12b0a4c485a1e329b923432dbc01aca22a64a1cbee
2,case_094,4,V1_main,24710,495908,3.8402266288951843,v1_p2,8d901aeeac972ae88211955fa3b231d9bc0af13ff7dab6ed5e1029ba898040d0
2,case_094,5,V2,19455,251392,4.877512207658699,v2_p2,21d0eaa6e4e895471f3bafce13cdaa17a24e65ba0c33bb3f6730c075150358af
2,case_095,2,V2,573788,16588800,3.633490069503022,v2_p2,ae77370d6db3553bf6e5f9252047e0781d850de462ee5f71243a6464b3844ec6
2,case_095,3,V2,474232,16441344,4.396272288668837,v2_p2,e69ebf9e5f5389cf8c31d649815ec1ee3aef50863ceccf624fa03da5b4fa56ff
2,case_095,4,V2,474232,16441344,4.396272288668837,v2_p2,952e9e923c9c6617ecc3f6776ab7155d409bc34bbb11c46bfa93bf85530765d2
2,case_095,5,V1_main,406932,3280896,5.123344932322845,v1_p2,e4d34cb2be72b9de5a62d3faa035986c557274fa0545cd2deb0f84db7741f6e2
2,case_096,2,V2,31728,624192,2.653618255168936,v2_p2,38a9841ef1549c26b0d01e97b6e7cac093b673d1635103b3581cf980a040b225
2,case_096,3,V2,24646,799276,3.416132435283616,v2_p2,cd8a4abcbc4ecdb71540b6212ab28a9a7cf204bc648b15d85b1c937faf1f3be9
2,case_096,4,V2,22604,707224,3.724738984250575,v2_p2,f39cc2550babc719bb958a7c7b918d12d7d44b724004d19b7fb0fdc382b91361
2,case_096,5,V1_main,18712,711296,4.499465583582728,v1_p2,55219959f8d85ba69e36c4b7fb7006d49f8fc5fdf5f4a8bcb563559becc4daa4
2,case_097,2,V2,5152906,2555904,2.2301025867733664,v2_p2,aa0e1479ddb23d33b3cb67e467d7e800fa1e08d687816a96468a7e628e4b0606
2,case_097,3,V2,3437731,70254592,3.3427598029048813,v2_p2,2b9dc1c99b87b3ce0627482df22fab53cb5def2afc9c70e4b5557cba4b340342
2,case_097,4,V2,2577788,7667712,4.4578952962772735,v2_p2,8f2a1dc1308ef5c309dfb2e612b531af040d70a98161548d4294862a92194026
2,case_097,5,V2,2065557,93175808,5.563394764705113,v2_p2,360d83fe69e6848b141d8a0a5a0685f0fa747ac415d7c90e9e98f48f4576cb29
2,case_098,2,V2,89620,0,1.9798036152644498,v2_p2,2cbfad8992bbb17e2c15a2928b5105990b40c2e635bcd286cc6825ffc1d60e62
2,case_098,3,V1_main,70527,882032,2.515774100699023,v1_p2,5fbd9f6a44eae396dab4691b9297f1dde798519319e62dd81bf9504ca1a7b3e4
2,case_098,4,V1_main,62759,1702852,2.827164231424975,v1_p2,73a81f5ba437abc4de0a2cfa53722b422a85f58e738bde4af894736138603fc2
2,case_098,5,V1_main,48497,1557528,3.6585768191846917,v1_p2,d888af83e77afae89b3040c9864e9db4d1c7930c0e96f0ba311ac486bfe9dd0d
2,case_099,2,V2,808685,4911104,2.0069606830842663,v2_p2,5b00f9c2215dbe7668cd8190cfe6dd76f566bbb3322b45a5f07e299c36fb89d8
2,case_099,3,V2,543987,4882432,2.9835253415982366,v2_p2,ae5463cb938ea75e4b210b188777e4147afabdb9508d98291a9bff5093e78206
2,case_099,4,V2,408104,4616192,3.976924999509929,v2_p2,fc2ca16d802b2cb510d9cfb5edd481e3f7142dc545612b36edac9c17bc26becc
2,case_099,5,V2,334806,4718592,4.847580389837697,v2_p2,7c17ce4ab22cdbfda41bf4d90bd461de4c32e97273e901aa19dc1a27053953c1
2,case_100,2,V1_main,66617,864674,2.270036176951829,v1_p2,7ed7ae959dc9ea217ae37bd9fb15afe3e2abcb03f3683e62150840c9792aa4c8
2,case_100,3,V1_main,45237,717150,3.342905144019276,v1_p2,7871b581a7eca6b484fcb23bf07fdf5fbf1ba3c582e456d05b4a30857a01a984
2,case_100,4,V1_main,45237,717150,3.342905144019276,v1_p2,4712ff24f8f746d2de974e566a36bca19c472fc3e2f994659ab997f0cbfbf42d
2,case_100,5,V1_main,45237,717150,3.342905144019276,v1_p2,d73873e84b91db005d235bb7ea7c8533d93d0b66ddfef2434fbe435021fd41b7
3,case_001,2,V2,116868,1152,1.9946435294520313,v2_p3,c555a2513526677cee69cd85c1d0629b5f9ee446979888c4c5f36ec4a59dcdc9
3,case_001,3,V2,78545,2304,2.9678528232223567,v2_p3,de7ebfc53441c2dbea98afe715478471af91c7339f71de3e719e6046c86752a2
3,case_001,4,V2,58984,3456,3.952088702020887,v2_p3,869cb369b6dcbfdf2b8c3a2d2baa1b007681877bc572e51e60a9d45e6c8993f4
3,case_001,5,V2,47502,4608,4.9073723211654245,v2_p3,ba539c68a02183592d4fd172fd5871a983a87afc33a60354f93c42a5f6c3262e
3,case_002,2,V2,125710,3895296,2.0837244451515393,v2_p3,078936f2a926ca69c783f4571d75a5b36f4fe9f4d02ef20ed56a9976ba810840
3,case_002,3,V1_main,89663,150528,2.9214391666573727,v1_p3_seedPB,ea0bb5eaea83c34d220ded0ef97c3f7222048d6a55a33c5000f33042a95da114
3,case_002,4,V1_main,68636,1099776,3.816437438079142,v1_p3_seedPB,6956f8990845638996a390da83f604adc75890bd62cfe273d8ab4647d6fcb652
3,case_002,5,V1_main,55789,337920,4.695280431626307,v1_p3_seedPB,ec8ff6ed5fa64c6ed30fcb95722a41bb502d65984d2024e3b121afc363f308cd
3,case_003,2,V2,308247,6608170,1.953667026767495,v2_p3,3f8b2f9464d53f2f9e8ee5cd521a267533aa4e958f809584e258119bd754bdce
3,case_003,3,V2,234008,2625320,2.5734675737581623,v2_p3,b1daecbba57dd01cd6868e86a94e94c23c93f0390dd0099aeaafbe2a0c91c17a
3,case_003,4,V2,195766,3782974,3.0761827896570395,v2_p3,db9435d9f8c3c69dc49756b9fe306ddbcad53ad6b789e34e2aab68d40149c839
3,case_003,5,V2,174202,4402364,3.456975235645974,v2_p3,5a71be6c35e4cad96d42243c01f0d463edf6609e3596bcf11bcfef4441ddf923
3,case_004,2,V2,198622,125952,1.9753954748215203,v2_p3,189f6187577c1d843c3c32a2e74f62fae4bc4d13cf630881ebae6dcc63f780b8
3,case_004,3,V2,130926,2101248,2.9967844431205415,v2_p3,6e90f3bc205211d8921941150fc0643d43f2a39ec97319dcff0b77cf8c638b8d
3,case_004,4,V1_main,102078,1711104,3.843697956464664,v1_p3,f522a0fdac766ad234d4def02c60d1dcdc212be2dbefcff2707ac6c5e2326a2b
3,case_004,5,V2,85093,3277824,4.610919817141245,v2_p3,b6c21c2a0e21b13a38a7778b7406ca19fb1c2d4c8d56fb8273d39dfd28d80a48
3,case_005,2,V2,54071,1318726,1.768378613304729,v2_p3,5ebe337ba707eabe3bf51e2c95fb395be5aaf4c956c753cd72dcc29563236a3e
3,case_005,3,V2,44708,787308,2.1387223763084906,v2_p3,1c1dbd0457c686609e03d7e4b5f7eb0d8a418f649f0f759ed1da3743a532632a
3,case_005,4,V2,36692,1169426,2.6059631527308404,v2_p3,017716770cbb2748bed0f8e54f640288903e95409c2ab6a7429b1d4ffd747cd0
3,case_005,5,V2,33907,1542840,2.8200076680331496,v2_p3,f9a7e1c2c47fe4b29edd9076081888b63e5c36cc4634d020820e1876182587f0
3,case_006,2,V2,38822,16256,2.1337643604141983,v2_p3,b750a759439f7de77c497a7fc44d1ec18c3e0ebf8151b4f7199f87abff779f99
3,case_006,3,V1_main,29034,716630,2.8531032582489497,v1_p3,af5438f415d550a4a2737e6632f50a621f06818bca252718be7a376343ab84bb
3,case_006,4,V1_main,23524,398988,3.5213824179561297,v1_p3,19aafe09e8e5e45c20144d01725c18ca833e0736c3e6441031a88645bd5dc70a
3,case_006,5,V2,22040,407758,3.7584845735027224,v2_p3,0992f0b0b01ce2b308da7fc141f87cf98b153257e6a6e84dd1917d15ff4aae5b
3,case_007,2,V2,507494,27648,1.9952196479170197,v2_p3,52e45c7def064d9582275c0b1e8e5b133136aed515b6148df355f10cfe4536f2
3,case_007,3,V2,338094,55296,2.994912657426633,v2_p3,cff09cd7e5818ea1d8b7d4debdaa45abc8fd831a3203afe0780f00efaf7937f2
3,case_007,4,V2,254398,82944,3.980227831979811,v2_p3,ae3b9ce6da689b1b521f8dddd32700c23a42b6ba543f04c11fa60df4b1eca51f
3,case_007,5,V2,203834,110592,4.967581463347626,v2_p3,ac3910638353e048a1562b3d2d07079af46a445e0c7275926874186e9b0b375b
3,case_008,2,V2,136244,3538944,3.5789098969495905,v2_p3,adcf5f4e8d9127ba19de35a7e8cedbf1ed785b82d4107011c39b924f99ad33ea
3,case_008,3,V2,110229,3317760,4.4235636719919444,v2_p3,7c17f6005b5f9112167b7f6176c5c32fee56f302b21b14d07bfecff5700b1343
3,case_008,4,V2,104264,3096576,4.676638149313281,v2_p3,3957dfc55136191edad0e0688111cd16a2b31477f07726f014d5f8b793bcf1a5
3,case_008,5,V1_main,92896,1042944,5.248934292111609,v1_p3_seedPB,72eeb96fd30155233a5221ae1ca87d1d332fdd3f611c4f6f8531772d2a06e2c0
3,case_009,2,V2,86593,406136,1.7699005693300844,v2_p3,525965258204b4ffda9fa6caee49279bbc96a88a7ddc0ae17e41f53d2cbe38c9
3,case_009,3,V2,62859,598164,2.438171144943445,v2_p3,c0009ec4f277f01fffe74c46ba684e83ac11d0bd9eb98bdc17393c610a03d751
3,case_009,4,V2,55047,784858,2.7841844242193035,v2_p3,60b9a5fab51e65ab96601c4bcb50d4c04c1b7e5b1232c399f1f54fa310f55695
3,case_009,5,V2,46555,910262,3.2920416711416602,v2_p3,365aab09becaa249ffb6198195aecab0a66c7406c96501ca9f1a8bba358df635
3,case_010,2,V1_main,35535,533884,2.447418038553539,v1_p3,3c795a2d62ab6d1423c734e73b478e4e0a1ea2e96edf8c560123e7a560c62937
3,case_010,3,V2,26740,679684,3.2523934181002243,v2_p3,f1b57bcbcf23191aba8bd652885059354d69b5f4c54d582bf07a9ad3e50c9b83
3,case_010,4,V1_main,20690,470056,4.203431609473175,v1_p3,1964938706050641be945d3aafec92eaedb88c473dcb7887255c2cfd6dfe5bcd
3,case_010,5,V1_main,19601,684148,4.436967501658079,v1_p3,bb994e57199d3775874360a1a08af07a0b574cd169e43caf5e2430057453303b
3,case_011,2,V2,92646,180224,1.9935777043801135,v2_p3,7897e63782a90e5b503d4390c8ae4abdb5d45d496cb01077143cd9b9d906403a
3,case_011,3,V2,63957,692224,2.8878308863767845,v2_p3,68a9ee8ffc1acc79f05a02ea8e0e3e1038721e80265ff29cff602911c9b8904b
3,case_011,4,V2,46880,540672,3.9397824232081913,v2_p3,78d70b9190e58ec806ccca400495ac8fed30c0c595abc49683fc6e33aca54c73
3,case_011,5,V2,46880,540672,3.9397824232081913,v2_p3,d09567e7d726b53628f28288b05a9e5d3e7b48d022d222a39a80640b7d094638
3,case_012,2,V2,26349,353348,2.242513947398383,v2_p3,cb0c59f8081c986b156495d25c8bff4945456d2c22e61fc890a023f74956c3dc
3,case_012,3,V2,19596,9216,3.015309246785058,v2_p3,f5f1f7a08a1134ce9ae614c972c45b939e4a13a6a3bc3b195df3dc527789d7ba
3,case_012,4,V2,14530,28800,4.06662078458362,v2_p3,3c943f54255e96e4cbd0c346611f122164b6adc86fef28e90013d51e8fdd3858
3,case_012,5,V2,12146,50200,4.864811460563148,v2_p3,6dcd47ab0aac93eaac7a32553239b574e59d807a956f2539622f6e5ff720cf7f
3,case_013,2,V2,132198,8192,1.9966187083011846,v2_p3,62f03412ec11fc40759649ee2e10caba40961eaea52688379934cf8389875f21
3,case_013,3,V2,88351,16384,2.98750438591527,v2_p3,30223ba592127082b280e7472bf11631714c6ad524536847b28358a68fc69ab8
3,case_013,4,V2,67017,24576,3.9385379828998612,v2_p3,84a015b327fdf581fb6d4a7db4ae425dadd10e08c48e426dd6096610a1dce66e
3,case_013,5,V2,54468,32768,4.845946243666006,v2_p3,5bf8a9ce90c9a85407ffa0207fe2db6537a7beb7ed3f704775539819fed9e1b1
3,case_014,2,V2,8805518,57665952,2.0099471717620703,v2_p3,866771b23825cac6afe4fdd71f495de81215973dffaec1a248ae6c93a11eb51f
3,case_014,3,V2,5932257,53581560,2.9834557066559997,v2_p3,f3ef4f53b9611f4195c72be639de205bc753f2f897d8511414aebc0112c83bec
3,case_014,4,V2,4434173,55702944,3.991415310137877,v2_p3,f7208c8095a312116f3f8cd87a3ec740e9f57397dc79a191833b59aa45eb1f96
3,case_014,5,V2,3529114,55309728,5.015033801685068,v2_p3,4eeb8089941223a85f761f5fd605eac8618ed30ec03685973bb8e42da99b4fae
3,case_015,2,V1_main,82637,982064,2.1462783014872273,v1_p3,9c6cabc0ab85b81a7d969716abe6b5f64ff4068be5dde54962ab4bd470d89216
3,case_015,3,V2,60250,258568,2.9437676348547717,v2_p3,36d442c601254ee4828ab050226af8151306c93cba7e3a577370e98fa20f85bf
3,case_015,4,V1_main,47810,1233394,3.7097259987450326,v1_p3,248a6bdf8527173f5ea2364ce817f254ee63d834da44050a7b07d3f1ccab04e4
3,case_015,5,V2,37420,372178,4.739764831640834,v2_p3,8c9052f05fb6061284535ad1c8301b3f456c82b863f8680911bafebd217e05da
3,case_016,2,V2,4794163,20261584,1.6093576709844868,v2_p3,abc41a9588124d0a0222f9ee75baa5f6c8111c3eca2e0e96a2545bcb27cd2a35
3,case_016,3,V2,3680632,39663896,2.0962495028027797,v2_p3,bb5fd6fe072a459209a9912354af05ada2bbaaf68a350f66e22b7e9c8fff20d5
3,case_016,4,V2,2247344,605680,3.4331740045137726,v2_p3,728c5f3deda3d3b488f4a685da2c2b2b6841cd499af4f9a0adf33b397b3c6f2f
3,case_016,5,V2,2238798,606908,3.446279208753983,v2_p3,510e7838ed86de5b69d8142d675be528f208f89df68db70360dfc477fa61806d
3,case_017,2,V1_main,72979,330014,2.2309157428849393,v1_p3_seedPB,4edd7724821f3396f60b0828cdf92033c8f2f55f8c8491acbc455eaaaa6513fe
3,case_017,3,V2,46638,164736,3.4909301428020068,v2_p3,914456eed35bf0eb0db7d54a0812a69cb84d61edf9c12e55becae97428e40015
3,case_017,4,V2,37456,258844,4.346700128150363,v2_p3,1954b3da9f61c70bc036c7424aab963d142c09cd717fabfcba2eef7e2d0341dc
3,case_017,5,V2,29834,320256,5.457196487229336,v2_p3,c971794c378bc2190280da4eff5d1405fdee8ecb5a5df3207d8517bb6adea56b
3,case_018,2,V2,499957,2748416,2.0089067659818745,v2_p3,92134f03544c98ecf05a849bdf3b3b3676cb94b7720fafbd9d8a2fb18821842b
3,case_018,3,V2,338555,1822720,2.96662876046728,v2_p3,0436b078955802ad7ce955a716f0f681dc711506d428440ab547477af81619a1
3,case_018,4,V2,250137,3194240,4.015267633336931,v2_p3,f7f8f539c1521b233a3d1430020b38e98fbdc0f97dff39a8981f6401bfa72119
3,case_018,5,V2,203149,2555904,4.943991848347764,v2_p3,ce4a1800938184d33399f99b63264bf160b8bc16c99b60a55f62d478ea249e7c
3,case_019,2,V2,27585,778864,2.9415986949429036,v2_p3,3a3b2d7c86f594aeef68b9e49dc3f3a59554de2c825279da27d9987da789aea7
3,case_019,3,V2,21216,765736,3.824660633484163,v2_p3,d7ecdacdd6b3e8dcbc35060453d5fb1b91ad9ee2b76fc2f22dbd1560eddaab94
3,case_019,4,V2,16540,583288,4.905925030229746,v2_p3,11f281479444796e6da3c3215904b08d3e385a73bdce3fca3a6f513be3ebfa98
3,case_019,5,V2,13784,492568,5.8868253047011025,v2_p3,3636745a55832ecd6421debe523c2223b6a45011f0fa733ecd4c2a9f371ed9db
3,case_020,2,V2,266580,0,1.9984469952734638,v2_p3,73f01de9b4e5e4f3549fafb528e476bdbc80c310a01c525afd88d6b72305d011
3,case_020,3,V2,177950,0,2.993796010115201,v2_p3,e12056bcb38ec0a0a1f76401e6ab2432c3d48ed3f0b285af638799d6ba452f5b
3,case_020,4,V2,133704,0,3.984518039849219,v2_p3,90a2e507b2349ce4278b47ea409c554e78f9056d25ff72fb8d59ad1adfd59ac1
3,case_020,5,V2,107726,0,4.945379945417077,v2_p3,d0e73cb10dbe5c38a24a62954143c86768329124f982451b6a4cf6c959e07678
3,case_021,2,V2,3147031,5222400,2.087026470346177,v2_p3,cb307a05af59b6718fecbf0af81db4f52ca396079f4db47e0a33e5ce36b8b7bb
3,case_021,3,V2,2148392,37478400,3.057140875594398,v2_p3,83cd66e4ed79a7bebb2b9c408eda24729e1bb938917831d31d79c0caa36ce8c1
3,case_021,4,V2,1550324,4608000,4.236493145948847,v2_p3,c0b215fc2b645c581ee25768b1bf14b61f2ea101a969cda6539fde6f4cb66afa
3,case_021,5,V2,1247884,11395072,5.26325924525036,v2_p3,050f6fcfda887b4b57ec5a68abda53ce00b0360b2f8b59675a0b563a9a17e4cb
3,case_022,2,V2,28463,32572,1.9948705336752977,v2_p3,286db77b00682fc0d2994e0e6db48dc0dc9f18724c61a2694a27ce30d97d9c0c
3,case_022,3,V2,19072,0,2.9771392617449663,v2_p3,23b07f2109a17f836588fafbf5fa30f397c54f758071e5527e05cbb1b4faaf1b
3,case_022,4,V2,14631,6912,3.880801038890028,v2_p3,351d4efbaf03a01433189605cfc7464497ccbf70b989fc0b5184e1b617a5e01a
3,case_022,5,V2,11810,6912,4.807790008467401,v2_p3,8a19d87eee687ce7eeea67f8bd7f5862804b0acedce751d4e06d567c95649291
3,case_023,2,V1_main,47700,820730,2.570524109014675,v1_p3_pkg,0c3dbd896c4597e4216a0a4fff4cb9e679196175702b651519404e4c5ca695fe
3,case_023,3,V1_supp57,31278,584280,3.9201355585395485,v1_supp_q3,451a6ecc374e004bb9f3d32723f0c9f330dc049bb3380d024c5ada26d6b8201a
3,case_023,4,V1_main,27484,1154212,4.461286566729734,v1_p3_pkg,3ccb55905de1c946ea2d9c548127346d8048942bc246400f14c0cb7b94dfa0a0
3,case_023,5,V1_supp57,21587,523140,5.679992588131746,v1_supp_q3,fb6124327da7803a91007afdf01dfc0c1677df7c58033b044fa3d9c6dccd0266
3,case_024,2,V2,1570935,6819412,1.626638275931213,v2_p3,53b73d9767b765a8aeab2c22a54f1d20a6cb8f05b80f19920a7814d26a3c1c8f
3,case_024,3,V2,1207850,12948176,2.1156128658359896,v2_p3,d43f87e95dcaba8faf9c0aea22ebf55818c6dc230710b5ec155ace275fec97d8
3,case_024,4,V2,748949,562312,3.4119052165100694,v2_p3,7c2af1db242099344e1673415370c54a49eb3ad44598dcb1b78da3e332acf469
3,case_024,5,V2,745110,595484,3.4294842372267182,v2_p3,9a5e47342e0569d0c69fc7ae108cfe1fe2562c629f9054669c79ee964ab7dfde
3,case_025,2,V2,2431840,27648,1.9997310678334101,v2_p3,b3e0dd007ef9537f5adc5616b9e86d8c4e21aebad493c3f4e86170880e788f75
3,case_025,3,V2,1622164,55296,2.9978633479722148,v2_p3,7dd27d82e7c01b0ce0dd9714fcbba694b447adf5c0e056d0d6f19d267071b170
3,case_025,4,V2,1217470,82944,3.9943702924918068,v2_p3,7a11c8882a32d9104e3a0d39b6e6b7035cbb1b376a5b157dadc6a91cd2ba1e39
3,case_025,5,V2,975360,110592,4.985878034776903,v2_p3,05d1f03a7f3b600ef007006322b258fddaedca18268647d7dcdfbff9fd2b3c06
3,case_026,2,V1_main,43819,462588,2.263926607179534,v1_p3,b2bf574209560e75832460f85eb11857f5cdd1cd8621018bda8ea72abe8e6e14
3,case_026,3,V1_main,33749,711220,2.9394352425257044,v1_p3,51cb4f7520b1156e9dd95cb068f2f8ab5fb9eebbc7620150956ffb076649287a
3,case_026,4,V1_main,29540,707968,3.358259986459039,v1_p3,0f45313e58b4c49ed0a201d7cd0d1fac603d60239cbc26e43b7675d1080e3bf6
3,case_026,5,V1_main,24940,639396,3.9776663993584602,v1_p3,725aa76a78cb59ede5fd50e29ba2aa432f8c57dc636d8a426e3b12f4a73416c3
3,case_027,2,V2,1115722,1105920,2.118764351693343,v2_p3,3d9ceb43ba2baea3cb777e8cf7b7202b097cd550d92b2a38d3c5854437934843
3,case_027,3,V2,744658,17143808,3.1745472418210774,v2_p3,158197f64a45ff37d23636bce9c057764d9501dd725b8d065e94af6c97aa6165
3,case_027,4,V2,559196,2211840,4.227412213249022,v2_p3,a1f9710ef174a8237f0b55a235467230e564afab748e5e9615aefa1f62299baa
3,case_027,5,V2,449121,21239808,5.26350805239568,v2_p3,98e3b9bf05a9b9f66bf8e9cda82e5689e9f989227fb9bc58e25fc98bcac23841
3,case_028,2,V2,20100883,104793648,2.180801709059249,v2_p3,e8eab4aa6411d28deda9171433f35bc3d0921591a6e4cced0e84ed70199ab798
3,case_028,3,V2,13409448,58868616,3.2690413505462717,v2_p3,4bde2cbd9645b2f1d6d0a8f8294fa094089fe259c1cb68634c54f86817b186fe
3,case_028,4,V2,10143667,119581920,4.32151804667878,v2_p3,ac8d7c0e48979b47e821320a0f4a480f56a7953eebc0e63bd574e4901ce1095e
3,case_028,5,V2,8240310,124546560,5.319707632358491,v2_p3,be020e46b4ac7bca510385f3580a09c52d4006104bc2408fb2ed8cb45537bf66
3,case_029,2,V1_main,19390,217152,1.9368231046931408,v1_p3_seedPB,23ca67cc12cbf0af98b29ac6e580712aef2506548305916bbe2ef88ff985c607
3,case_029,3,V2,12743,0,2.9471082162756024,v2_p3,1315ee265b909875aa3849e71136df3e0a3d4b3c43fad96a53b1ed184c4e9884
3,case_029,4,V2,9886,16412,3.7988063928788187,v2_p3,42c59de6260275206c2c3ecd92ca3e1c81c7329c254918275acede33c94de834
3,case_029,5,V2,8321,16406,4.5132796538877535,v2_p3,1e95aee1d8539f408a539981a81707ab2bea7718a485ee07e64858916867775b
3,case_030,2,V2,1402710,2588672,2.0018635355846897,v2_p3,5c2a6fde0c5dc901d1e3441ecd4d50516a0c167757216613e34113427323a475
3,case_030,3,V2,941995,2201600,2.9809436355819297,v2_p3,ecbf81411a375e84babe7a3f941b40a4627cc396b42a2b4bfc54c4ae5baf27a6
3,case_030,4,V2,706838,2580480,3.972669833823309,v2_p3,87bddc8f9037f097a1a09db1e4183a7bc62e382eb5668c7fd8ae7cd0b5bc8019
3,case_030,5,V2,564152,2258944,4.977442249606489,v2_p3,1454c306264b4331a51a27b16af2fb9cc14c38037a4c021aba14932ed7502e42
3,case_031,2,V2,698768,3563524,2.024089540448332,v2_p3,7e4fa7dec7526241478837936bd77c37a38609e3e9d68b55aa4715109e27d296
3,case_031,3,V2,472498,4404736,2.993386215391388,v2_p3,b6d7f589405ec86cee23b6d4202efb52fac03b4dce4b6622d5668619f65e43f5
3,case_031,4,V2,355012,3489792,3.9840033576329814,v2_p3,290e2357430c7f64142a664e368d3e5a7c48956637cd2eaab113b9bc1f3cff0a
3,case_031,5,V2,282153,3973632,5.0127732116971995,v2_p3,2cfa0c0dc35d5c95922e9db25d17a3aee93b479c4da1d82d1bbb331c730c6d78
3,case_032,2,V1_main,18703,208980,2.2158477249639095,v1_p3_seedPB,beedcef9cf713271652a5de017f81ce8f33e0cb64fbb79d4cf576f2545aa457f
3,case_032,3,V1_main,12409,180382,3.3397534047868485,v1_p3,b3b8d29dd45e121ad85a7c5b95fdd119e509df6a9cbecfb0942ce8b33d642d30
3,case_032,4,V2,10733,18440,3.8612689835088045,v2_p3,0adca54cf7346c246853943c98d69e45b02249a9981651c9075798c6d1d009c5
3,case_032,5,V2,10733,18440,3.8612689835088045,v2_p3,b5a60e361f17d2139a9260279444f8d6f5473d9c67e6b08469fe5d638791f187
3,case_033,2,V2,883777,5427208,2.0075154705315934,v2_p3,390f9fc36e05cf3ae59fad7727ece918b0a57104d90c22856d95092561513f73
3,case_033,3,V2,602296,4366848,2.9457210408171397,v2_p3,830e404f527bc14d24df75342b41d4491ea14fafd00bd808e73a103143a8bc8a
3,case_033,4,V2,441214,7902720,4.021168865901807,v2_p3,e85acfa1ff014143525cf76ac3c90b732e0fc88e00d2fa9d67cb7b7f03c07e23
3,case_033,5,V2,358218,4704768,4.952838774154286,v2_p3,eee43e25650a120b479a44eb8dbbaa83af08c4787f5a1e539c299ef9476e2faa
3,case_034,2,V2,416143,3935840,2.025736345438948,v2_p3,83069970025bb06b4f55e0d2e3992fe4e4bb45791c21f316d5e9b201f6134494
3,case_034,3,V2,276722,1867264,3.0463642211316775,v2_p3,3cffe21f2ce6ecb375116883ac69e226ac3a3025102a9b6047ece8e8d29a9b42
3,case_034,4,V2,210793,2133504,3.999165057663205,v2_p3,071350d28df781509eed2dee488694d7fe05e2b51f5e33f6288149218217d389
3,case_034,5,V2,162384,3100672,5.191373534338358,v2_p3,2f8968149ce8ff71f22ed6d87dc3c0525df1be89b03bb70063cce4db0845a3a6
3,case_035,2,V2,95406,0,1.7773620107750037,v2_p3,b041f7023ca898dd4b506ce2762bcc0d4b1575b2792ad2f8a98fcfe72056427e
3,case_035,3,V2,87679,633974,1.9339978786254406,v2_p3,f6612a01a58fa7e86163aecebffe6109753e358559472dec91f94e9f520ad23a
3,case_035,4,V2,74175,751752,2.2860936973373778,v2_p3,c1a21a0cb6a3e8e1a3a396e8b36abc402418466a3f0cb45a5b9202f97d535bf1
3,case_035,5,V2,59769,696634,2.8371061921732004,v2_p3,dc1939d99a9f23df60d97ec92dbae43b33fed2c2bc17bbef343d61124e35836d
3,case_036,2,V2,466068,1152,1.998656848356892,v2_p3,41aec2e26816fa6930a5f04a2972a76b2af902757fae069e08c88f7537b236e7
3,case_036,3,V2,311345,2304,2.991890025534375,v2_p3,883ea195b1e48fe09e23143b61883138bb067914c7ac874bf90e4b3ae9a305df
3,case_036,4,V2,233584,3456,3.987901568600589,v2_p3,0fe95a02c723b15a2b2688165af19ed0ceccc7f476540d29b4f39c3d8620d60d
3,case_036,5,V2,187182,4608,4.976493466252097,v2_p3,885484a871cfab918600f2a99c236a04a0669b0b62a3c302b34b7fa971ca4f04
3,case_037,2,V2,105374,204800,1.992910964754114,v2_p3,b53cbb36a64da0696e1ecf3e4d1992d2aa644500368c168082ff621b32ad6d42
3,case_037,3,V2,74038,491520,2.836394824279424,v2_p3,9888f7be62cc14a1d2bceb2ac80403741022de470ec3f8480ef6c195824b0a2f
3,case_037,4,V2,53320,614400,3.938503375843961,v2_p3,05fdec5fde1d5a20878ce6cf6374b128e3f0b217bce134464076d12116c36b2c
3,case_037,5,V2,43013,819200,4.882268151489085,v2_p3,2312bd28bd7aa4321141b5bf23bdbe6923f5d3bc5a1d0e627289b322cd91b39a
3,case_038,2,V2,669890,5136384,2.0369836838883995,v2_p3,9fc6943a3eff88d6cf6e5d84eb35965a897762200edc20b168d445b9f5602d73
3,case_038,3,V2,455607,3649536,2.995026415309686,v2_p3,5561e2c3c128331f914943f77de3f073030efda7d589cadeaa23a581929be536
3,case_038,4,V2,336289,5291520,4.05768550264802,v2_p3,45a7afe2c4ed741b753e27888b9952c50972159454d9f3b7d61940dc0a9cdc54
3,case_038,5,V2,271491,6779904,5.026151879804487,v2_p3,37d9cbbfe367df69ef2c59267221a698d22c70a48f201d16948c0c0e45a01faa
3,case_039,2,V2,710155,13012992,2.021054558511874,v2_p3,59287f5f353373c76aed03b029249cc1a98fb221efc47b4876e0c9ec7c775a06
3,case_039,3,V2,478152,11722752,3.001685656443976,v2_p3,95584a01c074dca5d54a63773c9da9682dd3732f0b57c62b5ab9a66cdc853037
3,case_039,4,V2,363921,15212544,3.9438834252488864,v2_p3,53085b03218115b2ee7678919526b57be0fb003eb799b340620b2b4bcb0ee31d
3,case_039,5,V2,327297,8065024,4.385197542293391,v2_p3,f7405741ab9b6978bb2e1e0ada98598e76ed96351658341dc7c0897a97d0d7a5
3,case_040,2,V2,122362,0,2.071345679214135,v2_p3,fe8e6704bfbecbe5af1f207745bbccbf023b326b5b844b9610c6eb926d83b968
3,case_040,3,V2,110105,0,2.301929975932065,v2_p3,da6784c99c766e6f969dcf2aba2588418423b4420d2bc59ea0a400e2eb1cebc5
3,case_040,4,V2,110105,0,2.301929975932065,v2_p3,58106e32d1d446577a15a28091027a0a729c8ef9213702fbcf7c1cccb4b52325
3,case_040,5,V2,103588,2993818,2.4467505888712977,v2_p3,351af09605700058dff16b9fa5b60bda54c4eb14b2834c6e2b1ff83b0a09615d
3,case_041,2,V2,2985015,16864256,2.0113657720312963,v2_p3,74d863d7cf53f0e6bbd50c8dddea771a075b4d9e02a868b09cdf17c711e740af
3,case_041,3,V2,2002428,18877440,2.998338517040313,v2_p3,656738239df6ce0a2755a845167e6c2a8d35503d8fd09a97ded2f77e7a241269
3,case_041,4,V2,1498849,15799296,4.005711716123505,v2_p3,593baf525494da9f3cc8efa99ae72e58ffdd2a00921367bbbd3be739c31632a0
3,case_041,5,V2,1191814,16562180,5.037662756101204,v2_p3,89a9ed11d09606da6dc18c294ba09aa219625f64f69fa2f6c00d5f0ef122de0a
3,case_042,2,V2,823352,4899840,2.0486256182046074,v2_p3,cd1b409dc788d558951f5715909f9637bc6d02ad5935df9c4a579285dbefb512
3,case_042,3,V2,560553,3895296,3.0090642633256803,v2_p3,227f887a5bc3fa47682dba43873bf17e007686a76dfe23c9f3227f2b2774223e
3,case_042,4,V2,418743,3753984,4.02810315635127,v2_p3,1cfd80570de58846f2a31dee9ba00d520d7589486ca92e38986a0d4ed2a43a82
3,case_042,5,V2,338945,4184064,4.976441605570225,v2_p3,bdd067c44fbcb316a5d2f0e703407fc03abee12759ab81d4b258a948b5699938
3,case_043,2,V2,333725,417800,2.030582066072365,v2_p3,1dc0a5d717f6959b6a500a598fcf8e2dce5ab0d01feb66f1d13c20fa40b7e881
3,case_043,3,V2,271072,92160,2.499911462637233,v2_p3,cbaf8af484dabc4946fafb25a50d719ac90bf2ababed133a6c8e7cf6a1267fc9
3,case_043,4,V2,228946,5880338,2.959894472932482,v2_p3,73339523b00c18f396e08f55b8c9332a285e1a65b9f6d47dfc86e28e55e4f417
3,case_043,5,V2,190982,5513504,3.5482715648595153,v2_p3,0b30ede426efc74442841c7d46bb09beba2ecd1eb08cf168d8ea9ae3b26524b0
3,case_044,2,V2,43294,934240,3.5664757241188156,v2_p3,c44a2144344bcc25892cbc096627c7f0a89719f3e6294b93725ac6796c232462
3,case_044,3,V2,43294,934240,3.5664757241188156,v2_p3,af54870c825e177fc12c75270013710aa6d5b51bf10bd30129b52f3dc08c60f0
3,case_044,4,V1_main,40890,713120,3.7761555392516506,v1_p3,0644a77e025d4c629ba92e791ab0b02937901d7861b9e2ce6f547537d1d54ee2
3,case_044,5,V1_main+pad_from_K4,40890,713120,3.7761555392516506,merged_pad_p3,497720bb3b8a983e5aa97d0266871d7903e54a56552758344f134dd0df941146
3,case_045,2,V2,63059,0,1.99200748505368,v2_p3,5510b88ff3b4f2aa1b95e02638d92e6c0aa9846a3684fa7bc3d58651f03bcaa7
3,case_045,3,V2,42304,0,2.9693173222390317,v2_p3,bf023d6ab58a2a39313483ea74e275fcb3659e6dfbee2d213770f8dc11006443
3,case_045,4,V2,32037,0,3.92090395480226,v2_p3,4b65392c750fe38752de6bd5830afaaed895e09790f5dc785ec0921647d03e06
3,case_045,5,V2,25860,0,4.857463263727765,v2_p3,7544a8ab3fc5a54385d55d69cc9bb5510811c81ccc8dbe3622b90405a225584a
3,case_046,2,V2,107250,930400,2.5776689976689977,v2_p3,5ff706d2aaf74e6427ec0bc8733ad0ec13938960fa6d1885c1ccc26ae52fc4ca
3,case_046,3,V2,80252,1926336,3.444836265762847,v2_p3,8d3971b9499d9cddd476838097be069b46e06a3ff0ff07051bcde8c3e580fb98
3,case_046,4,V1_main,72876,2160416,3.7934985454745047,v1_p3,91672f906e41d7b772e23c52207971d4302143114cfa9968d2a713e17617e6c5
3,case_046,5,V2,59409,2903424,4.653419515561615,v2_p3,f3af45123e2062be3e8dd3dc528971a3c9c90e39ada3bde57c2dfc53dec79622
3,case_047,2,V2,192860,2513638,1.6929793632686922,v2_p3,8416d2e885c63da1f7f844263b859193d788e7a944b9d3b8ff08d7a5dde129d5
3,case_047,3,V2,125303,1305708,2.6057476676536075,v2_p3,74c20419c13734c899943d78a1c422923704b5c1b52e519cdedc7d1e1b738910
3,case_047,4,V2,112411,1740658,2.9045911876951545,v2_p3,0e6cde2377185a3639be5e3d4f4e2a7d29ace14012aeae0319940cb3c2c3723c
3,case_047,5,V2,98269,1966040,3.3225941039391875,v2_p3,fce98538a967b8a8a6c29ebba838e0fba75f073025c5413044bb1a4961143c21
3,case_048,2,V2,135066,953830,1.6452697199887463,v2_p3,03cfd2d3cdeac8055e2188a8d5af7248d23e142ce5e46f83fb66c2a500f359ba
3,case_048,3,V2,111394,744588,1.9949009820995744,v2_p3,8174faa7d79c5b2f405848761b66309a848958727d0449c08675c2bd5db8618a
3,case_048,4,V2,102597,812242,2.1659502714504324,v2_p3,c9d967444f73ddfc20c6e6673241280967a7302d49f548019638d7f8094ed296
3,case_048,5,V2,95866,862612,2.3180272463647174,v2_p3,75cc76cd4a49af9dda2dd6a1f658614b2736003771f25552b814ed5da1cfec77
3,case_049,2,V2,111141,2724434,1.7660089435941733,v2_p3,fa3882e7265bc3878f4be6a15184c907afe18d5238c81c51ec524d364f04fc31
3,case_049,3,V2,78742,596948,2.492646872063194,v2_p3,6d6abf87d20b51abe1144d901209311b601f8b41a7241398d0c34b98a5849b1f
3,case_049,4,V2,64597,753870,3.0384692787590755,v2_p3,4202ab5758619403bbc588e44ce4cb650652edb3dec92c74b8e392feb2d9b914
3,case_049,5,V2,59361,937192,3.3064806859722715,v2_p3,f66ecdf293a28226b28dc639d0e48d08ee975749bf89b1117ebb0d0e761e041f
3,case_050,2,V2,80644,350010,1.856182729031298,v2_p3,a93cf6748ab535b297ce0845a2667c288652ac377818bc4df1f67a3000c876fe
3,case_050,3,V2,59258,489526,2.526072429039117,v2_p3,de9c634e9053cc348e953fd35d7b24e7822b062dfb8c120da382b5dd84ebf743
3,case_050,4,V2,52071,655774,2.874728735764629,v2_p3,43d8b666e5da2ae0014cc68f8a163fd92f491aac3e0b9c10737e3e3f1f805772
3,case_050,5,V2,44101,716072,3.394254098546518,v2_p3,a2ae9ea8c5482df0f6db3362e3f64723575a5f3b8b2c0a53cbb58ed9fb018c76
3,case_051,2,V2,353515,2097960,1.7188181548166273,v2_p3,b1e9c3ef8580d5ade9cb7c7b5e91393deda1976966e22b2e37eb3c169e61ee79
3,case_051,3,V2,275159,3277908,2.2082795765357486,v2_p3,46d8ecd95bb7dcb250b908922b65afb431ace2412f89b30ad6f8e56f8e4cf742
3,case_051,4,V2,183177,558300,3.317163180967043,v2_p3,5d5da1ee80ec4a2e6f607ac1d7d0ab0010b3f4b744a3b071f0fce2d7a06900e0
3,case_051,5,V2,181512,591172,3.347591343822998,v2_p3,20370e952f0a43bb32dddf1285e613fb608e2fb8579de31a8883fc6687583179
3,case_052,2,V2,77796,1802920,2.317612730731657,v2_p3,4e5bd7431230d49547495b1236926b98a6a1f97afb7e239e468acd289fe81c1b
3,case_052,3,V2,56051,1113382,3.2167311912365526,v2_p3,82ad7196c651124b9bd972c01808e7aba80ebea766198279cc827dd3275d912c
3,case_052,4,V2,44292,1112994,4.0707351214666305,v2_p3,e63bb7f31d9efdc3fe498a6a1e4c5fe713333d7b7999be54aa4f7874feb7f4cc
3,case_052,5,V2,37894,324096,4.758035572913918,v2_p3,3afad9fd63016bf81fe774e5a0c3ab5365892ffb835aa2d319bc52ebca94967d
3,case_053,2,V2,704144,10380914,2.091455724965348,v2_p3,96f210ab539c9a91c6bedaea6398912e25855a410972ec5b2506b9a66fc1fbe3
3,case_053,3,V2,521530,14919760,2.823780031829425,v2_p3,d03054cd0640528b3ef96a027c3757ba4d52b287d68d4df96cf25c9667c00c8a
3,case_053,4,V2,422555,10513758,3.4851936434310327,v2_p3,cf1f90d3f2c7f7bc0e790c4b3315cacb11d010cb7f98636a6d0f7ac351cd5ec3
3,case_053,5,V2,339712,11114576,4.335101497739261,v2_p3,6da5af706f903182db8a856fa6c23c541ed63f8aec0a3a4a1283c78db40b5eb9
3,case_054,2,V2,436782,1563950,1.866036146178185,v2_p3,bf3f543e61d9cc02e3ef9cdde247a70329d3b9d4b1e5e478d7a4464c84d768ed
3,case_054,3,V2,328217,2337720,2.483268691140313,v2_p3,f981d82916b17321c4b9cb2923dd3149108ffa723cff5ef44f769b8f3c59d71e
3,case_054,4,V2,265258,3208926,3.072672643237904,v2_p3,09c74e436a309c7324becc5404efca249f2e4c808f3f20b18e13da85248ec58f
3,case_054,5,V2,219559,3843712,3.712218583615338,v2_p3,a2554b8edfbb4af3872c4f5d6fea32c102ac0c16b399a18b7ecc9a75522bbe75
3,case_055,2,V1_main,56299,560964,2.110783495266346,v1_p3_seedPB,9b81e75f69f1cbc252855ba3d65a818fd525228b05bc057e6c79856472fe072f
3,case_055,3,V2,33935,115712,3.5018417562988065,v2_p3,75e7f995e49df32637fef8496710cd4c0edede80dcf839c610a40f21ea7c4ca3
3,case_055,4,V2,30337,74240,3.9171638593137095,v2_p3,154b2700a1daa95a59946463dad8e76a6ba209426bff2eeb85e77410628e860a
3,case_055,5,V2,21601,173568,5.50136567751493,v2_p3,b47c588e2ca04479a05d3d571ea05198f7cfd40f1ee554b93dff61e314cba2ef
3,case_056,2,V2,151954,467142,1.824795661845032,v2_p3,6114f1bd453e8ac6afa41cc51e7db3f1638af3b6b9a6d2fd827e793ed3663d1c
3,case_056,3,V2,117352,865554,2.362848524098439,v2_p3,1be53fef92de79d4c30f90ec2ef6dbd209435b426effbc02fe42b17a006a9a49
3,case_056,4,V2,104696,1151874,2.6484774967525024,v2_p3,e59b3ad4dd51cae2eef4edbd5439c24d4d330ff52eb7bbb21cb0c5420da1e94c
3,case_056,5,V2,82733,1487430,3.3515646718963414,v2_p3,b5b5a2f8c838b0e2e3fb08793d9cec9b60da3a8a296bc3168d46c9d958875eb0
3,case_057,2,V2,29738,4096,2.00840675230345,v2_p3,54a8f4915ac63811c0bd875b172e3c5d675e0fd34d9777b2938cb41f0e362bb4
3,case_057,3,V2,21014,14976,2.842200437803369,v2_p3,222b54a08192d326180b31033bf0fdf88ee244d4481d68a55742250744f9620a
3,case_057,4,V2,16122,38408,3.7046272174668156,v2_p3,e68cd4e26fe7a4feb1e8c7764480f2115af44503609b9d1b950e532d6bc4a4c7
3,case_057,5,V2,14347,0,4.1629608977486585,v2_p3,fa6baf78344b824b7262a0d24bc055e5e1b94ec446046f1cdf28936e3cd29339
3,case_058,2,V2,2215800,35528704,2.0487936636880586,v2_p3,e16933d7bd5186bbf1f0adc0f7b154c006f2acd3027bc6744c84e96d35b125bb
3,case_058,3,V2,1526307,29601792,2.9743144727764466,v2_p3,60a24da0f26dcdbc580913b35778ff43140e116fda8aa04dd38079601ca10344
3,case_058,4,V2,1128564,37285888,4.022560528246515,v2_p3,e1cb2bedda3695892c595e72a16539117929a9d9f789e0dab40cd15eb51e448f
3,case_058,5,V2,948039,30142464,4.788534016005671,v2_p3,1fcaacc68cccffb83c747003148cd4bf4c8b4eee15c50272e2bae8874e4d4f42
3,case_059,2,V2,369318,360448,2.2459587672412393,v2_p3,e802d277e6edfbd9fc7cdd490e3873a8895a73a82be3955762df13af13d38e61
3,case_059,3,V2,246737,11681792,3.3617698196865486,v2_p3,6072069ba357c480f7c67627b629de6cdc52c509fa65a16ff5ad433a5e40fd80
3,case_059,4,V2,185216,1081344,4.478408992743607,v2_p3,668621035e9c190911802ca93da2b02dec052e91cd0e29b5f2c444fe7bcccdab
3,case_059,5,V2,150736,1576960,5.502819498991615,v2_p3,6c696b0d4ae33845a43268cae1529df0d699f3402b6705a042bbc8e4342e2696
3,case_060,2,V2,420984,4605344,2.1112180035345762,v2_p3,800a8edd8ebef117475288f39eb4e28aac7a471aa6ac97f9a9b256a8ffd0a1ce
3,case_060,3,V2,291593,2512916,3.048046420867442,v2_p3,aadef578872b263d429b56fbd835aca79f99af0376324f614f592595ca707f73
3,case_060,4,V2,213832,3293204,4.156482659283924,v2_p3,c5f269af333d69675cc79fbb0827edba96847e61604bc17de24750ac04ebab23
3,case_060,5,V2,172541,2856960,5.1511756625961365,v2_p3,9db56887a1f5c7638be38a4daaaf9b420b8049190d547547964e0b2c0754d47e
3,case_061,2,V2,42926,19200,1.798234170432838,v2_p3,c735c0cd81d218f455921a365759dde2e380bd0df98852b735ac32e99fcfced8
3,case_061,3,V2,29137,33288,2.6492432302570617,v2_p3,b99fa9ccc41ba91e1a254b2146a97330d1f1de06cf2887c2e2502c9d8427d14f
3,case_061,4,V2,23376,48640,3.302147501711157,v2_p3,e427daa8e8d67be46848331dbf97eaee39d5247ed5071b19d78d95780e4dd636
3,case_061,5,V1_main,19809,558608,3.8967640971275683,v1_p3,b245b2ab4f796181fc01d0712dc085623acd01e9792f4acd17285e0b3a7c518b
3,case_062,2,V2,1429109,3393024,1.997614597626913,v2_p3,e8e573839f62be1ed0cd5a19547bca3be96447908d2180221f3a6c2388f6dfed
3,case_062,3,V2,954913,1769472,2.9896011469107657,v2_p3,523d8a4e46b433cf583daa0301cf129b26d7ac6e39edba9df8e7ba823d4ca9f8
3,case_062,4,V1_main,721386,632832,3.9573945155575516,v1_p3_seedPB,a8c1b879bff0da39d2a1d52ee68d3cf50d920b32782304952a5acb3915929428
3,case_062,5,V1_main,576631,823296,4.950842046299973,v1_p3_seedPB,c0ede532ef289a5b939adf9c3eb582a9cc7cecc3bc61469a847745524c5190e6
3,case_063,2,V2,536982,1256448,1.9933573192397511,v2_p3,25647b9dc2cb7a890cfbf9b464a3bde401aa39a6e23ddac85f99b1403bab9ed2
3,case_063,3,V1_main,361679,374784,2.959522117678936,v1_p3_seedPB,297b625d2ab1912e0411b7fdc6a43c7da3b706d036c212108398f7117a326d87
3,case_063,4,V1_main,272272,513024,3.931351736498795,v1_p3_seedPB,d4465f856e77d0282cd86f3ec16e165d3e9040135c9e31169427070eefab25bc
3,case_063,5,V1_main,217915,297984,4.911993208361058,v1_p3_seedPB,3a00b86d632447ceea020981e2c9d532e3c5ad2b90835b19a43e24988965cf82
3,case_064,2,V2,12692,53862,1.5061456035297824,v2_p3,a058948504803bddfeea5ab38323b55f963503b672c316d2925d08b6b8df697e
3,case_064,3,V2,9405,90188,2.032535885167464,v2_p3,a97e92a3ecf267804a47b230316c1e23c8243175f306eea11938e26fa03c2439
3,case_064,4,V2,8053,105618,2.3737737489134485,v2_p3,21feaa5e4f54db11a82ab9ebbdf9c7f2a5a995cd274f7a1c313a8bcd8c2e347d
3,case_064,5,V2,8053,105618,2.3737737489134485,v2_p3,e4f62a7ad1b49d9194cfe0b20214195d48c8a8ed6c0b4b14112c9d1d77557711
3,case_065,2,V1_main,21038,179728,2.522483125772412,v1_p3,ea8d9f8e8c5cea311c577952aaa403bf64271a6b8e02d1bda3ee5aef03af77de
3,case_065,3,V1_main,17071,261244,3.108663815828012,v1_p3,f4658271640374d719ff6e47a0f3d54d8b216274b86c5e872528364d2efbd094
3,case_065,4,V1_main,12944,278724,4.099814585908529,v1_p3,824bc23df46f146fa3c8ec03f0bcc9c08d6bf626318eab9c7ccad2da06f1ee5d
3,case_065,5,V2,10619,55296,4.99745738770129,v2_p3,b930d5adc3aafda77c89bffa5f77466b9579ca97d55ef4ba8afd4e206b5edfa4
3,case_066,2,V2,190363,1043792,1.8862383971675167,v2_p3,f405b8b26c988bae03ad6888a777bcb4357541ea185d042b3c5c43614144b004
3,case_066,3,V2,145326,1644872,2.4707898104950248,v2_p3,785a3d926b5c6ee7f0a7f9f35d4d26207dfaa73f50115f3f1858617a132d881e
3,case_066,4,V2,128818,2096864,2.787421012591408,v2_p3,53b32d854b503a025d20e22ceb662a356b811b4e449a74b4377e1a84b563c9ed
3,case_066,5,V2,101433,2382738,3.5399721983969714,v2_p3,2f8d09d1773abd78487733c0c69ddb6014cdec08ce46a88d4451b0e02025b76e
3,case_067,2,V2,29799770,55370112,2.1421250566699004,v2_p3,572dff175b4f0d36ff6d42d90fffff133bae7b2356f71c51bec268219027eb78
3,case_067,3,V2,19818988,66838272,3.220892711575384,v2_p3,bee0cc34b49146a29e48830fe8d62ad050b473dc4d17b7f80f89ab097a134afc
3,case_067,4,V2,14857451,77440128,4.2964862546072,v2_p3,274b42df5075ca326e2ce1f997c1f3f0f31cdcf0c3ee05c5b809df0b48a916f6
3,case_067,5,V2,11973702,83287552,5.331252940819806,v2_p3,352fb8e271e29a0259132a44f0b08ab982b6d1ae0024c3cd5b60e2564ac40911
3,case_068,2,V2,194144,1319350,1.865084679413219,v2_p3,17cded4cfcbbd0e1732b475b9a94b3db4ee976480fce077b36f388586436aee6
3,case_068,3,V2,157149,2091688,2.304150837739979,v2_p3,d65b6269ac2e3f5c4c8eb127054fc2ff111da24464bf2e3e759421e9a090b0c2
3,case_068,4,V2,124333,2614178,2.91230003297596,v2_p3,51b282bed9586ae9f66e332b85b80c7a95080bade8eddd326d5b712a70d7d054
3,case_068,5,V2,111246,2890272,3.254903547093828,v2_p3,c807cc1dff75ef57492f09a1d4e48538000c649204a8adfd2121045827d8d294
3,case_069,2,V2,14269,202950,1.762141705795781,v2_p3,075009ce32fc2d94b9847b91ea15886095b61772091208663ce03708d4bf1440
3,case_069,3,V2,11415,251912,2.2027157249233467,v2_p3,46ba4e2f552a12d0cda5eb4d2fc03fb7058c1b9293e124636e7c7b8de23189f0
3,case_069,4,V2,10306,341388,2.439743838540656,v2_p3,f2640262dff18d2134ead75794461bc461012db2223e0c73e44e9d5986a95a82
3,case_069,5,V2,9742,370384,2.580989529870663,v2_p3,6426e0b47e9e5ff88a5e0630ca205d7c7c552ce0130873bc494c28c85cc17354
3,case_070,2,V2,57992,330996,2.0226927852117536,v2_p3,e3595b0c20c3d2b7bea96ec6ad373a2b70203cada915a2e826fb801541c9dc18
3,case_070,3,V2,39158,161792,2.9955564635578935,v2_p3,e4c6a93d6e061483a90207d3ab8b147b763e57a53c85dc6614db73cd72b87da7
3,case_070,4,V2,29048,360960,4.038143762049022,v2_p3,92c54cba63d817c984c034b26ef83b7a4680a77a246f7f72b1f77ca8e37bc614
3,case_070,5,V2,25221,269342,4.650886166289997,v2_p3,3b3b44d9853003e1cfb79be4c438f0bcf4fd756bb58abb6c6c1583cd074d529e
3,case_071,2,V1_main,11140,132966,1.698294434470377,v1_p3,c9b87196ff2ad212ccadb0d67f5423ace4563882b6222ff6137931cc55be710d
3,case_071,3,V2,9203,217064,2.055742692600239,v2_p3,0ba95e23f5572dae774f85f7808d44897960c5728fee84fe7dee399fafdc276d
3,case_071,4,V2,8622,214384,2.194270470888425,v2_p3,b4dd973e8e0b1681ea9deb6bea0847bbd7967109cf6aef25947a8088d588172c
3,case_071,5,V2,7294,296752,2.593775706059775,v2_p3,8ac3c110cefd490e03c347badfbf8905c5240123742a24cd21744bc65b205baa
3,case_072,2,V2,11839532,101208112,2.018477419546651,v2_p3,739880acb89b714d59bb06aa971c864f6052c7f83fd5026befd21011387d5df5
3,case_072,3,V2,7924573,97366272,3.015661285472416,v2_p3,68fbbc4bf8cda50e2c2ef5a2bd32c89b36dd3e66f72ee96fdab72a7f9eed16ea
3,case_072,4,V2,5916394,96170032,4.039255668233048,v2_p3,3b8068982c20d7e583f75714204f1792780e638a8d4cc04e951c96f5ff0eee5b
3,case_072,5,V2,4780685,105951280,4.998829247273142,v2_p3,1357c2dd6fc4936943545e85d49f673eeabc94e97459b7dcd27a48533247b7b5
3,case_073,2,V2,4150254,9590656,2.429158793654557,v2_p3,f9d838ebfaac76796a5efe13b0d37de0ff80252665df84a83eebb525515a891d
3,case_073,3,V2,2765882,7631616,3.644994978093787,v2_p3,1ea4f83d57e70881af6f7e1be6b46d0760e23c159b7e047748ab8bd1507fca02
3,case_073,4,V2,2139350,20030592,4.712471545095473,v2_p3,53b16c94a73c1f856f9d133de219acb8ecde69e1ef56ea60cb047f652acdddc1
3,case_073,5,V2,1765506,22057472,5.710332335319166,v2_p3,777d833776d5af786f764a1ad2bb3fad2aafd68ec345a4e888f7d8fde23725d4
3,case_074,2,V2,804801,14872384,2.0902546095245906,v2_p3,64dc846f19ee265ee362ba0a2fd1e17ba7dd04b01902afceb40c7650a2283877
3,case_074,3,V2,543011,4317192,3.097983282106624,v2_p3,455eba697e73b91dcba9abe2e1387d77f1e7f4eb3d51c35119a085c17817a552
3,case_074,4,V2,411829,7323648,4.084799759123325,v2_p3,364bf615789363ac9c9b7bb5c6a8a16269feecacff687c4f1ccc7e5311288a93
3,case_074,5,V2,330137,5230592,5.095578502258153,v2_p3,4b9b21b05177c9540a18e70817e9e47c7abce49c0881ac45c3c6aca441e15225
3,case_075,2,V2,741076,8101734,1.9455615888248978,v2_p3,76d7b9a8e0b570feb681f8e9d6268c04ca0f7a0a4d907791815212ee8294e859
3,case_075,3,V2,574770,13848140,2.5084973119682656,v2_p3,f8d461e5fbbcd2ecff797d0313ee7082396195767373765976eb7bd2772671d3
3,case_075,4,V2,435900,11645008,3.307660013764625,v2_p3,f12ae0a6e0b5172a7f08222c1920c038503d9373bdc468baa0e784c1082d9bac
3,case_075,5,V2,380456,12093336,3.789686586622369,v2_p3,06fe2f2f71fe90401976d250ea06b70de2832c899ece8620d105d791ebaec56d
3,case_076,2,V2,3086197,22683648,2.004121253439103,v2_p3,dafdc5f602ffba740021e32cd31ffe0071dfcc56f14ecb99526ab472ea3711ee
3,case_076,3,V2,2056815,19871744,3.007131414346939,v2_p3,1d97414d503a9ccb38949f8c8441a3a20deea43dc13ec0c77593afca24ff4122
3,case_076,4,V2,1551218,17539072,3.9872622674569276,v2_p3,74cd495a25cb7664b446ea8a605a04b11235cbc48a9f68bd20aaec096ce0068b
3,case_076,5,V2,1245249,19416068,4.966968855224939,v2_p3,6a18d100823cbb1bf26ea94dd1f19a94a327af471bd551216829f266a5a769e8
3,case_077,2,V2,239218,90112,2.070579973078949,v2_p3,2602728c5bd306d5223b8f146c12f7597f3d03ff1de2221ec03ff8bd77601b21
3,case_077,3,V2,165380,57344,2.99504172209457,v2_p3,e4aa49163aa34ad2863c5a6e9dfbe68fd518c0396e4b8557bffaae0d0a00ecbc
3,case_077,4,V2,123194,237568,4.020650356348524,v2_p3,bbd561ddccb24880135d91fd4fcb3a1e97c4c11ed94a6d2a73b067946055b28b
3,case_077,5,V2,115927,172032,4.27268884729183,v2_p3,c6bf6d4f44a367cc9169fb9062eaa8c1ec2c9d9207af34c372723c7b4b0798e0
3,case_078,2,V2,1028018,3052080,2.233563030997512,v2_p3,daad0293c9d11516676fd0abfd1295ba01df8ef8b284f9fda43dab42bd5967ce
3,case_078,3,V2,691202,9063168,3.321956533690585,v2_p3,d586c28f6997398203cfb39810e8217b2a0cc62f51abc5e9b30688032b0fe64a
3,case_078,4,V2,519179,7688688,4.422642287149519,v2_p3,69ef648a146ca278c899b918d25cbc256c4e0b9917aec577fbc746aa87434004
3,case_078,5,V1_main,443896,10563072,5.172704867806874,v1_p3,c9f2c984979c5ed98f1e6547d62851b10ed72edfe85bb8bb7898c1f8ef1dbfce
3,case_079,2,V2,15082088,35573760,2.0588827621215313,v2_p3,04bc20d743f0307d8864965cb54a622e2924c8b7889e0c2d797f9f58ec5d74db
3,case_079,3,V2,9965989,40499200,3.1158223233037887,v2_p3,af312603f3f5211334b02e344f5efdbda1a7951d5efdd342aad47dd06914afd8
3,case_079,4,V2,7433605,42975232,4.177280202539683,v2_p3,e27513b8d5e31a56b7386a7b2bf914dfa7ce40cf8aa17c6eb99d758f4ed5a6e1
3,case_079,5,V2,6039741,45471744,5.141321622897406,v2_p3,32d34d599b78e11180e733b7ec494078e3edeba44e42a1eb60b9da078675ca47
3,case_080,2,V2,145371,2412544,2.009603015732161,v2_p3,85889825765e961e13a7dfd448ceb4afceff0d81ba642063d3aec8c93e5417c0
3,case_080,3,V2,101509,786432,2.8779517087154836,v2_p3,53fecaccd3210eba3cb47197d88f433011f4c1354238ef6ad26de2cc7e33fdab
3,case_080,4,V1_main,87737,2990080,3.329701266284464,v1_p3,bfc1e64475d18b870ad7e1e9eed075b9a777a70699a1228603df023e516a57cb
3,case_080,5,V2,82233,2031616,3.5525640557926867,v2_p3,6d764569d9204dc39dc7f032e77c08fab4e7ff5f55aeb73f69bd157fc087e87f
3,case_081,2,V1_main,76282,671744,1.9899189848194856,v1_p3_seedPB,cfdecb4c42bb03434952daa29a85001785768f2509f4c017192cf3301a9171f8
3,case_081,3,V2,51943,0,2.9223379473653814,v2_p3,63527244051def2bd3beeb74dca8277e97f2e7a821122eff60e6c2be2bf858ae
3,case_081,4,V2,38736,127108,3.9187061131763734,v2_p3,44838104c59525c32ff2fd7f700fcacb4f6c4f8dc8f6fa1b731cb231a93561e9
3,case_081,5,V2,30943,0,4.905632937982743,v2_p3,c4252e6d416613de97b5b2b27b9738e9bd694609959587713d96eea92627955f
3,case_082,2,V2,382250,3975878,1.8863073904512753,v2_p3,eba7bbdd8999308155f757d987ae2cce741a00d9b118f22e561a77504ec6cecc
3,case_082,3,V2,276784,1569740,2.6050674894502572,v2_p3,3f301553572ed4e280fd2b536685a064040427755c1e754b09a90b580cb5f5de
3,case_082,4,V2,227745,2371218,3.1660014489890007,v2_p3,7214125d0ae3a50b008a4c5579a90b7411a41f51d6b82cdb26529a6c1fc73c98
3,case_082,5,V2,199532,2855960,3.613660966661989,v2_p3,caca5a627b6de4812970484e081032bf657ef16acf87b1c7b4ddfcf416924215
3,case_083,2,V2,417497,8084064,2.5341331794000914,v2_p3,8760663382aab9f8c3b4ef7613edeba4da6432ad35d2c3b3a6a69dbcae86aeb3
3,case_083,3,V2,307778,10434752,3.437519900707653,v2_p3,8fb07444532f8bd2418f9a89c6aeeaa1d9b45da598a45ddf9dd175920927c6c7
3,case_083,4,V1_main,225615,5095200,4.689373490237794,v1_p3,8e3184e4f25de28c3c97e7a79b179ead9dc6d64d03fa699f72e18bfa20346ac9
3,case_083,5,V1_main,185964,5982592,5.6892355509668535,v1_p3,e2f973a11c6bf90d204756c15361de2d9ccac121e293c68d41d674b603ed3726
3,case_084,2,V2,686504,9427968,3.652436111078741,v2_p3,bfdd0ad227a761f9c2241fe5f5d4d559d8dbe2e8d33a5014b65294093593c46d
3,case_084,3,V2,459944,8985600,5.451559320265075,v2_p3,2e4a175a402fe871f70c52ce5d6e230cc006abb3537d00daf2c0722d4f0ff3d5
3,case_084,4,V2,383977,8948736,6.530109876372803,v2_p3,a077f44866107ebd4764290c1f6ed8daf724c3e701367c08f0c904458dece25d
3,case_084,5,V2,381521,9206784,6.57214674945809,v2_p3,fe147c2b2a1d98ade25300047ea10ab8c762cf53693e5f056252fda8aec0e5f7
3,case_085,2,V2,1623338,22091822,1.9637925065513158,v2_p3,2f44bc184d0e2915e1bc0d9422cce5ba32777106e6db65b6f1e5ff32fb300a7f
3,case_085,3,V2,1216102,34526746,2.621407579298447,v2_p3,8cc9070bd4302f9d6b2ae8fdf87653a0c3be6238945483c3cf1072a389d06a4a
3,case_085,4,V2,981848,8938546,3.246835559068206,v2_p3,afb15effc8844d477aa63fd4ccdf825a557efee48f003b864756ad7c48929835
3,case_085,5,V2,826216,10661528,3.8584329037442995,v2_p3,80f5765d39b5bcb37762a47fa6ac56e5444605690359982a187e4baa420011c4
3,case_086,2,V2,64839,594822,1.8261077437961721,v2_p3,e473024baeae742d17807947ef9bc5bd16a40970cde9b3aa225cfd2454d319ec
3,case_086,3,V2,52464,1026636,2.2568427874351937,v2_p3,77d3083ca023b48c1ef76f803283913dd0017cd6118d5fbaca5b1c5f00f4dca8
3,case_086,4,V2,46431,1425426,2.550085072473132,v2_p3,aca241811aa37ebd2425ea5bf951cdf5620ee4249db7837839cb95dbc999306d
3,case_086,5,V2,39819,1686582,2.973530224264798,v2_p3,0a90d188c56607d8598a8623fb350664d4e001ca867fa2a96bc8a743e420cfd1
3,case_087,2,V2,1980452,7985664,2.0066484822656645,v2_p3,fcd84f5213c2238eda61dc68dc6f80ec62a011a26dc6536fabc230dd8deeb81e
3,case_087,3,V2,1319807,7815168,3.0111001078187947,v2_p3,888d5faa838c63c37a12e4ae55469cf5aaf2d2e9647a632688f5a1e9d6f40124
3,case_087,4,V2,1002417,7787520,3.9644888304966894,v2_p3,8893c97f5c847398b35fcff26c7e7affc3d1c1cec0476057f160362cb731f33f
3,case_087,5,V2,803557,9510916,4.945599378762179,v2_p3,653950225c826cc927f4c90b8cab712c1be7e869562a86bd552e227c416cbfed
3,case_088,2,V2,134246,2465742,1.8147505326043234,v2_p3,a6796f7e61bad759ce03346117978d705b1aa76ceb9fae7291ef531f888ab000
3,case_088,3,V2,104873,1496336,2.3230288062704414,v2_p3,156c6f17539cf6c6109081366f01c19891c8784100c1f590abc96ac98d8299dd
3,case_088,4,V2,85897,1733594,2.8362224524721467,v2_p3,7cd57f8fc906c2835b0ce75cb08926ea66d64ff2344b91881c192f08a6176910
3,case_088,5,V2,77611,2077376,3.139026684361753,v2_p3,c58fe9a9dd257be690b44063ef9d3e7c83be1b571403e41a5b869f051c9f1c3c
3,case_089,2,V2,303577,3890304,2.283084686916334,v2_p3,1205c81ee58d4cb278e082f40030a0b82211906fe6a620fd3f6db189ce85911d
3,case_089,3,V2,218760,5136640,3.168275735966356,v2_p3,3a1716486e3892532d3715d6cf1abf0314be4b752955a612d39fefc5d5976350
3,case_089,4,V2,165384,2104704,4.190804430900208,v2_p3,ac265398500c38b5e1dd3b1727777d33f6489b8dcfe43711fc472ec463b2448d
3,case_089,5,V2,135556,954880,5.1129570066983385,v2_p3,a420a3f331a4f2e2b8927b21f9be3407a041adc5d30a5ce91f7f789fd8e41e1c
3,case_090,2,V2,424692,3637440,2.774629613931979,v2_p3,1d424b0a138d3ad9467299d16894974a4783f334cfbf29080c7807ab297b1575
3,case_090,3,V2,312247,6094464,3.773816882147787,v2_p3,7928239324f4944e085df931adc8e80a2cc0b9cb1c77c744460d94a6457bb7fb
3,case_090,4,V1_main,269612,10148832,4.370588104387045,v1_p3,9ae7d53b1b3cdf916cf91559e90a168f246d0a160c77a06d1090ae743edc8e6b
3,case_090,5,V1_main,232384,8078496,5.070757883503167,v1_p3,7db0979b476bec72a60bf428e5bc9e5df3dd6c84715226936abc99ff4cc80cf2
3,case_091,2,V2,4576301,38449120,2.0074660735821355,v2_p3,4c821ef0245ed39716f7a75d2a190a2b9a95d5931ce3cffe06ba3ea71dfe550d
3,case_091,3,V2,3064508,37326304,2.9977957309949916,v2_p3,9f07d9df5598c16a558efd2b3b9d5391b7a9b071d1ce6680615bad172c088437
3,case_091,4,V2,2302433,42209248,3.9900266370400357,v2_p3,2e750b41775a1fe5967f3757d218491b0b481f39a81b989d4195d7ec1e627e3c
3,case_091,5,V2,1857020,39116928,4.947049035551583,v2_p3,cd88d69bf39ded51f406d3bf1f4117d485fc6a0fee0849f05a3a74289ed399d3
3,case_092,2,V2,2046992,14648928,2.3525025989354136,v2_p3,934c5c7d1e84be67ec07db4a933294c8ed26d32d7b3bcfe24c1aabfe35383415
3,case_092,3,V2,1417624,19119168,3.3969190702189014,v2_p3,e2037c42c72082051fe4ea8ff11fc8f14dc1b03a8a2c77df55fe24739ddfe8d1
3,case_092,4,V2,1102259,38004512,4.3688044279974125,v2_p3,df234c7f6792473bfa7cac5a0be5120094be865dc1538214a15106fe57abaeed
3,case_092,5,V2,964933,21855424,4.990557893656865,v2_p3,b853b862ffaa02a4bad17aaa46aae2f6e77bfc7c5bc90a418f467630d68bb8f3
3,case_093,2,V2,37827,8192,1.9616940280751844,v2_p3,c1d492de831446fe9c860eed8f68f70b8f6ce64cfbafc94c843687487e4c3b2b
3,case_093,3,V2,25103,16384,2.956021192686133,v2_p3,24dd5dbbe8b3ca54af3997aa0b8e858c1a415ec5ec6c9230e4412987046e67bf
3,case_093,4,V2,19743,57344,3.7585473332320314,v2_p3,28adaaa4dbb17df731eebabc47e0e953f0bf2c459e8a540d3e22337faba63bfc
3,case_093,5,V2,15876,32768,4.674036281179139,v2_p3,5442205be313c4f7cc97506081f53eddb936354749c96285f0c28291e7a4783b
3,case_094,2,V1_main,41209,314596,2.3027008663156106,v1_p3,7c2d8a3ed1624d3dec7e5d03904b4e325ac2cb3a4acd2e6fffd510660658b395
3,case_094,3,V1_main,29862,584748,3.177684013127051,v1_p3,ab551388e3fb72dfaaaec80138f7eb8cd5c943ec2e4b0416a8d58ad731e382e4
3,case_094,4,V1_main,24710,495908,3.8402266288951843,v1_p3_seedPB,8d901aeeac972ae88211955fa3b231d9bc0af13ff7dab6ed5e1029ba898040d0
3,case_094,5,V2,18369,251392,5.165877293265829,v2_p3,1e56666d3c04c955433bd375bb0a44b01fdc6c71898f535649c7be761577ed05
3,case_095,2,V2,573788,16588800,3.633490069503022,v2_p3,ae77370d6db3553bf6e5f9252047e0781d850de462ee5f71243a6464b3844ec6
3,case_095,3,V2,474232,16441344,4.396272288668837,v2_p3,e69ebf9e5f5389cf8c31d649815ec1ee3aef50863ceccf624fa03da5b4fa56ff
3,case_095,4,V2,410945,12791808,5.0733139471218776,v2_p3,08344e2fe645ca76830b2be873993ac7007271da119265a54298e29b204789c6
3,case_095,5,V1_main,406932,3280896,5.123344932322845,v1_p3_seedPB,e4d34cb2be72b9de5a62d3faa035986c557274fa0545cd2deb0f84db7741f6e2
3,case_096,2,V2,31700,627264,2.65596214511041,v2_p3,7da653a3c915612dc769f2a706020122f61531638647edaf32ec8662ee7ae62e
3,case_096,3,V2,24201,847664,3.478947150944176,v2_p3,fbb114bbbbcd0d9d4d19bab6d28beb818d5746fec2abe6d640c68753f5f44e25
3,case_096,4,V2,21977,707224,3.831005141739091,v2_p3,bf59a85b006d11bf3e6e10936fd6302fe654e75756ed446bc38ead72e6b8920b
3,case_096,5,V1_main,18485,704384,4.5547200432783335,v1_p3,40fd55df4c22f73e908bf5ba20fa07a6644bdc9c9485932ffe7da80526f213d9
3,case_097,2,V2,5152906,2555904,2.2301025867733664,v2_p3,aa0e1479ddb23d33b3cb67e467d7e800fa1e08d687816a96468a7e628e4b0606
3,case_097,3,V2,3437689,70254592,3.342800643106459,v2_p3,fe6fd43027e3b490c36fb46de8c138d11290169418845176586e3bd9fbacecd4
3,case_097,4,V2,2577788,7667712,4.4578952962772735,v2_p3,8f2a1dc1308ef5c309dfb2e612b531af040d70a98161548d4294862a92194026
3,case_097,5,V2,2064506,93175808,5.5662269811761265,v2_p3,8cad81919a6a6d206d61ac8a2c6e45052483aab9c552d63c2f47c3dfb5f06946
3,case_098,2,V2,89620,0,1.9798036152644498,v2_p3,2cbfad8992bbb17e2c15a2928b5105990b40c2e635bcd286cc6825ffc1d60e62
3,case_098,3,V1_main,69596,816488,2.549428128053336,v1_p3,c56e35bfd4fe6060ded22ad8856f3a905bc0975b45095d18c619624414abd1db
3,case_098,4,V1_main,61140,1661892,2.902028132155708,v1_p3,44b798fe7a415133602476780bb968e40a9055846d899dda44bbf8f0fa69dffd
3,case_098,5,V1_main,46078,1508376,3.850644559225661,v1_p3,b779b5d7a4e5816e4d916cbffa65a5cece61b7db43fba67530f8d71b2b8af118
3,case_099,2,V2,807949,4911104,2.00878892108289,v2_p3,5b00f9c2215dbe7668cd8190cfe6dd76f566bbb3322b45a5f07e299c36fb89d8
3,case_099,3,V2,542514,4882432,2.991626022554257,v2_p3,9c009f15c6588d5eeddff9ad28f09c573e89206ea0e2c33290af9cbe81afb385
3,case_099,4,V2,405760,4616192,3.9998989550473185,v2_p3,fc2ca16d802b2cb510d9cfb5edd481e3f7142dc545612b36edac9c17bc26becc
3,case_099,5,V2,331201,4718592,4.900344503790749,v2_p3,7c17ce4ab22cdbfda41bf4d90bd461de4c32e97273e901aa19dc1a27053953c1
3,case_100,2,V1_main,64426,815518,2.347235588116599,v1_p3,97754a740672092132b53e4bd628874d26677dd5205977d970fc3ae427f8186b
3,case_100,3,V1_main,44251,696414,3.4173916973627714,v1_p3,d5e5ae65d81c5b984c5688c790ca05ade9513bb7bd001e94eadb4b230949ed6c
3,case_100,4,V2,42865,1598138,3.527889886854077,v2_p3,ae13f39a922d186f4c1ea977675cc4a77bd2f0637d422280ac15bba5e239702f
3,case_100,5,V2,38903,1591490,3.8871809372027863,v2_p3,9c2212ccd7cd4b69502211f27f41b82ac5f0a43fd6dbd4c61a9dbdb2dc9a4465
